frame_idx,seq,sample_id,weather,num_fg_patches,num_bg_patches,camera_mean,lidar_mean,radar_mean,dominant,dominant_value,dominance_margin,entropy_mean,balance_score_mean,fg_gate_mean,bg_gate_mean,fg_gate_delta
0,1,00182,normal,36,18,,0.999072,0.000928,L,0.999072,0.998144,0.009937,0.001856,0.200273,0.071868,0.128405
1,1,00539,normal,36,18,,0.998851,0.001149,L,0.998851,0.997703,0.012024,0.002297,0.251415,0.063589,0.187826
2,3,00285,normal,36,18,,0.999243,0.000757,L,0.999243,0.998486,0.008290,0.001514,0.158732,0.067355,0.091377
3,5,00300,normal,36,18,,0.999007,0.000993,L,0.999007,0.998015,0.010295,0.001985,0.179759,0.063498,0.116261
4,7,00272,normal,36,18,,0.999021,0.000979,L,0.999021,0.998041,0.010482,0.001959,0.167197,0.064539,0.102657
5,8,00481,normal,36,18,,0.997875,0.002125,L,0.997875,0.995749,0.021086,0.004251,0.176394,0.079181,0.097213
6,9,00347,normal,36,18,,0.998980,0.001020,L,0.998980,0.997960,0.010821,0.002040,0.205333,0.072577,0.132756
7,9,00742,normal,36,18,,0.999292,0.000708,L,0.999292,0.998585,0.007834,0.001415,0.233983,0.078588,0.155394
8,10,00381,normal,36,18,,0.998960,0.001040,L,0.998960,0.997919,0.010806,0.002081,0.219662,0.061510,0.158152
9,10,00569,normal,36,18,,0.998867,0.001133,L,0.998867,0.997733,0.012028,0.002267,0.134121,0.058573,0.075547
10,10,01146,normal,36,18,,0.998862,0.001138,L,0.998862,0.997725,0.011977,0.002275,0.161573,0.067451,0.094122
11,11,00508,normal,36,18,,0.999472,0.000528,L,0.999472,0.998945,0.006104,0.001055,0.233490,0.077998,0.155491
12,11,01128,normal,35,18,,0.999773,0.000227,L,0.999773,0.999546,0.002881,0.000454,0.189689,0.073086,0.116603
13,12,00413,normal,36,18,,0.998663,0.001337,L,0.998663,0.997326,0.013906,0.002674,0.205960,0.055669,0.150291
14,12,00822,normal,36,18,,0.999006,0.000994,L,0.999006,0.998011,0.010637,0.001989,0.206080,0.076265,0.129814
15,15,00208,normal,36,18,,0.999690,0.000310,L,0.999690,0.999380,0.003752,0.000620,0.095215,0.079829,0.015386
16,15,00561,normal,36,18,,0.998238,0.001762,L,0.998238,0.996475,0.017707,0.003525,0.234519,0.086067,0.148452
17,16,00302,normal,36,18,,0.998518,0.001482,L,0.998518,0.997035,0.014933,0.002965,0.233204,0.070981,0.162223
18,17,00200,normal,36,18,,0.999009,0.000991,L,0.999009,0.998018,0.010646,0.001982,0.220191,0.064764,0.155427
19,18,00190,normal,36,18,,0.998786,0.001214,L,0.998786,0.997572,0.012858,0.002428,0.200410,0.061941,0.138469
20,18,00525,normal,36,18,,0.998535,0.001465,L,0.998535,0.997071,0.015016,0.002929,0.242688,0.068517,0.174171
21,19,00289,normal,36,18,,0.997857,0.002143,L,0.997857,0.995713,0.021040,0.004287,0.141403,0.068392,0.073011
22,19,00628,normal,36,18,,0.997838,0.002162,L,0.997838,0.995676,0.020780,0.004324,0.243180,0.076245,0.166935
23,20,00628,normal,28,18,,0.999063,0.000937,L,0.999063,0.998125,0.010134,0.001875,0.275349,0.071733,0.203616
24,13,00096,overcast,36,18,,0.998858,0.001142,L,0.998858,0.997716,0.011870,0.002284,0.186416,0.081052,0.105365
25,13,00113,overcast,36,18,,0.998938,0.001062,L,0.998938,0.997875,0.011137,0.002125,0.190814,0.069913,0.120901
26,13,00129,overcast,36,18,,0.998525,0.001475,L,0.998525,0.997049,0.015250,0.002951,0.150322,0.063727,0.086596
27,13,00146,overcast,36,18,,0.999260,0.000740,L,0.999260,0.998521,0.008024,0.001479,0.311774,0.062928,0.248846
28,13,00250,overcast,16,18,,0.999665,0.000335,L,0.999665,0.999330,0.004121,0.000670,0.065201,0.054558,0.010644
29,22,00152,overcast,36,18,,0.999046,0.000954,L,0.999046,0.998093,0.010098,0.001907,0.230409,0.067595,0.162814
30,22,00169,overcast,36,18,,0.999260,0.000740,L,0.999260,0.998521,0.008185,0.001479,0.176124,0.059543,0.116582
31,22,00185,overcast,36,18,,0.998696,0.001304,L,0.998696,0.997392,0.013494,0.002608,0.204610,0.059196,0.145414
32,22,00202,overcast,36,18,,0.998878,0.001122,L,0.998878,0.997757,0.011740,0.002243,0.176832,0.059942,0.116890
33,22,00218,overcast,36,18,,0.999323,0.000677,L,0.999323,0.998646,0.007556,0.001354,0.152252,0.065281,0.086970
34,22,00235,overcast,36,18,,0.998989,0.001011,L,0.998989,0.997977,0.010644,0.002023,0.238506,0.064084,0.174421
35,22,00252,overcast,36,18,,0.999182,0.000818,L,0.999182,0.998363,0.009261,0.001637,0.131657,0.070368,0.061290
36,22,00268,overcast,36,18,,0.999190,0.000810,L,0.999190,0.998379,0.008786,0.001621,0.173652,0.059439,0.114213
37,22,00285,overcast,36,18,,0.999230,0.000770,L,0.999230,0.998460,0.008532,0.001540,0.214457,0.051954,0.162503
38,22,00451,overcast,36,18,,0.998531,0.001469,L,0.998531,0.997063,0.015110,0.002937,0.166386,0.078379,0.088007
39,22,00467,overcast,36,18,,0.998475,0.001525,L,0.998475,0.996950,0.015674,0.003050,0.165896,0.071329,0.094567
40,22,00484,overcast,36,18,,0.999218,0.000782,L,0.999218,0.998437,0.008651,0.001563,0.195272,0.065764,0.129508
41,22,00500,overcast,36,18,,0.998789,0.001211,L,0.998789,0.997579,0.012566,0.002421,0.206677,0.048665,0.158013
42,22,00517,overcast,36,18,,0.998696,0.001304,L,0.998696,0.997392,0.013295,0.002608,0.158337,0.060914,0.097423
43,22,00534,overcast,36,18,,0.999033,0.000967,L,0.999033,0.998066,0.010183,0.001934,0.225822,0.061676,0.164146
44,22,00550,overcast,36,18,,0.999038,0.000962,L,0.999038,0.998076,0.009852,0.001924,0.179033,0.054273,0.124760
45,22,00567,overcast,36,18,,0.999556,0.000444,L,0.999556,0.999113,0.005017,0.000887,0.185786,0.053188,0.132598
46,22,00583,overcast,36,18,,0.999103,0.000897,L,0.999103,0.998206,0.009464,0.001794,0.186140,0.066344,0.119796
47,22,00600,overcast,36,18,,0.999036,0.000964,L,0.999036,0.998072,0.010079,0.001928,0.248380,0.063782,0.184599
48,38,00158,fog,33,18,,0.999265,0.000735,L,0.999265,0.998531,0.008205,0.001469,0.260927,0.058291,0.202636
49,38,00204,fog,35,18,,0.998461,0.001539,L,0.998461,0.996921,0.014974,0.003079,0.242560,0.054313,0.188248
50,38,00249,fog,30,18,,0.998557,0.001443,L,0.998557,0.997115,0.014027,0.002885,0.252951,0.057014,0.195937
51,38,00295,fog,20,18,,0.999073,0.000927,L,0.999073,0.998146,0.009285,0.001854,0.296115,0.057317,0.238797
52,39,00174,fog,36,18,,0.998756,0.001244,L,0.998756,0.997512,0.012417,0.002488,0.176123,0.058830,0.117292
53,39,00220,fog,34,18,,0.999635,0.000365,L,0.999635,0.999269,0.004423,0.000731,0.165175,0.066215,0.098960
54,39,00265,fog,33,18,,0.999426,0.000574,L,0.999426,0.998852,0.006550,0.001148,0.237756,0.047038,0.190718
55,39,00491,fog,28,18,,0.999477,0.000523,L,0.999477,0.998953,0.005896,0.001047,0.215921,0.047237,0.168684
56,39,00537,fog,32,18,,0.998845,0.001155,L,0.998845,0.997690,0.011817,0.002310,0.292060,0.053188,0.238872
57,39,00582,fog,36,18,,0.998529,0.001471,L,0.998529,0.997058,0.014219,0.002942,0.239443,0.049892,0.189551
58,40,00476,fog,36,18,,0.999110,0.000890,L,0.999110,0.998221,0.009679,0.001779,0.262274,0.053876,0.208398
59,40,00521,fog,36,18,,0.998439,0.001561,L,0.998439,0.996879,0.015057,0.003121,0.208501,0.061405,0.147097
60,40,00567,fog,35,18,,0.998095,0.001905,L,0.998095,0.996191,0.018439,0.003809,0.259406,0.062744,0.196662
61,41,00192,fog,36,18,,0.999320,0.000680,L,0.999320,0.998640,0.007745,0.001360,0.179535,0.053718,0.125818
62,41,00238,fog,36,18,,0.999217,0.000783,L,0.999217,0.998434,0.008389,0.001566,0.209827,0.054555,0.155272
63,44,00250,fog,35,18,,0.999294,0.000706,L,0.999294,0.998588,0.007947,0.001412,0.173009,0.055647,0.117361
64,44,00583,fog,32,18,,0.998475,0.001525,L,0.998475,0.996950,0.015036,0.003050,0.275418,0.050180,0.225238
65,45,00192,fog,36,18,,0.999239,0.000761,L,0.999239,0.998478,0.008232,0.001522,0.253738,0.050416,0.203321
66,45,00237,fog,36,18,,0.999278,0.000722,L,0.999278,0.998557,0.007995,0.001443,0.236313,0.049351,0.186962
67,45,00283,fog,36,18,,0.999126,0.000874,L,0.999126,0.998251,0.009241,0.001749,0.299315,0.044611,0.254704
68,45,00476,fog,21,18,,0.998941,0.001059,L,0.998941,0.997882,0.011167,0.002118,0.335193,0.047683,0.287510
69,45,00522,fog,21,18,,0.998753,0.001247,L,0.998753,0.997507,0.012461,0.002493,0.349593,0.065166,0.284427
70,45,00567,fog,21,18,,0.999066,0.000934,L,0.999066,0.998131,0.009815,0.001869,0.340669,0.054989,0.285680
71,45,00613,fog,21,18,,0.999156,0.000844,L,0.999156,0.998312,0.009079,0.001688,0.343162,0.058432,0.284729
72,21,00197,rain,21,18,,0.998170,0.001830,L,0.998170,0.996339,0.017663,0.003661,0.146726,0.070556,0.076170
73,21,00256,rain,36,18,,0.999013,0.000987,L,0.999013,0.998026,0.010448,0.001974,0.158829,0.066532,0.092296
74,21,00462,rain,36,18,,0.998763,0.001237,L,0.998763,0.997527,0.012475,0.002473,0.161230,0.062599,0.098631
75,21,00520,rain,36,18,,0.998668,0.001332,L,0.998668,0.997335,0.013488,0.002665,0.156748,0.057716,0.099032
76,21,00577,rain,36,18,,0.998638,0.001362,L,0.998638,0.997276,0.013610,0.002724,0.169477,0.054951,0.114526
77,23,00184,rain,36,18,,0.998953,0.001047,L,0.998953,0.997906,0.011179,0.002094,0.208152,0.053899,0.154252
78,23,00241,rain,36,18,,0.998885,0.001115,L,0.998885,0.997770,0.011848,0.002230,0.194678,0.067747,0.126931
79,23,00299,rain,36,18,,0.998923,0.001077,L,0.998923,0.997845,0.011307,0.002155,0.172273,0.064582,0.107691
80,23,00505,rain,36,18,,0.999230,0.000770,L,0.999230,0.998460,0.008130,0.001540,0.224649,0.072856,0.151793
81,23,00562,rain,36,18,,0.999066,0.000934,L,0.999066,0.998132,0.010101,0.001868,0.209224,0.066466,0.142758
82,24,00171,rain,36,18,,0.999479,0.000521,L,0.999479,0.998959,0.005974,0.001041,0.225126,0.056591,0.168535
83,24,00228,rain,36,18,,0.998890,0.001110,L,0.998890,0.997781,0.011504,0.002219,0.212265,0.065224,0.147041
84,24,00286,rain,36,18,,0.998931,0.001069,L,0.998931,0.997863,0.011506,0.002137,0.173940,0.052089,0.121852
85,24,00492,rain,36,18,,0.998886,0.001114,L,0.998886,0.997771,0.011400,0.002229,0.235791,0.062194,0.173597
86,24,00549,rain,36,18,,0.999160,0.000840,L,0.999160,0.998321,0.009166,0.001679,0.223684,0.057119,0.166565
87,25,00154,rain,36,18,,0.998096,0.001904,L,0.998096,0.996192,0.017806,0.003808,0.275699,0.053625,0.222074
88,25,00211,rain,36,18,,0.997307,0.002693,L,0.997307,0.994615,0.024646,0.005385,0.281157,0.050981,0.230175
89,25,00269,rain,36,18,,0.998813,0.001187,L,0.998813,0.997626,0.012112,0.002374,0.228470,0.058259,0.170212
90,25,00475,rain,36,18,,0.998982,0.001018,L,0.998982,0.997963,0.010356,0.002037,0.160628,0.061538,0.099090
91,25,00532,rain,36,18,,0.999492,0.000508,L,0.999492,0.998985,0.005863,0.001015,0.149420,0.049815,0.099605
92,25,00589,rain,36,18,,0.999099,0.000901,L,0.999099,0.998198,0.009627,0.001802,0.216639,0.065584,0.151056
93,26,00284,rain,36,18,,0.998924,0.001076,L,0.998924,0.997848,0.011351,0.002152,0.180891,0.069015,0.111876
94,33,00214,rain,36,18,,0.999314,0.000686,L,0.999314,0.998627,0.007582,0.001373,0.138221,0.066398,0.071823
95,34,00175,rain,30,18,,0.998863,0.001137,L,0.998863,0.997726,0.011657,0.002274,0.215277,0.052189,0.163088
96,30,00123,sleet,30,18,,0.998542,0.001458,L,0.998542,0.997083,0.015083,0.002917,0.228997,0.062449,0.166549
97,30,00171,sleet,29,18,,0.998627,0.001373,L,0.998627,0.997255,0.014179,0.002745,0.276855,0.083145,0.193710
98,30,00219,sleet,36,18,,0.998445,0.001555,L,0.998445,0.996890,0.016168,0.003110,0.179872,0.061057,0.118815
99,30,00384,sleet,36,18,,0.999012,0.000988,L,0.999012,0.998025,0.010139,0.001975,0.292510,0.065567,0.226943
100,30,00432,sleet,36,18,,0.998758,0.001242,L,0.998758,0.997516,0.012617,0.002484,0.207637,0.073661,0.133977
101,31,00163,sleet,35,18,,0.999414,0.000586,L,0.999414,0.998827,0.006023,0.001173,0.286660,0.073791,0.212869
102,50,00211,sleet,29,18,,0.999772,0.000228,L,0.999772,0.999544,0.003074,0.000456,0.068402,0.053107,0.015294
103,50,00259,sleet,28,18,,0.999544,0.000456,L,0.999544,0.999087,0.005277,0.000913,0.114776,0.058737,0.056039
104,50,00456,sleet,36,18,,0.998825,0.001175,L,0.998825,0.997650,0.011942,0.002350,0.212376,0.063705,0.148670
105,50,00504,sleet,32,18,,0.999385,0.000615,L,0.999385,0.998770,0.006900,0.001230,0.274964,0.063255,0.211709
106,50,00552,sleet,36,18,,0.998664,0.001336,L,0.998664,0.997328,0.013512,0.002672,0.266056,0.053632,0.212425
107,51,00237,sleet,32,18,,0.999739,0.000261,L,0.999739,0.999479,0.003296,0.000521,0.360291,0.051081,0.309211
108,51,00286,sleet,36,18,,0.999300,0.000700,L,0.999300,0.998601,0.007320,0.001399,0.280646,0.048750,0.231896
109,52,00181,sleet,36,18,,0.999394,0.000606,L,0.999394,0.998789,0.007197,0.001211,0.199147,0.051993,0.147155
110,52,00229,sleet,28,18,,0.998423,0.001577,L,0.998423,0.996847,0.015085,0.003153,0.264698,0.055005,0.209694
111,52,00277,sleet,32,18,,0.998682,0.001318,L,0.998682,0.997364,0.012632,0.002636,0.320322,0.055667,0.264655
112,52,00502,sleet,35,18,,0.999825,0.000175,L,0.999825,0.999650,0.002427,0.000350,0.039947,0.066380,-0.026433
113,52,00550,sleet,33,18,,0.999240,0.000760,L,0.999240,0.998481,0.008495,0.001519,0.198896,0.050150,0.148746
114,52,00598,sleet,32,18,,0.999810,0.000190,L,0.999810,0.999620,0.002618,0.000380,0.048082,0.046763,0.001319
115,53,00199,sleet,36,18,,0.998482,0.001518,L,0.998482,0.996965,0.014899,0.003035,0.227992,0.054247,0.173745
116,53,00247,sleet,35,18,,0.997852,0.002148,L,0.997852,0.995703,0.020101,0.004297,0.234511,0.053049,0.181461
117,53,00295,sleet,35,18,,0.998317,0.001683,L,0.998317,0.996635,0.015845,0.003365,0.250417,0.048764,0.201653
118,53,00492,sleet,36,18,,0.999357,0.000643,L,0.999357,0.998714,0.007100,0.001286,0.259558,0.056335,0.203224
119,53,00541,sleet,16,18,,0.999779,0.000221,L,0.999779,0.999558,0.002997,0.000442,0.067208,0.051603,0.015605
120,42,00159,lightsnow,33,18,,0.998932,0.001068,L,0.998932,0.997863,0.011012,0.002137,0.215265,0.057055,0.158210
121,42,00194,lightsnow,36,18,,0.999025,0.000975,L,0.999025,0.998050,0.010146,0.001950,0.179881,0.053312,0.126569
122,42,00229,lightsnow,36,18,,0.999244,0.000756,L,0.999244,0.998489,0.008451,0.001511,0.172436,0.070184,0.102252
123,42,00264,lightsnow,28,18,,0.999225,0.000775,L,0.999225,0.998450,0.008485,0.001550,0.200595,0.057100,0.143495
124,42,00298,lightsnow,36,18,,0.999342,0.000658,L,0.999342,0.998684,0.007474,0.001316,0.083185,0.049807,0.033379
125,42,00482,lightsnow,36,18,,0.999229,0.000771,L,0.999229,0.998458,0.008626,0.001542,0.145117,0.060369,0.084748
126,42,00517,lightsnow,35,18,,0.999029,0.000971,L,0.999029,0.998059,0.010178,0.001941,0.219578,0.048028,0.171550
127,42,00552,lightsnow,32,18,,0.999303,0.000697,L,0.999303,0.998607,0.007445,0.001393,0.242848,0.053746,0.189101
128,42,00587,lightsnow,35,18,,0.999332,0.000668,L,0.999332,0.998665,0.007264,0.001335,0.243647,0.057216,0.186431
129,43,00169,lightsnow,35,18,,0.999793,0.000207,L,0.999793,0.999587,0.002531,0.000413,0.313412,0.060973,0.252439
130,43,00204,lightsnow,36,18,,0.999433,0.000567,L,0.999433,0.998865,0.006319,0.001135,0.174087,0.060846,0.113241
131,43,00239,lightsnow,36,18,,0.999324,0.000676,L,0.999324,0.998649,0.007224,0.001351,0.254611,0.048857,0.205754
132,43,00273,lightsnow,36,18,,0.999150,0.000850,L,0.999150,0.998301,0.008697,0.001699,0.263155,0.049797,0.213359
133,43,00457,lightsnow,36,18,,0.999379,0.000621,L,0.999379,0.998758,0.006629,0.001242,0.179827,0.049754,0.130073
134,43,00492,lightsnow,36,18,,0.998650,0.001350,L,0.998650,0.997300,0.012963,0.002700,0.285506,0.050511,0.234994
135,43,00527,lightsnow,36,18,,0.998679,0.001321,L,0.998679,0.997359,0.013979,0.002641,0.140712,0.054200,0.086512
136,48,00117,lightsnow,36,18,,0.997731,0.002269,L,0.997731,0.995463,0.021422,0.004537,0.284478,0.071784,0.212694
137,48,00152,lightsnow,36,18,,0.998457,0.001543,L,0.998457,0.996915,0.015515,0.003085,0.252731,0.059251,0.193479
138,48,00187,lightsnow,31,18,,0.998206,0.001794,L,0.998206,0.996413,0.017791,0.003587,0.312528,0.078622,0.233907
139,48,00222,lightsnow,30,18,,0.998526,0.001474,L,0.998526,0.997052,0.014753,0.002948,0.265460,0.068527,0.196934
140,48,00367,lightsnow,35,18,,0.997747,0.002253,L,0.997747,0.995495,0.021258,0.004505,0.252924,0.056591,0.196334
141,48,00402,lightsnow,35,18,,0.998506,0.001494,L,0.998506,0.997013,0.014923,0.002987,0.262921,0.050250,0.212671
142,48,00437,lightsnow,36,18,,0.998191,0.001809,L,0.998191,0.996383,0.017485,0.003617,0.222028,0.055264,0.166765
143,49,00593,lightsnow,17,18,,0.999108,0.000892,L,0.999108,0.998216,0.009175,0.001784,0.227491,0.065843,0.161649
144,46,00155,heavysnow,35,18,,0.997574,0.002426,L,0.997574,0.995147,0.022749,0.004853,0.315031,0.054580,0.260451
145,46,00203,heavysnow,32,18,,0.998652,0.001348,L,0.998652,0.997304,0.013570,0.002696,0.280933,0.057049,0.223884
146,46,00250,heavysnow,36,18,,0.998878,0.001122,L,0.998878,0.997756,0.011834,0.002244,0.218001,0.045090,0.172911
147,46,00298,heavysnow,32,18,,0.998689,0.001311,L,0.998689,0.997377,0.013272,0.002623,0.151986,0.066470,0.085516
148,54,00162,heavysnow,36,18,,0.999247,0.000753,L,0.999247,0.998493,0.008171,0.001507,0.202800,0.047241,0.155559
149,54,00209,heavysnow,36,18,,0.999302,0.000698,L,0.999302,0.998603,0.007597,0.001397,0.215515,0.049116,0.166399
150,54,00257,heavysnow,35,18,,0.998633,0.001367,L,0.998633,0.997266,0.014141,0.002734,0.262641,0.051985,0.210656
151,54,00305,heavysnow,35,18,,0.998462,0.001538,L,0.998462,0.996924,0.015684,0.003076,0.240830,0.053568,0.187262
152,54,00503,heavysnow,35,18,,0.998523,0.001477,L,0.998523,0.997047,0.014867,0.002953,0.228441,0.054449,0.173992
153,54,00550,heavysnow,35,18,,0.998676,0.001324,L,0.998676,0.997353,0.013537,0.002647,0.227560,0.065579,0.161981
154,54,00598,heavysnow,35,18,,0.998471,0.001529,L,0.998471,0.996942,0.015451,0.003058,0.244664,0.068685,0.175979
155,55,00167,heavysnow,36,18,,0.998087,0.001913,L,0.998087,0.996174,0.018790,0.003826,0.227955,0.053548,0.174407
156,55,00214,heavysnow,33,18,,0.999010,0.000990,L,0.999010,0.998020,0.010699,0.001980,0.277195,0.054632,0.222563
157,55,00385,heavysnow,35,18,,0.998829,0.001171,L,0.998829,0.997659,0.011869,0.002341,0.229606,0.059561,0.170045
158,55,00447,heavysnow,36,18,,0.999331,0.000669,L,0.999331,0.998662,0.007502,0.001338,0.134539,0.062718,0.071820
159,55,00494,heavysnow,36,18,,0.999288,0.000712,L,0.999288,0.998576,0.007727,0.001424,0.141833,0.062158,0.079675
160,56,00222,heavysnow,36,18,,0.999359,0.000641,L,0.999359,0.998719,0.007005,0.001281,0.252826,0.066790,0.186036
161,56,00462,heavysnow,32,18,,0.999122,0.000878,L,0.999122,0.998244,0.009646,0.001756,0.223541,0.048366,0.175175
162,56,00510,heavysnow,28,18,,0.999349,0.000651,L,0.999349,0.998699,0.007184,0.001301,0.190027,0.056281,0.133745
163,57,00279,heavysnow,36,18,,0.999644,0.000356,L,0.999644,0.999287,0.004541,0.000713,0.202876,0.052843,0.150033
164,58,00258,heavysnow,35,18,,0.999302,0.000698,L,0.999302,0.998604,0.008007,0.001396,0.390773,0.054079,0.336693
165,58,00467,heavysnow,36,18,,0.998993,0.001007,L,0.998993,0.997985,0.011322,0.002015,0.142871,0.047739,0.095132
166,58,00514,heavysnow,35,18,,0.999024,0.000976,L,0.999024,0.998048,0.011085,0.001952,0.041069,0.045304,-0.004235
167,58,00562,heavysnow,16,18,,0.999194,0.000806,L,0.999194,0.998389,0.008680,0.001611,0.070913,0.053573,0.017341
