method,condition,cls,metric,iou,gt_objects,has_gt,ap,strong_minus_method
Strong,all,sed,3d,0.7,29613,True,12.308283567481094,0.0
Strong,all,sed,3d,0.5,29613,True,52.141909787425355,0.0
Strong,all,sed,3d,0.3,29613,True,74.58434943531094,0.0
Strong,all,sed,bev,0.7,29613,True,44.25690177529195,0.0
Strong,all,sed,bev,0.5,29613,True,71.26560294241487,0.0
Strong,all,sed,bev,0.3,29613,True,77.3207697820272,0.0
Strong,all,bus,3d,0.7,5843,True,9.915535165457054,0.0
Strong,all,bus,3d,0.5,5843,True,33.9660847108478,0.0
Strong,all,bus,3d,0.3,5843,True,59.24418568817133,0.0
Strong,all,bus,bev,0.7,5843,True,23.12802117047419,0.0
Strong,all,bus,bev,0.5,5843,True,50.59252058686502,0.0
Strong,all,bus,bev,0.3,5843,True,65.13721727861488,0.0
Strong,normal,sed,3d,0.7,15988,True,5.553728758859114,0.0
Strong,normal,sed,3d,0.5,15988,True,49.39058686764639,0.0
Strong,normal,sed,3d,0.3,15988,True,73.51458739880525,0.0
Strong,normal,sed,bev,0.7,15988,True,35.587099240835364,0.0
Strong,normal,sed,bev,0.5,15988,True,70.00539861483695,0.0
Strong,normal,sed,bev,0.3,15988,True,76.1296850263338,0.0
Strong,normal,bus,3d,0.7,2763,True,2.48277242083018,0.0
Strong,normal,bus,3d,0.5,2763,True,23.936136862373502,0.0
Strong,normal,bus,3d,0.3,2763,True,51.630890403287545,0.0
Strong,normal,bus,bev,0.7,2763,True,10.402571686487033,0.0
Strong,normal,bus,bev,0.5,2763,True,35.13510343847124,0.0
Strong,normal,bus,bev,0.3,2763,True,55.525716531272586,0.0
Strong,overcast,sed,3d,0.7,1107,True,8.724316215166606,0.0
Strong,overcast,sed,3d,0.5,1107,True,59.62361869139369,0.0
Strong,overcast,sed,3d,0.3,1107,True,84.30388440437787,0.0
Strong,overcast,sed,bev,0.7,1107,True,45.46403529227293,0.0
Strong,overcast,sed,bev,0.5,1107,True,82.30568257362836,0.0
Strong,overcast,sed,bev,0.3,1107,True,91.38712327057618,0.0
Strong,overcast,bus,3d,0.7,151,True,5.251002001037798,0.0
Strong,overcast,bus,3d,0.5,151,True,49.654868957211995,0.0
Strong,overcast,bus,3d,0.3,151,True,73.82130508299801,0.0
Strong,overcast,bus,bev,0.7,151,True,18.715816703621588,0.0
Strong,overcast,bus,bev,0.5,151,True,62.30515540061342,0.0
Strong,overcast,bus,bev,0.3,151,True,74.02102192981732,0.0
Strong,fog,sed,3d,0.7,1947,True,43.51804264010096,0.0
Strong,fog,sed,3d,0.5,1947,True,80.30148404335333,0.0
Strong,fog,sed,3d,0.3,1947,True,94.45576829875584,0.0
Strong,fog,sed,bev,0.7,1947,True,82.17234585430381,0.0
Strong,fog,sed,bev,0.5,1947,True,94.66788330776384,0.0
Strong,fog,sed,bev,0.3,1947,True,94.83924440755152,0.0
Strong,fog,bus,3d,0.7,0,False,0.0,0.0
Strong,fog,bus,3d,0.5,0,False,0.0,0.0
Strong,fog,bus,3d,0.3,0,False,0.0,0.0
Strong,fog,bus,bev,0.7,0,False,0.0,0.0
Strong,fog,bus,bev,0.5,0,False,0.0,0.0
Strong,fog,bus,bev,0.3,0,False,0.0,0.0
Strong,rain,sed,3d,0.7,5978,True,17.493888348856977,0.0
Strong,rain,sed,3d,0.5,5978,True,48.298848693647464,0.0
Strong,rain,sed,3d,0.3,5978,True,68.10965295372804,0.0
Strong,rain,sed,bev,0.7,5978,True,44.90001944102435,0.0
Strong,rain,sed,bev,0.5,5978,True,64.0555777774779,0.0
Strong,rain,sed,bev,0.3,5978,True,68.84273100082373,0.0
Strong,rain,bus,3d,0.7,120,True,0.9004300467715103,0.0
Strong,rain,bus,3d,0.5,120,True,5.051640209024325,0.0
Strong,rain,bus,3d,0.3,120,True,10.083134717177533,0.0
Strong,rain,bus,bev,0.7,120,True,3.6512507372584393,0.0
Strong,rain,bus,bev,0.5,120,True,8.356283824685358,0.0
Strong,rain,bus,bev,0.3,120,True,10.083134717177533,0.0
Strong,sleet,sed,3d,0.7,1622,True,7.320596264524121,0.0
Strong,sleet,sed,3d,0.5,1622,True,49.12897807261431,0.0
Strong,sleet,sed,3d,0.3,1622,True,72.51657044466288,0.0
Strong,sleet,sed,bev,0.7,1622,True,42.012900576850434,0.0
Strong,sleet,sed,bev,0.5,1622,True,63.84629266975349,0.0
Strong,sleet,sed,bev,0.3,1622,True,75.60991797975673,0.0
Strong,sleet,bus,3d,0.7,1132,True,9.336519378624955,0.0
Strong,sleet,bus,3d,0.5,1132,True,38.47873609677131,0.0
Strong,sleet,bus,3d,0.3,1132,True,57.4718623927167,0.0
Strong,sleet,bus,bev,0.7,1132,True,22.6760757063882,0.0
Strong,sleet,bus,bev,0.5,1132,True,48.31430227803312,0.0
Strong,sleet,bus,bev,0.3,1132,True,58.07812181919184,0.0
Strong,lightsnow,sed,3d,0.7,1360,True,10.666389876541478,0.0
Strong,lightsnow,sed,3d,0.5,1360,True,60.7450227634318,0.0
Strong,lightsnow,sed,3d,0.3,1360,True,89.55544896711352,0.0
Strong,lightsnow,sed,bev,0.7,1360,True,67.43740771819881,0.0
Strong,lightsnow,sed,bev,0.5,1360,True,87.46913846232847,0.0
Strong,lightsnow,sed,bev,0.3,1360,True,90.13030216540857,0.0
Strong,lightsnow,bus,3d,0.7,540,True,48.47579336661988,0.0
Strong,lightsnow,bus,3d,0.5,540,True,75.09186027851328,0.0
Strong,lightsnow,bus,3d,0.3,540,True,89.56350131502805,0.0
Strong,lightsnow,bus,bev,0.7,540,True,74.19409925632915,0.0
Strong,lightsnow,bus,bev,0.5,540,True,89.13724914739298,0.0
Strong,lightsnow,bus,bev,0.3,540,True,94.64121254882689,0.0
Strong,heavysnow,sed,3d,0.7,1611,True,18.18523248704392,0.0
Strong,heavysnow,sed,3d,0.5,1611,True,50.48532396870704,0.0
Strong,heavysnow,sed,3d,0.3,1611,True,63.573542852068464,0.0
Strong,heavysnow,sed,bev,0.7,1611,True,43.24680476470426,0.0
Strong,heavysnow,sed,bev,0.5,1611,True,61.33387520169754,0.0
Strong,heavysnow,sed,bev,0.3,1611,True,65.87382823123504,0.0
Strong,heavysnow,bus,3d,0.7,1137,True,13.94172379466292,0.0
Strong,heavysnow,bus,3d,0.5,1137,True,39.36839489426447,0.0
Strong,heavysnow,bus,3d,0.3,1137,True,72.34123850166718,0.0
Strong,heavysnow,bus,bev,0.7,1137,True,36.92555024985116,0.0
Strong,heavysnow,bus,bev,0.5,1137,True,78.96456092133096,0.0
Strong,heavysnow,bus,bev,0.3,1137,True,89.50402222660298,0.0
Strong,day,sed,3d,0.7,19961,True,12.468997048791609,0.0
Strong,day,sed,3d,0.5,19961,True,54.70953478879631,0.0
Strong,day,sed,3d,0.3,19961,True,76.74069078545422,0.0
Strong,day,sed,bev,0.7,19961,True,44.588677837914155,0.0
Strong,day,sed,bev,0.5,19961,True,73.64132644713531,0.0
Strong,day,sed,bev,0.3,19961,True,79.31169149599458,0.0
Strong,day,bus,3d,0.7,3603,True,4.621357705285217,0.0
Strong,day,bus,3d,0.5,3603,True,26.79560335804865,0.0
Strong,day,bus,3d,0.3,3603,True,53.673969965481994,0.0
Strong,day,bus,bev,0.7,3603,True,15.57784626999118,0.0
Strong,day,bus,bev,0.5,3603,True,41.82002169309907,0.0
Strong,day,bus,bev,0.3,3603,True,56.9836883566341,0.0
Strong,night,sed,3d,0.7,9652,True,12.17135722782504,0.0
Strong,night,sed,3d,0.5,9652,True,46.91352410055849,0.0
Strong,night,sed,3d,0.3,9652,True,70.27500089860274,0.0
Strong,night,sed,bev,0.7,9652,True,42.25791060345405,0.0
Strong,night,sed,bev,0.5,9652,True,66.46646617474936,0.0
Strong,night,sed,bev,0.3,9652,True,73.41996462215255,0.0
Strong,night,bus,3d,0.7,2240,True,18.197058700645066,0.0
Strong,night,bus,3d,0.5,2240,True,42.68707979456071,0.0
Strong,night,bus,3d,0.3,2240,True,63.82832800611643,0.0
Strong,night,bus,bev,0.7,2240,True,33.63925670895666,0.0
Strong,night,bus,bev,0.5,2240,True,62.27428188776638,0.0
Strong,night,bus,bev,0.3,2240,True,78.02941892414427,0.0
Strong,urban,sed,3d,0.7,12032,True,14.85174631301916,0.0
Strong,urban,sed,3d,0.5,12032,True,57.331730212966,0.0
Strong,urban,sed,3d,0.3,12032,True,77.95155609097652,0.0
Strong,urban,sed,bev,0.7,12032,True,50.39233290705776,0.0
Strong,urban,sed,bev,0.5,12032,True,74.48011538310396,0.0
Strong,urban,sed,bev,0.3,12032,True,80.78187123797323,0.0
Strong,urban,bus,3d,0.7,748,True,20.0178872625223,0.0
Strong,urban,bus,3d,0.5,748,True,47.79981724533537,0.0
Strong,urban,bus,3d,0.3,748,True,85.183778926199,0.0
Strong,urban,bus,bev,0.7,748,True,43.25812873040943,0.0
Strong,urban,bus,bev,0.5,748,True,78.70894051091598,0.0
Strong,urban,bus,bev,0.3,748,True,85.52094664106704,0.0
Strong,highway,sed,3d,0.7,8175,True,5.366135673590466,0.0
Strong,highway,sed,3d,0.5,8175,True,56.08302700810596,0.0
Strong,highway,sed,3d,0.3,8175,True,83.05806594123516,0.0
Strong,highway,sed,bev,0.7,8175,True,41.78732881732318,0.0
Strong,highway,sed,bev,0.5,8175,True,79.58352323138045,0.0
Strong,highway,sed,bev,0.3,8175,True,85.72716444405253,0.0
Strong,highway,bus,3d,0.7,3774,True,9.706240884579746,0.0
Strong,highway,bus,3d,0.5,3774,True,33.13213376954994,0.0
Strong,highway,bus,3d,0.3,3774,True,57.45208274374658,0.0
Strong,highway,bus,bev,0.7,3774,True,21.60614770798724,0.0
Strong,highway,bus,bev,0.5,3774,True,50.83286424169474,0.0
Strong,highway,bus,bev,0.3,3774,True,68.07565685696194,0.0
Strong,countryside,sed,3d,0.7,363,True,8.126580202056259,0.0
Strong,countryside,sed,3d,0.5,363,True,34.23701683143703,0.0
Strong,countryside,sed,3d,0.3,363,True,60.01597669605143,0.0
Strong,countryside,sed,bev,0.7,363,True,23.279986194122856,0.0
Strong,countryside,sed,bev,0.5,363,True,55.9302485379546,0.0
Strong,countryside,sed,bev,0.3,363,True,65.32674491177677,0.0
Strong,countryside,bus,3d,0.7,173,True,1.5864868372921757,0.0
Strong,countryside,bus,3d,0.5,173,True,12.315423023283047,0.0
Strong,countryside,bus,3d,0.3,173,True,24.83445764156118,0.0
Strong,countryside,bus,bev,0.7,173,True,7.624046222379041,0.0
Strong,countryside,bus,bev,0.5,173,True,19.598617837423937,0.0
Strong,countryside,bus,bev,0.3,173,True,27.346297537122016,0.0
Strong,alleyway,sed,3d,0.7,3844,True,2.7090036760373577,0.0
Strong,alleyway,sed,3d,0.5,3844,True,21.068004816468736,0.0
Strong,alleyway,sed,3d,0.3,3844,True,38.10762820311203,0.0
Strong,alleyway,sed,bev,0.7,3844,True,16.003937445640403,0.0
Strong,alleyway,sed,bev,0.5,3844,True,35.26825340008451,0.0
Strong,alleyway,sed,bev,0.3,3844,True,41.15283803680305,0.0
Strong,alleyway,bus,3d,0.7,164,True,0.14139271827500885,0.0
Strong,alleyway,bus,3d,0.5,164,True,3.230899741104333,0.0
Strong,alleyway,bus,3d,0.3,164,True,22.975626765901723,0.0
Strong,alleyway,bus,bev,0.7,164,True,1.6765136595465333,0.0
Strong,alleyway,bus,bev,0.5,164,True,11.702928632474844,0.0
Strong,alleyway,bus,bev,0.3,164,True,25.48163960602573,0.0
Strong,parkinglots,sed,3d,0.7,653,True,27.428661719511965,0.0
Strong,parkinglots,sed,3d,0.5,653,True,51.038719351754345,0.0
Strong,parkinglots,sed,3d,0.3,653,True,75.30394383216739,0.0
Strong,parkinglots,sed,bev,0.7,653,True,36.34971073197592,0.0
Strong,parkinglots,sed,bev,0.5,653,True,60.98240087068544,0.0
Strong,parkinglots,sed,bev,0.3,653,True,75.53350726183027,0.0
Strong,parkinglots,bus,3d,0.7,361,True,9.365319522322837,0.0
Strong,parkinglots,bus,3d,0.5,361,True,40.03288602075996,0.0
Strong,parkinglots,bus,3d,0.3,361,True,66.7891103992397,0.0
Strong,parkinglots,bus,bev,0.7,361,True,19.817677454932678,0.0
Strong,parkinglots,bus,bev,0.5,361,True,51.34177197904543,0.0
Strong,parkinglots,bus,bev,0.3,361,True,67.05096464086905,0.0
Strong,shoulder,sed,3d,0.7,861,True,77.38051348362906,0.0
Strong,shoulder,sed,3d,0.5,861,True,94.57080791966906,0.0
Strong,shoulder,sed,3d,0.3,861,True,97.32176294379819,0.0
Strong,shoulder,sed,bev,0.7,861,True,90.76199212452104,0.0
Strong,shoulder,sed,bev,0.5,861,True,97.42481899043605,0.0
Strong,shoulder,sed,bev,0.3,861,True,99.83038797897997,0.0
Strong,shoulder,bus,3d,0.7,0,False,0.0,0.0
Strong,shoulder,bus,3d,0.5,0,False,0.0,0.0
Strong,shoulder,bus,3d,0.3,0,False,0.0,0.0
Strong,shoulder,bus,bev,0.7,0,False,0.0,0.0
Strong,shoulder,bus,bev,0.5,0,False,0.0,0.0
Strong,shoulder,bus,bev,0.3,0,False,0.0,0.0
Strong,mountain,sed,3d,0.7,1086,True,10.114399327195702,0.0
Strong,mountain,sed,3d,0.5,1086,True,66.29358514248841,0.0
Strong,mountain,sed,3d,0.3,1086,True,89.47650124812243,0.0
Strong,mountain,sed,bev,0.7,1086,True,74.36676553071966,0.0
Strong,mountain,sed,bev,0.5,1086,True,91.63194436937057,0.0
Strong,mountain,sed,bev,0.3,1086,True,92.1312689546302,0.0
Strong,mountain,bus,3d,0.7,598,True,15.122482154437296,0.0
Strong,mountain,bus,3d,0.5,598,True,51.79729009014468,0.0
Strong,mountain,bus,3d,0.3,598,True,59.19952551026516,0.0
Strong,mountain,bus,bev,0.7,598,True,38.34811226094517,0.0
Strong,mountain,bus,bev,0.5,598,True,56.0950666799367,0.0
Strong,mountain,bus,bev,0.3,598,True,59.19952551026516,0.0
Strong,university,sed,3d,0.7,2599,True,4.998552200726408,0.0
Strong,university,sed,3d,0.5,2599,True,44.96284351787703,0.0
Strong,university,sed,3d,0.3,2599,True,69.713438137072,0.0
Strong,university,sed,bev,0.7,2599,True,30.40756965753455,0.0
Strong,university,sed,bev,0.5,2599,True,66.0374101367436,0.0
Strong,university,sed,bev,0.3,2599,True,72.21129353206112,0.0
Strong,university,bus,3d,0.7,25,True,0.0,0.0
Strong,university,bus,3d,0.5,25,True,0.0,0.0
Strong,university,bus,3d,0.3,25,True,0.0,0.0
Strong,university,bus,bev,0.7,25,True,0.0,0.0
Strong,university,bus,bev,0.5,25,True,0.0,0.0
Strong,university,bus,bev,0.3,25,True,0.0,0.0
ASF_local,all,sed,3d,0.7,29613,True,11.579220369262275,0.7290631982188192
ASF_local,all,sed,3d,0.5,29613,True,51.52114677058114,0.6207630168442151
ASF_local,all,sed,3d,0.3,29613,True,74.45187402974639,0.1324754055645485
ASF_local,all,sed,bev,0.7,29613,True,42.22969759194281,2.0272041833491414
ASF_local,all,sed,bev,0.5,29613,True,71.11499969696642,0.15060324544845116
ASF_local,all,sed,bev,0.3,29613,True,77.36881467763101,-0.04804489560380887
ASF_local,all,bus,3d,0.7,5843,True,7.5157175195115835,2.399817645945471
ASF_local,all,bus,3d,0.5,5843,True,27.875481584672073,6.090603126175729
ASF_local,all,bus,3d,0.3,5843,True,55.091902649718996,4.152283038452332
ASF_local,all,bus,bev,0.7,5843,True,16.836022543518915,6.291998626955277
ASF_local,all,bus,bev,0.5,5843,True,46.43092729921634,4.161593287648678
ASF_local,all,bus,bev,0.3,5843,True,64.26718315879398,0.8700341198209003
ASF_local,normal,sed,3d,0.7,15988,True,5.248967629947662,0.30476112891145135
ASF_local,normal,sed,3d,0.5,15988,True,48.89650857937281,0.4940782882735846
ASF_local,normal,sed,3d,0.3,15988,True,73.44625344793056,0.0683339508746883
ASF_local,normal,sed,bev,0.7,15988,True,35.76296358845472,-0.17586434761935266
ASF_local,normal,sed,bev,0.5,15988,True,69.90203560568324,0.10336300915371055
ASF_local,normal,sed,bev,0.3,15988,True,76.19435412903167,-0.06466910269786297
ASF_local,normal,bus,3d,0.7,2763,True,4.750194717009211,-2.267422296179031
ASF_local,normal,bus,3d,0.5,2763,True,21.15628866865333,2.7798481937201736
ASF_local,normal,bus,3d,0.3,2763,True,50.39001504832407,1.2408753549634781
ASF_local,normal,bus,bev,0.7,2763,True,10.069087235844483,0.3334844506425494
ASF_local,normal,bus,bev,0.5,2763,True,33.66583616324587,1.46926727522537
ASF_local,normal,bus,bev,0.3,2763,True,54.57416002087643,0.9515565103961592
ASF_local,lightsnow,sed,3d,0.7,1360,True,11.566225337234563,-0.899835460693085
ASF_local,lightsnow,sed,3d,0.5,1360,True,59.24974658756845,1.4952761758633457
ASF_local,lightsnow,sed,3d,0.3,1360,True,89.77436590173353,-0.21891693462001172
ASF_local,lightsnow,sed,bev,0.7,1360,True,63.822561812205414,3.6148459059933984
ASF_local,lightsnow,sed,bev,0.5,1360,True,89.73558174409678,-2.2664432817683036
ASF_local,lightsnow,sed,bev,0.3,1360,True,92.66930336866905,-2.539001203260483
ASF_local,lightsnow,bus,3d,0.7,540,True,36.40593203942235,12.069861327197529
ASF_local,lightsnow,bus,3d,0.5,540,True,70.58349954940184,4.508360729111445
ASF_local,lightsnow,bus,3d,0.3,540,True,84.74680928772707,4.816692027300974
ASF_local,lightsnow,bus,bev,0.7,540,True,71.83981792999182,2.354281326337329
ASF_local,lightsnow,bus,bev,0.5,540,True,88.46390878075138,0.6733403666415967
ASF_local,lightsnow,bus,bev,0.3,540,True,94.56165843126459,0.0795541175622958
ASF_local,heavysnow,sed,3d,0.7,1611,True,16.955014287280218,1.2302181997637014
ASF_local,heavysnow,sed,3d,0.5,1611,True,51.244022928102616,-0.7586989593955735
ASF_local,heavysnow,sed,3d,0.3,1611,True,63.35743396831619,0.21610888375227688
ASF_local,heavysnow,sed,bev,0.7,1611,True,39.948161051466954,3.298643713237304
ASF_local,heavysnow,sed,bev,0.5,1611,True,61.098747959649224,0.23512724204831414
ASF_local,heavysnow,sed,bev,0.3,1611,True,65.62889482551483,0.24493340572020372
ASF_local,heavysnow,bus,3d,0.7,1137,True,7.6877267451609095,6.2539970495020105
ASF_local,heavysnow,bus,3d,0.5,1137,True,32.27635498220153,7.092039912062937
ASF_local,heavysnow,bus,3d,0.3,1137,True,68.01947920696855,4.321759294698623
ASF_local,heavysnow,bus,bev,0.7,1137,True,27.32313037180729,9.602419878043872
ASF_local,heavysnow,bus,bev,0.5,1137,True,75.00049058059403,3.9640703407369244
ASF_local,heavysnow,bus,bev,0.3,1137,True,87.2632736477606,2.2407485788423855
ASF_local,rain,sed,3d,0.7,5978,True,15.942207950344839,1.5516803985121381
ASF_local,rain,sed,3d,0.5,5978,True,45.95502883635388,2.3438198572935818
ASF_local,rain,sed,3d,0.3,5978,True,65.8005703192078,2.3090826345202515
ASF_local,rain,sed,bev,0.7,5978,True,42.317882238243534,2.582137202780814
ASF_local,rain,sed,bev,0.5,5978,True,61.573334333854525,2.482243443623368
ASF_local,rain,sed,bev,0.3,5978,True,68.79955911248373,0.04317188833999808
ASF_local,rain,bus,3d,0.7,120,True,0.031269543464665414,0.8691605033068449
ASF_local,rain,bus,3d,0.5,120,True,1.941019686535754,3.1106205224885706
ASF_local,rain,bus,3d,0.3,120,True,3.588462545198038,6.494672171979495
ASF_local,rain,bus,bev,0.7,120,True,0.9480416365257365,2.703209100732703
ASF_local,rain,bus,bev,0.5,120,True,3.588462545198038,4.76782127948732
ASF_local,rain,bus,bev,0.3,120,True,3.588462545198038,6.494672171979495
ASF_local,sleet,sed,3d,0.7,1622,True,6.588485008792176,0.7321112557319447
ASF_local,sleet,sed,3d,0.5,1622,True,44.83153308654974,4.297444986064569
ASF_local,sleet,sed,3d,0.3,1622,True,70.81368225255618,1.7028881921066983
ASF_local,sleet,sed,bev,0.7,1622,True,39.37114092824035,2.6417596486100834
ASF_local,sleet,sed,bev,0.5,1622,True,64.47539151771483,-0.6290988479613375
ASF_local,sleet,sed,bev,0.3,1622,True,76.30969218883122,-0.6997742090744907
ASF_local,sleet,bus,3d,0.7,1132,True,6.293690283586188,3.0428290950387664
ASF_local,sleet,bus,3d,0.5,1132,True,30.287374047732424,8.191362049038883
ASF_local,sleet,bus,3d,0.3,1132,True,50.784690759432614,6.687171633284088
ASF_local,sleet,bus,bev,0.7,1132,True,14.813892344690856,7.862183361697344
ASF_local,sleet,bus,bev,0.5,1132,True,41.51519195008816,6.799110327944959
ASF_local,sleet,bus,bev,0.3,1132,True,54.52130766405651,3.556814155135335
ASF_local,overcast,sed,3d,0.7,1107,True,6.956697247520031,1.767618967646575
ASF_local,overcast,sed,3d,0.5,1107,True,57.16106301492404,2.4625556764696483
ASF_local,overcast,sed,3d,0.3,1107,True,82.1483720659337,2.1555123384441686
ASF_local,overcast,sed,bev,0.7,1107,True,45.22636158935172,0.2376737029212137
ASF_local,overcast,sed,bev,0.5,1107,True,81.2540678739485,1.0516146996798597
ASF_local,overcast,sed,bev,0.3,1107,True,89.08616305110986,2.300960219466319
ASF_local,overcast,bus,3d,0.7,151,True,8.01389841207649,-2.7628964110386915
ASF_local,overcast,bus,3d,0.5,151,True,46.68320778018338,2.971661177028615
ASF_local,overcast,bus,3d,0.3,151,True,65.31096258962509,8.510342493372917
ASF_local,overcast,bus,bev,0.7,151,True,18.148728117385467,0.567088586236121
ASF_local,overcast,bus,bev,0.5,151,True,54.10993867829092,8.195216722322499
ASF_local,overcast,bus,bev,0.3,151,True,69.13183672643086,4.889185203386461
ASF_local,fog,sed,3d,0.7,1947,True,39.419604300186684,4.098438339914274
ASF_local,fog,sed,3d,0.5,1947,True,79.8858922870524,0.4155917563009268
ASF_local,fog,sed,3d,0.3,1947,True,92.0877228434696,2.368045455286236
ASF_local,fog,sed,bev,0.7,1947,True,78.26395764080128,3.9083882135025334
ASF_local,fog,sed,bev,0.5,1947,True,94.68919825113366,-0.02131494336981632
ASF_local,fog,sed,bev,0.3,1947,True,94.83753967819452,0.0017047293570016109
ASF_local,fog,bus,3d,0.7,0,False,0.0,0.0
ASF_local,fog,bus,3d,0.5,0,False,0.0,0.0
ASF_local,fog,bus,3d,0.3,0,False,0.0,0.0
ASF_local,fog,bus,bev,0.7,0,False,0.0,0.0
ASF_local,fog,bus,bev,0.5,0,False,0.0,0.0
ASF_local,fog,bus,bev,0.3,0,False,0.0,0.0
ASF_local,day,sed,3d,0.7,19961,True,11.683249449190162,0.7857475996014465
ASF_local,day,sed,3d,0.5,19961,True,54.156333431763095,0.5532013570332168
ASF_local,day,sed,3d,0.3,19961,True,76.68171495258453,0.05897583286969166
ASF_local,day,sed,bev,0.7,19961,True,44.038728220365925,0.5499496175482292
ASF_local,day,sed,bev,0.5,19961,True,73.6229633856763,0.018363061459012897
ASF_local,day,sed,bev,0.3,19961,True,79.35671389389049,-0.0450223978959059
ASF_local,day,bus,3d,0.7,3603,True,5.893109498984347,-1.2717517936991305
ASF_local,day,bus,3d,0.5,3603,True,24.604520907511894,2.1910824505367543
ASF_local,day,bus,3d,0.3,3603,True,53.03166568140073,0.6423042840812627
ASF_local,day,bus,bev,0.7,3603,True,13.659844767462587,1.9180015025285932
ASF_local,day,bus,bev,0.5,3603,True,40.94117900908485,0.8788426840142236
ASF_local,day,bus,bev,0.3,3603,True,56.91523497710723,0.06845337952686492
ASF_local,night,sed,3d,0.7,9652,True,10.22372164072132,1.9476355871037185
ASF_local,night,sed,3d,0.5,9652,True,46.13820932721902,0.775314773339467
ASF_local,night,sed,3d,0.3,9652,True,69.99736529648956,0.27763560211317895
ASF_local,night,sed,bev,0.7,9652,True,39.61404633304071,2.6438642704133386
ASF_local,night,sed,bev,0.5,9652,True,64.07458915365082,2.391877021098537
ASF_local,night,sed,bev,0.3,9652,True,73.45215062824795,-0.0321860060954009
ASF_local,night,bus,3d,0.7,2240,True,10.135766555929466,8.0612921447156
ASF_local,night,bus,3d,0.5,2240,True,32.12352034011734,10.563559454443372
ASF_local,night,bus,3d,0.3,2240,True,57.510570573812636,6.317757432303793
ASF_local,night,bus,bev,0.7,2240,True,22.114299216932285,11.524957492024374
ASF_local,night,bus,bev,0.5,2240,True,56.25698641757757,6.017295470188806
ASF_local,night,bus,bev,0.3,2240,True,74.7162932138389,3.3131257103053713
ASF_local,urban,sed,3d,0.7,12032,True,14.082322548249405,0.7694237647697548
ASF_local,urban,sed,3d,0.5,12032,True,54.734124094475746,2.597606118490255
ASF_local,urban,sed,3d,0.3,12032,True,77.49162474567606,0.4599313453004612
ASF_local,urban,sed,bev,0.7,12032,True,47.899502070110515,2.492830836947242
ASF_local,urban,sed,bev,0.5,12032,True,73.86459168297692,0.6155237001270422
ASF_local,urban,sed,bev,0.3,12032,True,80.62121802102948,0.16065321694375712
ASF_local,urban,bus,3d,0.7,748,True,16.961427195749202,3.0564600667730986
ASF_local,urban,bus,3d,0.5,748,True,44.44745584705285,3.3523613982825182
ASF_local,urban,bus,3d,0.3,748,True,87.37512776250581,-2.1913488363068154
ASF_local,urban,bus,bev,0.7,748,True,42.13975962850432,1.1183691019051096
ASF_local,urban,bus,bev,0.5,748,True,83.39543660308485,-4.686496092168866
ASF_local,urban,bus,bev,0.3,748,True,88.32550384702215,-2.8045572059551063
ASF_local,highway,sed,3d,0.7,8175,True,5.239894193047869,0.1262414805425971
ASF_local,highway,sed,3d,0.5,8175,True,56.0233096248977,0.05971738320825892
ASF_local,highway,sed,3d,0.3,8175,True,83.2245241802804,-0.16645823904524093
ASF_local,highway,sed,bev,0.7,8175,True,41.53378393688206,0.2535448804411189
ASF_local,highway,sed,bev,0.5,8175,True,79.71028730945888,-0.12676407807842338
ASF_local,highway,sed,bev,0.3,8175,True,85.97118907446226,-0.24402463040972577
ASF_local,highway,bus,3d,0.7,3774,True,6.88979231289055,2.816448571689196
ASF_local,highway,bus,3d,0.5,3774,True,26.473632520138334,6.658501249411604
ASF_local,highway,bus,3d,0.3,3774,True,52.093761724423125,5.358321019323455
ASF_local,highway,bus,bev,0.7,3774,True,15.618913971382392,5.987233736604848
ASF_local,highway,bus,bev,0.5,3774,True,45.8853837837409,4.947480457953844
ASF_local,highway,bus,bev,0.3,3774,True,64.78477420515686,3.2908826518050773
ASF_local,countryside,sed,3d,0.7,363,True,9.699165434528869,-1.5725852324726102
ASF_local,countryside,sed,3d,0.5,363,True,37.997980819941986,-3.7609639885049546
ASF_local,countryside,sed,3d,0.3,363,True,64.27475193039355,-4.258775234342117
ASF_local,countryside,sed,bev,0.7,363,True,24.534564935207904,-1.254578741085048
ASF_local,countryside,sed,bev,0.5,363,True,57.98658455308355,-2.056336015128956
ASF_local,countryside,sed,bev,0.3,363,True,66.9959380629474,-1.6691931511706315
ASF_local,countryside,bus,3d,0.7,173,True,2.011566507417651,-0.42507967012547554
ASF_local,countryside,bus,3d,0.5,173,True,20.361657449407712,-8.046234426124665
ASF_local,countryside,bus,3d,0.3,173,True,32.50861943292939,-7.674161791368213
ASF_local,countryside,bus,bev,0.7,173,True,13.255992797820927,-5.631946575441885
ASF_local,countryside,bus,bev,0.5,173,True,23.576870120682376,-3.9782522832584384
ASF_local,countryside,bus,bev,0.3,173,True,33.01707283339061,-5.670775296268591
ASF_local,alleyway,sed,3d,0.7,3844,True,1.808018135380053,0.9009855406573046
ASF_local,alleyway,sed,3d,0.5,3844,True,19.22413538419607,1.8438694322726654
ASF_local,alleyway,sed,3d,0.3,3844,True,38.1990779740102,-0.09144977089817274
ASF_local,alleyway,sed,bev,0.7,3844,True,16.265594976022683,-0.2616575303822799
ASF_local,alleyway,sed,bev,0.5,3844,True,35.27587655918054,-0.007623159096027621
ASF_local,alleyway,sed,bev,0.3,3844,True,41.343735902534625,-0.19089786573157852
ASF_local,alleyway,bus,3d,0.7,164,True,0.023679848448969924,0.11771286982603893
ASF_local,alleyway,bus,3d,0.5,164,True,3.10207980909744,0.128819932006893
ASF_local,alleyway,bus,3d,0.3,164,True,18.363956274120792,4.611670491780931
ASF_local,alleyway,bus,bev,0.7,164,True,0.6728343145500421,1.0036793449964914
ASF_local,alleyway,bus,bev,0.5,164,True,6.908397422761549,4.794531209713295
ASF_local,alleyway,bus,bev,0.3,164,True,19.757097647850603,5.724541958175127
ASF_local,parkinglots,sed,3d,0.7,653,True,22.728419545505176,4.700242174006789
ASF_local,parkinglots,sed,3d,0.5,653,True,48.57289942069273,2.465819931061617
ASF_local,parkinglots,sed,3d,0.3,653,True,70.71748883982923,4.586454992338162
ASF_local,parkinglots,sed,bev,0.7,653,True,34.78249372511799,1.5672170068579305
ASF_local,parkinglots,sed,bev,0.5,653,True,60.370435274530344,0.6119655961550947
ASF_local,parkinglots,sed,bev,0.3,653,True,71.31646138925004,4.217045872580229
ASF_local,parkinglots,bus,3d,0.7,361,True,3.5381312449627873,5.827188277360049
ASF_local,parkinglots,bus,3d,0.5,361,True,26.486392891548416,13.546493129211544
ASF_local,parkinglots,bus,3d,0.3,361,True,63.315859104525764,3.47325129471394
ASF_local,parkinglots,bus,bev,0.7,361,True,7.193893329689599,12.623784125243079
ASF_local,parkinglots,bus,bev,0.5,361,True,47.09925638145299,4.242515597592444
ASF_local,parkinglots,bus,bev,0.3,361,True,66.62418303589587,0.4267816049731863
ASF_local,shoulder,sed,3d,0.7,861,True,71.95045897512752,5.4300545085015415
ASF_local,shoulder,sed,3d,0.5,861,True,94.59314777997628,-0.02233986030721269
ASF_local,shoulder,sed,3d,0.3,861,True,97.30201037802394,0.01975256577425455
ASF_local,shoulder,sed,bev,0.7,861,True,87.4812745139135,3.280717610607539
ASF_local,shoulder,sed,bev,0.5,861,True,99.82566019618734,-2.4008412057512913
ASF_local,shoulder,sed,bev,0.3,861,True,99.88009006765303,-0.04970208867305814
ASF_local,shoulder,bus,3d,0.7,0,False,0.0,0.0
ASF_local,shoulder,bus,3d,0.5,0,False,0.0,0.0
ASF_local,shoulder,bus,3d,0.3,0,False,0.0,0.0
ASF_local,shoulder,bus,bev,0.7,0,False,0.0,0.0
ASF_local,shoulder,bus,bev,0.5,0,False,0.0,0.0
ASF_local,shoulder,bus,bev,0.3,0,False,0.0,0.0
ASF_local,mountain,sed,3d,0.7,1086,True,8.621638503897344,1.492760823298358
ASF_local,mountain,sed,3d,0.5,1086,True,63.28234250539742,3.0112426370909873
ASF_local,mountain,sed,3d,0.3,1086,True,89.24786112714821,0.22864012097421949
ASF_local,mountain,sed,bev,0.7,1086,True,67.11239014723725,7.254375383482412
ASF_local,mountain,sed,bev,0.5,1086,True,91.7227997199281,-0.09085535055753269
ASF_local,mountain,sed,bev,0.3,1086,True,92.13533383367546,-0.0040648790452593175
ASF_local,mountain,bus,3d,0.7,598,True,13.429728848406786,1.6927533060305109
ASF_local,mountain,bus,3d,0.5,598,True,47.65124446772682,4.146045622417859
ASF_local,mountain,bus,3d,0.3,598,True,50.790486243689294,8.409039266575867
ASF_local,mountain,bus,bev,0.7,598,True,31.331530507974865,7.016581752970307
ASF_local,mountain,bus,bev,0.5,598,True,50.61392872476051,5.481137955176187
ASF_local,mountain,bus,bev,0.3,598,True,50.87350398120121,8.32602152906395
ASF_local,university,sed,3d,0.7,2599,True,3.479724880995625,1.518827319730783
ASF_local,university,sed,3d,0.5,2599,True,43.62345955829633,1.339383959580701
ASF_local,university,sed,3d,0.3,2599,True,69.69785957918569,0.01557855788631457
ASF_local,university,sed,bev,0.7,2599,True,30.235893842865035,0.1716758146695163
ASF_local,university,sed,bev,0.5,2599,True,66.13734842942696,-0.09993829268336185
ASF_local,university,sed,bev,0.3,2599,True,72.30177187820402,-0.09047834614290196
ASF_local,university,bus,3d,0.7,25,True,0.0,0.0
ASF_local,university,bus,3d,0.5,25,True,0.0,0.0
ASF_local,university,bus,3d,0.3,25,True,0.0,0.0
ASF_local,university,bus,bev,0.7,25,True,0.0,0.0
ASF_local,university,bus,bev,0.5,25,True,0.0,0.0
ASF_local,university,bus,bev,0.3,25,True,0.0,0.0
L4DR_local,all,sed,3d,0.7,29613,True,14.083791026916881,-1.7755074594357865
L4DR_local,all,sed,3d,0.5,29613,True,54.28201785796007,-2.1401080705347155
L4DR_local,all,sed,3d,0.3,29613,True,74.4926299849588,0.09171945035214435
L4DR_local,all,sed,bev,0.7,29613,True,48.20491777751108,-3.948016002219127
L4DR_local,all,sed,bev,0.5,29613,True,71.59321040467985,-0.3276074622649787
L4DR_local,all,sed,bev,0.3,29613,True,75.13326712463147,2.1875026573957257
L4DR_local,all,bus,3d,0.7,5843,True,5.562772229084613,4.352762936372441
L4DR_local,all,bus,3d,0.5,5843,True,33.39276759664026,0.5733171142075406
L4DR_local,all,bus,3d,0.3,5843,True,56.57709027556811,2.667095412603217
L4DR_local,all,bus,bev,0.7,5843,True,22.49574303214039,0.6322781383338025
L4DR_local,all,bus,bev,0.5,5843,True,49.860226011649125,0.7322945752158958
L4DR_local,all,bus,bev,0.3,5843,True,61.45708699672701,3.6801302818878767
L4DR_local,normal,sed,3d,0.7,15988,True,8.874587830378154,-3.32085907151904
L4DR_local,normal,sed,3d,0.5,15988,True,52.3266849490095,-2.936098081363106
L4DR_local,normal,sed,3d,0.3,15988,True,73.12315995788099,0.39142744092426085
L4DR_local,normal,sed,bev,0.7,15988,True,42.7314813235624,-7.144382082727034
L4DR_local,normal,sed,bev,0.5,15988,True,69.96275088104876,0.042647733788186315
L4DR_local,normal,sed,bev,0.3,15988,True,75.8362702694867,0.29341475684709906
L4DR_local,normal,bus,3d,0.7,2763,True,6.104714646992467,-3.6219422261622873
L4DR_local,normal,bus,3d,0.5,2763,True,32.17903454533253,-8.242897682959025
L4DR_local,normal,bus,3d,0.3,2763,True,54.59646059127973,-2.965570187992185
L4DR_local,normal,bus,bev,0.7,2763,True,18.077941643106723,-7.67536995661969
L4DR_local,normal,bus,bev,0.5,2763,True,44.80816875781525,-9.673065319344012
L4DR_local,normal,bus,bev,0.3,2763,True,57.94219723371421,-2.416480702441625
L4DR_local,lightsnow,sed,3d,0.7,1360,True,15.415763665526718,-4.74937378898524
L4DR_local,lightsnow,sed,3d,0.5,1360,True,59.27579199388789,1.4692307695439055
L4DR_local,lightsnow,sed,3d,0.3,1360,True,82.73938534475536,6.816063622358158
L4DR_local,lightsnow,sed,bev,0.7,1360,True,67.68102746473178,-0.24361974653297125
L4DR_local,lightsnow,sed,bev,0.5,1360,True,82.62442192729492,4.844716535033555
L4DR_local,lightsnow,sed,bev,0.3,1360,True,85.0964196722095,5.033882493199059
L4DR_local,lightsnow,bus,3d,0.7,540,True,28.04082078858911,20.434972578030774
L4DR_local,lightsnow,bus,3d,0.5,540,True,68.99576694644297,6.096093332070311
L4DR_local,lightsnow,bus,3d,0.3,540,True,89.15913842222015,0.40436289280789595
L4DR_local,lightsnow,bus,bev,0.7,540,True,64.61417881830343,9.579920438025724
L4DR_local,lightsnow,bus,bev,0.5,540,True,87.76838295297625,1.368866194416725
L4DR_local,lightsnow,bus,bev,0.3,540,True,95.70135896788796,-1.0601464190610699
L4DR_local,heavysnow,sed,3d,0.7,1611,True,17.28571733726018,0.8995151497837384
L4DR_local,heavysnow,sed,3d,0.5,1611,True,38.72302069347808,11.762303275228966
L4DR_local,heavysnow,sed,3d,0.3,1611,True,51.99042949053023,11.583113361538231
L4DR_local,heavysnow,sed,bev,0.7,1611,True,38.085639780898624,5.161164983805634
L4DR_local,heavysnow,sed,bev,0.5,1611,True,52.003138302104304,9.330736899593234
L4DR_local,heavysnow,sed,bev,0.3,1611,True,52.35296904316539,13.52085918806965
L4DR_local,heavysnow,bus,3d,0.7,1137,True,1.8864612347709833,12.055262559891936
L4DR_local,heavysnow,bus,3d,0.5,1137,True,17.000840583682763,22.367554310581706
L4DR_local,heavysnow,bus,3d,0.3,1137,True,54.27280033156452,18.06843817010266
L4DR_local,heavysnow,bus,bev,0.7,1137,True,25.072203422001433,11.85334682784973
L4DR_local,heavysnow,bus,bev,0.5,1137,True,52.30297493968371,26.66158598164725
L4DR_local,heavysnow,bus,bev,0.3,1137,True,65.18123997663696,24.322782249966025
L4DR_local,rain,sed,3d,0.7,5978,True,14.377185917800517,3.11670243105646
L4DR_local,rain,sed,3d,0.5,5978,True,54.94700982952785,-6.648161135880386
L4DR_local,rain,sed,3d,0.3,5978,True,76.2725217825918,-8.16286882886375
L4DR_local,rain,sed,bev,0.7,5978,True,53.565065218535935,-8.665045777511587
L4DR_local,rain,sed,bev,0.5,5978,True,75.2722769677742,-11.21669919029631
L4DR_local,rain,sed,bev,0.3,5978,True,79.26236810818811,-10.41963710736438
L4DR_local,rain,bus,3d,0.7,120,True,1.0547132498352012,-0.15428320306369092
L4DR_local,rain,bus,3d,0.5,120,True,6.595830435005437,-1.5441902259811124
L4DR_local,rain,bus,3d,0.3,120,True,7.811864609171068,2.2712701080064646
L4DR_local,rain,bus,bev,0.7,120,True,5.303529693773596,-1.6522789565151568
L4DR_local,rain,bus,bev,0.5,120,True,7.240821024209645,1.1154628004757123
L4DR_local,rain,bus,bev,0.3,120,True,7.811864609171068,2.2712701080064646
L4DR_local,sleet,sed,3d,0.7,1622,True,15.073435015929576,-7.752838751405455
L4DR_local,sleet,sed,3d,0.5,1622,True,41.21649070082017,7.912487371794143
L4DR_local,sleet,sed,3d,0.3,1622,True,54.548834754770034,17.96773568989284
L4DR_local,sleet,sed,bev,0.7,1622,True,39.17986269856119,2.8330378782892467
L4DR_local,sleet,sed,bev,0.5,1622,True,49.80125366036895,14.045039009384539
L4DR_local,sleet,sed,bev,0.3,1622,True,57.275950157910984,18.333967821845746
L4DR_local,sleet,bus,3d,0.7,1132,True,5.773106047232323,3.5634133313926313
L4DR_local,sleet,bus,3d,0.5,1132,True,43.049630593197676,-4.570894496426369
L4DR_local,sleet,bus,3d,0.3,1132,True,59.89490993898092,-2.423047546264222
L4DR_local,sleet,bus,bev,0.7,1132,True,18.424051733984246,4.252023972403954
L4DR_local,sleet,bus,bev,0.5,1132,True,51.76346644203698,-3.449164164003861
L4DR_local,sleet,bus,bev,0.3,1132,True,60.43302398023369,-2.3549021610418492
L4DR_local,overcast,sed,3d,0.7,1107,True,4.617385161737026,4.10693105342958
L4DR_local,overcast,sed,3d,0.5,1107,True,49.236472250222455,10.387146441171232
L4DR_local,overcast,sed,3d,0.3,1107,True,80.0632799170914,4.240604487286461
L4DR_local,overcast,sed,bev,0.7,1107,True,41.183642588885114,4.280392703387818
L4DR_local,overcast,sed,bev,0.5,1107,True,80.55801330058159,1.7476692730467676
L4DR_local,overcast,sed,bev,0.3,1107,True,86.50954292151835,4.877580349057837
L4DR_local,overcast,bus,3d,0.7,151,True,8.058931832317505,-2.807929831279707
L4DR_local,overcast,bus,3d,0.5,151,True,55.89381079400775,-6.238941836795753
L4DR_local,overcast,bus,3d,0.3,151,True,82.07274780826143,-8.251442725263416
L4DR_local,overcast,bus,bev,0.7,151,True,36.281601760788405,-17.565785057166817
L4DR_local,overcast,bus,bev,0.5,151,True,73.9380446242843,-11.63288922367088
L4DR_local,overcast,bus,bev,0.3,151,True,84.61165001874691,-10.590628088929591
L4DR_local,fog,sed,3d,0.7,1947,True,49.833384905490284,-6.315342265389326
L4DR_local,fog,sed,3d,0.5,1947,True,83.44257236642947,-3.141088323076147
L4DR_local,fog,sed,3d,0.3,1947,True,92.32634323970717,2.129425059048671
L4DR_local,fog,sed,bev,0.7,1947,True,82.55275220382406,-0.38040634952024277
L4DR_local,fog,sed,bev,0.5,1947,True,92.44281728758358,2.2250660201802646
L4DR_local,fog,sed,bev,0.3,1947,True,92.52211032075056,2.3171340868009622
L4DR_local,fog,bus,3d,0.7,0,False,0.0,0.0
L4DR_local,fog,bus,3d,0.5,0,False,0.0,0.0
L4DR_local,fog,bus,3d,0.3,0,False,0.0,0.0
L4DR_local,fog,bus,bev,0.7,0,False,0.0,0.0
L4DR_local,fog,bus,bev,0.5,0,False,0.0,0.0
L4DR_local,fog,bus,bev,0.3,0,False,0.0,0.0
L4DR_local,day,sed,3d,0.7,19961,True,14.59648406086918,-2.1274870120775713
L4DR_local,day,sed,3d,0.5,19961,True,55.008187486584184,-0.2986526977878725
L4DR_local,day,sed,3d,0.3,19961,True,73.90206216982824,2.8386286156259786
L4DR_local,day,sed,bev,0.7,19961,True,48.050828421599526,-3.4621505836853714
L4DR_local,day,sed,bev,0.5,19961,True,71.21552155129812,2.4258048958371887
L4DR_local,day,sed,bev,0.3,19961,True,74.371358275246,4.940333220748585
L4DR_local,day,bus,3d,0.7,3603,True,3.767286989140608,0.8540707161446086
L4DR_local,day,bus,3d,0.5,3603,True,28.830189865864703,-2.034586507816055
L4DR_local,day,bus,3d,0.3,3603,True,51.37393714839187,2.300032817090127
L4DR_local,day,bus,bev,0.7,3603,True,16.505176522419422,-0.9273302524282414
L4DR_local,day,bus,bev,0.5,3603,True,44.132273930334335,-2.3122522372352634
L4DR_local,day,bus,bev,0.3,3603,True,54.56664972856908,2.417038628065015
L4DR_local,night,sed,3d,0.7,9652,True,12.921517038964,-0.7501598111389605
L4DR_local,night,sed,3d,0.5,9652,True,51.103219291560976,-4.189695191002485
L4DR_local,night,sed,3d,0.3,9652,True,73.54740076958667,-3.272399870983932
L4DR_local,night,sed,bev,0.7,9652,True,48.55707061357159,-6.299160010117539
L4DR_local,night,sed,bev,0.5,9652,True,72.36208640343168,-5.8956202286823185
L4DR_local,night,sed,bev,0.3,9652,True,76.65083716163494,-3.230872539482391
L4DR_local,night,bus,3d,0.7,2240,True,9.105375111716404,9.091683588928662
L4DR_local,night,bus,3d,0.5,2240,True,40.896147445022244,1.7909323495384655
L4DR_local,night,bus,3d,0.3,2240,True,66.42497647228977,-2.5966484661733418
L4DR_local,night,bus,bev,0.7,2240,True,34.144530668595245,-0.5052739596385862
L4DR_local,night,bus,bev,0.5,2240,True,60.607124429483285,1.6671574582830928
L4DR_local,night,bus,bev,0.3,2240,True,75.80662124710533,2.2227976770389404
L4DR_local,urban,sed,3d,0.7,12032,True,13.575711335876875,1.2760349771422845
L4DR_local,urban,sed,3d,0.5,12032,True,54.944593000040655,2.387137212925346
L4DR_local,urban,sed,3d,0.3,12032,True,73.37291723956844,4.578638851408087
L4DR_local,urban,sed,bev,0.7,12032,True,51.21900562757716,-0.8266727205194044
L4DR_local,urban,sed,bev,0.5,12032,True,72.41973411427102,2.0603812688329413
L4DR_local,urban,sed,bev,0.3,12032,True,76.35341201493203,4.428459223041202
L4DR_local,urban,bus,3d,0.7,748,True,2.391949394738722,17.625937867783577
L4DR_local,urban,bus,3d,0.5,748,True,17.915561236107077,29.88425600922829
L4DR_local,urban,bus,3d,0.3,748,True,53.13020136960941,32.05357755658959
L4DR_local,urban,bus,bev,0.7,748,True,25.89745020004327,17.36067853036616
L4DR_local,urban,bus,bev,0.5,748,True,52.816232879799244,25.892707631116735
L4DR_local,urban,bus,bev,0.3,748,True,53.75078022342178,31.770166417645264
L4DR_local,highway,sed,3d,0.7,8175,True,8.737698535080469,-3.371562861490003
L4DR_local,highway,sed,3d,0.5,8175,True,55.199594845878096,0.8834321622278622
L4DR_local,highway,sed,3d,0.3,8175,True,79.19167693327492,3.8663890079602368
L4DR_local,highway,sed,bev,0.7,8175,True,46.21852179975108,-4.431192982427902
L4DR_local,highway,sed,bev,0.5,8175,True,78.26596654647172,1.3175566849087375
L4DR_local,highway,sed,bev,0.3,8175,True,81.90972562155882,3.8174388224937132
L4DR_local,highway,bus,3d,0.7,3774,True,6.9939607164802045,2.712280168099541
L4DR_local,highway,bus,3d,0.5,3774,True,34.87562103389155,-1.74348726434161
L4DR_local,highway,bus,3d,0.3,3774,True,61.38047184648086,-3.928389102734279
L4DR_local,highway,bus,bev,0.7,3774,True,24.41113229140233,-2.804984583415088
L4DR_local,highway,bus,bev,0.5,3774,True,54.40056670584742,-3.5677024641526742
L4DR_local,highway,bus,bev,0.3,3774,True,66.94816736028653,1.127489496675409
L4DR_local,countryside,sed,3d,0.7,363,True,8.260200702723973,-0.13362050066771403
L4DR_local,countryside,sed,3d,0.5,363,True,31.737569404067788,2.499447427369244
L4DR_local,countryside,sed,3d,0.3,363,True,63.50714954121784,-3.4911728451664104
L4DR_local,countryside,sed,bev,0.7,363,True,26.23905831272338,-2.959072118600524
L4DR_local,countryside,sed,bev,0.5,363,True,59.24396340246236,-3.313714864507766
L4DR_local,countryside,sed,bev,0.3,363,True,69.51423365905698,-4.187488747280213
L4DR_local,countryside,bus,3d,0.7,173,True,0.17115960633290542,1.4153272309592702
L4DR_local,countryside,bus,3d,0.5,173,True,5.130361648444072,7.185061374838975
L4DR_local,countryside,bus,3d,0.3,173,True,15.008410428931873,9.826047212629307
L4DR_local,countryside,bus,bev,0.7,173,True,2.22507488232777,5.398971340051271
L4DR_local,countryside,bus,bev,0.5,173,True,9.918994289761407,9.67962354766253
L4DR_local,countryside,bus,bev,0.3,173,True,17.25820016820858,10.088097368913434
L4DR_local,alleyway,sed,3d,0.7,3844,True,9.11346083651206,-6.404457160474702
L4DR_local,alleyway,sed,3d,0.5,3844,True,38.67960428362571,-17.61159946715697
L4DR_local,alleyway,sed,3d,0.3,3844,True,60.253071714042264,-22.145443510930235
L4DR_local,alleyway,sed,bev,0.7,3844,True,35.022778143480906,-19.018840697840503
L4DR_local,alleyway,sed,bev,0.5,3844,True,57.65137928108486,-22.383125881000346
L4DR_local,alleyway,sed,bev,0.3,3844,True,60.89032502887104,-19.737486992067993
L4DR_local,alleyway,bus,3d,0.7,164,True,1.1657101865136297,-1.024317468238621
L4DR_local,alleyway,bus,3d,0.5,164,True,9.631228807704586,-6.4003290666002535
L4DR_local,alleyway,bus,3d,0.3,164,True,18.340154150194802,4.63547261570692
L4DR_local,alleyway,bus,bev,0.7,164,True,5.968436154949785,-4.291922495403252
L4DR_local,alleyway,bus,bev,0.5,164,True,14.542611434115063,-2.839682801640219
L4DR_local,alleyway,bus,bev,0.3,164,True,19.99685162480126,5.484787981224471
L4DR_local,parkinglots,sed,3d,0.7,653,True,29.748762155827723,-2.3201004363157587
L4DR_local,parkinglots,sed,3d,0.5,653,True,46.2986912336508,4.740028118103545
L4DR_local,parkinglots,sed,3d,0.3,653,True,59.88226869434968,15.421675137817708
L4DR_local,parkinglots,sed,bev,0.7,653,True,37.36283643689253,-1.013125704916611
L4DR_local,parkinglots,sed,bev,0.5,653,True,51.46869590662414,9.513704964061297
L4DR_local,parkinglots,sed,bev,0.3,653,True,59.88226869434968,15.651238567480583
L4DR_local,parkinglots,bus,3d,0.7,361,True,1.7799424303489342,7.5853770919739025
L4DR_local,parkinglots,bus,3d,0.5,361,True,39.684275835438896,0.34861018532106414
L4DR_local,parkinglots,bus,3d,0.3,361,True,53.78764567098222,13.001464728257481
L4DR_local,parkinglots,bus,bev,0.7,361,True,13.288026388431751,6.529651066500927
L4DR_local,parkinglots,bus,bev,0.5,361,True,46.85267240521762,4.489099573827815
L4DR_local,parkinglots,bus,bev,0.3,361,True,54.07378039343919,12.97718424742986
L4DR_local,shoulder,sed,3d,0.7,861,True,74.7177802709271,2.6627332127019656
L4DR_local,shoulder,sed,3d,0.5,861,True,92.21923416683705,2.35157375283201
L4DR_local,shoulder,sed,3d,0.3,861,True,94.96771118792948,2.35405175586871
L4DR_local,shoulder,sed,bev,0.7,861,True,88.17036626108975,2.5916258634312896
L4DR_local,shoulder,sed,bev,0.5,861,True,97.42956655852068,-0.0047475680846247315
L4DR_local,shoulder,sed,bev,0.3,861,True,97.51637998775358,2.31400799122639
L4DR_local,shoulder,bus,3d,0.7,0,False,0.0,0.0
L4DR_local,shoulder,bus,3d,0.5,0,False,0.0,0.0
L4DR_local,shoulder,bus,3d,0.3,0,False,0.0,0.0
L4DR_local,shoulder,bus,bev,0.7,0,False,0.0,0.0
L4DR_local,shoulder,bus,bev,0.5,0,False,0.0,0.0
L4DR_local,shoulder,bus,bev,0.3,0,False,0.0,0.0
L4DR_local,mountain,sed,3d,0.7,1086,True,22.247782502140684,-12.133383174944981
L4DR_local,mountain,sed,3d,0.5,1086,True,73.02254597936822,-6.728960836879807
L4DR_local,mountain,sed,3d,0.3,1086,True,89.28781765399768,0.188683594124754
L4DR_local,mountain,sed,bev,0.7,1086,True,76.53030544287601,-2.1635399121563523
L4DR_local,mountain,sed,bev,0.5,1086,True,89.4897975915223,2.142146777848268
L4DR_local,mountain,sed,bev,0.3,1086,True,89.56710674243814,2.564162212192059
L4DR_local,mountain,bus,3d,0.7,598,True,12.927004057489237,2.19547809694806
L4DR_local,mountain,bus,3d,0.5,598,True,59.68341683296412,-7.886126742819442
L4DR_local,mountain,bus,3d,0.3,598,True,72.73876920960983,-13.539243699344667
L4DR_local,mountain,bus,bev,0.7,598,True,30.410033823015496,7.938078437929676
L4DR_local,mountain,bus,bev,0.5,598,True,68.35944412795823,-12.264377448021527
L4DR_local,mountain,bus,bev,0.3,598,True,72.73876920960983,-13.539243699344667
L4DR_local,university,sed,3d,0.7,2599,True,7.027117376047583,-2.028565175321175
L4DR_local,university,sed,3d,0.5,2599,True,47.77432846427903,-2.811484946401997
L4DR_local,university,sed,3d,0.3,2599,True,68.99106677100548,0.7223713660665254
L4DR_local,university,sed,bev,0.7,2599,True,40.01550400535423,-9.607934347819679
L4DR_local,university,sed,bev,0.5,2599,True,67.94861107237455,-1.9112009356309443
L4DR_local,university,sed,bev,0.3,2599,True,71.49038188585124,0.7209116462098848
L4DR_local,university,bus,3d,0.7,25,True,0.0,0.0
L4DR_local,university,bus,3d,0.5,25,True,0.0,0.0
L4DR_local,university,bus,3d,0.3,25,True,0.0,0.0
L4DR_local,university,bus,bev,0.7,25,True,0.0,0.0
L4DR_local,university,bus,bev,0.5,25,True,0.0,0.0
L4DR_local,university,bus,bev,0.3,25,True,0.0,0.0
L4DR_official,all,sed,3d,0.7,29613,True,11.230749999089644,1.0775335683914502
L4DR_official,all,sed,3d,0.5,29613,True,54.68228528949126,-2.5403755020659062
L4DR_official,all,sed,3d,0.3,29613,True,76.7941465297632,-2.209797094452256
L4DR_official,all,sed,bev,0.7,29613,True,49.1646970885633,-4.90779531327135
L4DR_official,all,sed,bev,0.5,29613,True,73.60883045917609,-2.3432275167612175
L4DR_official,all,sed,bev,0.3,29613,True,79.89624660275196,-2.5754768207247594
L4DR_official,all,bus,3d,0.7,5843,True,10.491341426590552,-0.5758062611334971
L4DR_official,all,bus,3d,0.5,5843,True,41.77797063443804,-7.811885923590239
L4DR_official,all,bus,3d,0.3,5843,True,62.17308516422231,-2.9288994760509794
L4DR_official,all,bus,bev,0.7,5843,True,29.647555081182364,-6.519533910708173
L4DR_official,all,bus,bev,0.5,5843,True,56.8599119916367,-6.267391404771679
L4DR_official,all,bus,bev,0.3,5843,True,67.12447279552708,-1.9872555169121995
L4DR_official,normal,sed,3d,0.7,15988,True,6.92540744845747,-1.3716786895983564
L4DR_official,normal,sed,3d,0.5,15988,True,50.21303711447865,-0.8224502468322612
L4DR_official,normal,sed,3d,0.3,15988,True,75.5165789943824,-2.0019915955771523
L4DR_official,normal,sed,bev,0.7,15988,True,42.880015470847546,-7.292916230012182
L4DR_official,normal,sed,bev,0.5,15988,True,72.04424662921436,-2.0388480143774075
L4DR_official,normal,sed,bev,0.3,15988,True,76.37767033029422,-0.2479853039604194
L4DR_official,normal,bus,3d,0.7,2763,True,7.739849608488392,-5.257077187658211
L4DR_official,normal,bus,3d,0.5,2763,True,36.5955128647862,-12.6593760024127
L4DR_official,normal,bus,3d,0.3,2763,True,56.26926214449585,-4.638371741208303
L4DR_official,normal,bus,bev,0.7,2763,True,21.23638615844648,-10.833814471959446
L4DR_official,normal,bus,bev,0.5,2763,True,46.88430364315844,-11.749200204687199
L4DR_official,normal,bus,bev,0.3,2763,True,59.346022705438294,-3.820306174165708
L4DR_official,overcast,sed,3d,0.7,1107,True,11.126021227324513,-2.4017050121579064
L4DR_official,overcast,sed,3d,0.5,1107,True,56.5263421347087,3.0972765566849887
L4DR_official,overcast,sed,3d,0.3,1107,True,83.57146866059291,0.732415743784955
L4DR_official,overcast,sed,bev,0.7,1107,True,51.100286750487044,-5.636251458214112
L4DR_official,overcast,sed,bev,0.5,1107,True,87.30930337489833,-5.0036208012699745
L4DR_official,overcast,sed,bev,0.3,1107,True,90.73479458438379,0.6523286861923907
L4DR_official,overcast,bus,3d,0.7,151,True,14.490832588796367,-9.239830587758568
L4DR_official,overcast,bus,3d,0.5,151,True,76.06427935482016,-26.409410397608163
L4DR_official,overcast,bus,3d,0.3,151,True,87.42964352720442,-13.60833844420641
L4DR_official,overcast,bus,bev,0.7,151,True,44.37066899255135,-25.654852288929764
L4DR_official,overcast,bus,bev,0.5,151,True,81.75538037262379,-19.450224972010368
L4DR_official,overcast,bus,bev,0.3,151,True,87.42964352720442,-13.408621597387096
L4DR_official,fog,sed,3d,0.7,1947,True,38.296274700885064,5.221767939215894
L4DR_official,fog,sed,3d,0.5,1947,True,83.81108300487693,-3.509598961523608
L4DR_official,fog,sed,3d,0.3,1947,True,93.60388815841152,0.8518801403443206
L4DR_official,fog,sed,bev,0.7,1947,True,80.7790593076275,1.3932865466763076
L4DR_official,fog,sed,bev,0.5,1947,True,94.37606266928843,0.2918206384754143
L4DR_official,fog,sed,bev,0.3,1947,True,94.80997279060979,0.02927161694172753
L4DR_official,fog,bus,3d,0.7,0,False,0.0,0.0
L4DR_official,fog,bus,3d,0.5,0,False,0.0,0.0
L4DR_official,fog,bus,3d,0.3,0,False,0.0,0.0
L4DR_official,fog,bus,bev,0.7,0,False,0.0,0.0
L4DR_official,fog,bus,bev,0.5,0,False,0.0,0.0
L4DR_official,fog,bus,bev,0.3,0,False,0.0,0.0
L4DR_official,rain,sed,3d,0.7,5978,True,14.408561358465466,3.0853269903915113
L4DR_official,rain,sed,3d,0.5,5978,True,53.03420031376067,-4.735351620113207
L4DR_official,rain,sed,3d,0.3,5978,True,78.25492313085188,-10.145270177123834
L4DR_official,rain,sed,bev,0.7,5978,True,53.38265392716976,-8.482634486145415
L4DR_official,rain,sed,bev,0.5,5978,True,76.39988857046843,-12.344310792990541
L4DR_official,rain,sed,bev,0.3,5978,True,81.47223131831129,-12.629500317487555
L4DR_official,rain,bus,3d,0.7,120,True,0.06097560975609756,0.8394544370154127
L4DR_official,rain,bus,3d,0.5,120,True,0.6766917293233082,4.3749484797010165
L4DR_official,rain,bus,3d,0.3,120,True,2.964426040265613,7.11870867691192
L4DR_official,rain,bus,bev,0.7,120,True,0.4369121006751669,3.2143386365832725
L4DR_official,rain,bus,bev,0.5,120,True,0.6949224941663226,7.661361330519036
L4DR_official,rain,bus,bev,0.3,120,True,4.241869036145855,5.841265681031678
L4DR_official,sleet,sed,3d,0.7,1622,True,10.027844520500288,-2.7072482559761673
L4DR_official,sleet,sed,3d,0.5,1622,True,47.42177300816858,1.7072050644457306
L4DR_official,sleet,sed,3d,0.3,1622,True,67.1694266405103,5.34714380415258
L4DR_official,sleet,sed,bev,0.7,1622,True,40.00465536788298,2.008245208967452
L4DR_official,sleet,sed,bev,0.5,1622,True,59.56544683471308,4.2808458350404095
L4DR_official,sleet,sed,bev,0.3,1622,True,70.54217705577393,5.067740923982797
L4DR_official,sleet,bus,3d,0.7,1132,True,11.222414400001478,-1.8858950213765233
L4DR_official,sleet,bus,3d,0.5,1132,True,62.915050947980276,-24.43631485120897
L4DR_official,sleet,bus,3d,0.3,1132,True,74.74922014367492,-17.277357750958217
L4DR_official,sleet,bus,bev,0.7,1132,True,34.84362435943518,-12.167548653046982
L4DR_official,sleet,bus,bev,0.5,1132,True,70.21761581434156,-21.90331353630844
L4DR_official,sleet,bus,bev,0.3,1132,True,76.95430928553299,-18.876187466341143
L4DR_official,lightsnow,sed,3d,0.7,1360,True,21.138535764888257,-10.472145888346779
L4DR_official,lightsnow,sed,3d,0.5,1360,True,62.32145811621768,-1.5764353527858788
L4DR_official,lightsnow,sed,3d,0.3,1360,True,87.70972634016832,1.8457226269452036
L4DR_official,lightsnow,sed,bev,0.7,1360,True,66.66113293554335,0.776274782655463
L4DR_official,lightsnow,sed,bev,0.5,1360,True,87.95223290766204,-0.48309444533356327
L4DR_official,lightsnow,sed,bev,0.3,1360,True,90.38351203421313,-0.25320986880456076
L4DR_official,lightsnow,bus,3d,0.7,540,True,36.40180055252114,12.073992814098744
L4DR_official,lightsnow,bus,3d,0.5,540,True,53.297252342940716,21.794607935572564
L4DR_official,lightsnow,bus,3d,0.3,540,True,80.47092661099529,9.092574704032756
L4DR_official,lightsnow,bus,bev,0.7,540,True,56.3281104281011,17.865988828228055
L4DR_official,lightsnow,bus,bev,0.5,540,True,68.17358560430498,20.963663543088003
L4DR_official,lightsnow,bus,bev,0.3,540,True,88.47576229207289,6.165450256753999
L4DR_official,heavysnow,sed,3d,0.7,1611,True,16.71069849504577,1.4745339919981504
L4DR_official,heavysnow,sed,3d,0.5,1611,True,53.33468441306086,-2.8493604443538203
L4DR_official,heavysnow,sed,3d,0.3,1611,True,58.487863244162,5.085679607906464
L4DR_official,heavysnow,sed,bev,0.7,1611,True,45.05851013954842,-1.8117053748441592
L4DR_official,heavysnow,sed,bev,0.5,1611,True,56.543186491816954,4.790688709880584
L4DR_official,heavysnow,sed,bev,0.3,1611,True,61.054058430420156,4.819769800814882
L4DR_official,heavysnow,bus,3d,0.7,1137,True,15.893298968296982,-1.9515751736340619
L4DR_official,heavysnow,bus,3d,0.5,1137,True,41.10701771835895,-1.7386228240944774
L4DR_official,heavysnow,bus,3d,0.3,1137,True,63.763961728938746,8.577276772728432
L4DR_official,heavysnow,bus,bev,0.7,1137,True,49.18640063281548,-12.260850382964314
L4DR_official,heavysnow,bus,bev,0.5,1137,True,74.62164049959344,4.342920421737517
L4DR_official,heavysnow,bus,bev,0.3,1137,True,74.81388708814588,14.690135138457109
L4DR_official,day,sed,3d,0.7,19961,True,10.628648012932333,1.8403490358592762
L4DR_official,day,sed,3d,0.5,19961,True,55.92202002517775,-1.2124852363814398
L4DR_official,day,sed,3d,0.3,19961,True,76.5767437999036,0.16394698555062348
L4DR_official,day,sed,bev,0.7,19961,True,49.24993587713042,-4.661258039216264
L4DR_official,day,sed,bev,0.5,19961,True,73.82603877654316,-0.18471232940784432
L4DR_official,day,sed,bev,0.3,19961,True,79.37261623968328,-0.06092474368870171
L4DR_official,day,bus,3d,0.7,3603,True,8.985154256968915,-4.3637965516836985
L4DR_official,day,bus,3d,0.5,3603,True,39.848635146963964,-13.053031788915316
L4DR_official,day,bus,3d,0.3,3603,True,59.33504449739604,-5.661074531914046
L4DR_official,day,bus,bev,0.7,3603,True,26.98115055925645,-11.403304289265268
L4DR_official,day,bus,bev,0.5,3603,True,50.832762371960285,-9.012740678861213
L4DR_official,day,bus,bev,0.3,3603,True,60.42172390527735,-3.4380355486432492
L4DR_official,night,sed,3d,0.7,9652,True,13.296827075923032,-1.1254698480979926
L4DR_official,night,sed,3d,0.5,9652,True,49.8235924178916,-2.9100683173331063
L4DR_official,night,sed,3d,0.3,9652,True,77.27044380207344,-6.995442903470703
L4DR_official,night,sed,bev,0.7,9652,True,49.1043772589919,-6.846466655537853
L4DR_official,night,sed,bev,0.5,9652,True,73.35579085691555,-6.88932468216619
L4DR_official,night,sed,bev,0.3,9652,True,80.96420961297494,-7.544244990822392
L4DR_official,night,bus,3d,0.7,2240,True,13.366655970211704,4.830402730433361
L4DR_official,night,bus,3d,0.5,2240,True,43.709691762220665,-1.0226119676599552
L4DR_official,night,bus,3d,0.3,2240,True,67.49583786676513,-3.6675098606486998
L4DR_official,night,bus,bev,0.7,2240,True,35.743545601803575,-2.104288892846917
L4DR_official,night,bus,bev,0.5,2240,True,64.13279487686596,-1.8585129890995802
L4DR_official,night,bus,bev,0.3,2240,True,77.0813387873386,0.9480801368056717
L4DR_official,urban,sed,3d,0.7,12032,True,13.754381287300932,1.0973650257182275
L4DR_official,urban,sed,3d,0.5,12032,True,56.26426102733008,1.0674691856359217
L4DR_official,urban,sed,3d,0.3,12032,True,75.38831235356375,2.563243737412776
L4DR_official,urban,sed,bev,0.7,12032,True,52.897619474836134,-2.505286567778377
L4DR_official,urban,sed,bev,0.5,12032,True,71.87408918824018,2.6060261948637873
L4DR_official,urban,sed,bev,0.3,12032,True,78.62051397347163,2.1613572645016035
L4DR_official,urban,bus,3d,0.7,748,True,21.945514500012155,-1.9276272374898547
L4DR_official,urban,bus,3d,0.5,748,True,41.9611939374828,5.838623307852572
L4DR_official,urban,bus,3d,0.3,748,True,67.70902560794276,17.474753318256234
L4DR_official,urban,bus,bev,0.7,748,True,52.526588208086736,-9.268459477677304
L4DR_official,urban,bus,bev,0.5,748,True,67.21646148451175,11.492479026404226
L4DR_official,urban,bus,bev,0.3,748,True,67.8306438128925,17.690302828174538
L4DR_official,highway,sed,3d,0.7,8175,True,7.51743454043791,-2.151298866847444
L4DR_official,highway,sed,3d,0.5,8175,True,54.228101845716694,1.8549251623892644
L4DR_official,highway,sed,3d,0.3,8175,True,82.22115562991851,0.8369103113166432
L4DR_official,highway,sed,bev,0.7,8175,True,46.103756230402496,-4.316427413079317
L4DR_official,highway,sed,bev,0.5,8175,True,78.70326599706947,0.8802572343109887
L4DR_official,highway,sed,bev,0.3,8175,True,85.14505393950269,0.5821105045498456
L4DR_official,highway,bus,3d,0.7,3774,True,10.213326483088915,-0.5070855985091693
L4DR_official,highway,bus,3d,0.5,3774,True,40.9973401412801,-7.86520637173016
L4DR_official,highway,bus,3d,0.3,3774,True,62.01945771783394,-4.5673749740873575
L4DR_official,highway,bus,bev,0.7,3774,True,27.720948034670545,-6.114800326683305
L4DR_official,highway,bus,bev,0.5,3774,True,55.45298372842726,-4.62011948673252
L4DR_official,highway,bus,bev,0.3,3774,True,67.68942750382796,0.38622935313398443
L4DR_official,countryside,sed,3d,0.7,363,True,7.554221902447994,0.5723582996082648
L4DR_official,countryside,sed,3d,0.5,363,True,42.956158943152396,-8.719142111715364
L4DR_official,countryside,sed,3d,0.3,363,True,79.04358827935017,-19.027611583298743
L4DR_official,countryside,sed,bev,0.7,363,True,40.05800081968188,-16.778014625559024
L4DR_official,countryside,sed,bev,0.5,363,True,71.76368076072858,-15.833432222773979
L4DR_official,countryside,sed,bev,0.3,363,True,80.42597377161869,-15.099228859841915
L4DR_official,countryside,bus,3d,0.7,173,True,3.1136481577581736,-1.527161320465998
L4DR_official,countryside,bus,3d,0.5,173,True,25.345737993462407,-13.03031497017936
L4DR_official,countryside,bus,3d,0.3,173,True,41.7718039376667,-16.937346296105517
L4DR_official,countryside,bus,bev,0.7,173,True,20.624901944219843,-13.000855721840802
L4DR_official,countryside,bus,bev,0.5,173,True,25.748051294945938,-6.149433457522001
L4DR_official,countryside,bus,bev,0.3,173,True,45.33047479145438,-17.984177254332362
L4DR_official,alleyway,sed,3d,0.7,3844,True,8.667705024309276,-5.958701348271918
L4DR_official,alleyway,sed,3d,0.5,3844,True,38.52127238039093,-17.453267563922196
L4DR_official,alleyway,sed,3d,0.3,3844,True,61.58891000638219,-23.481281803270164
L4DR_official,alleyway,sed,bev,0.7,3844,True,35.45061670361921,-19.446679257978808
L4DR_official,alleyway,sed,bev,0.5,3844,True,61.19722368044669,-25.92897028036218
L4DR_official,alleyway,sed,bev,0.3,3844,True,66.94976453519433,-25.796926498391286
L4DR_official,alleyway,bus,3d,0.7,164,True,2.682926829268293,-2.541534110993284
L4DR_official,alleyway,bus,3d,0.5,164,True,5.616054454787618,-2.3851547136832854
L4DR_official,alleyway,bus,3d,0.3,164,True,19.149359114368533,3.8262676515331897
L4DR_official,alleyway,bus,bev,0.7,164,True,3.684402122890043,-2.0078884633435097
L4DR_official,alleyway,bus,bev,0.5,164,True,11.024548226465487,0.6783804060093566
L4DR_official,alleyway,bus,bev,0.3,164,True,19.149359114368533,6.3322804916571975
L4DR_official,parkinglots,sed,3d,0.7,653,True,23.830821483711702,3.5978402358002626
L4DR_official,parkinglots,sed,3d,0.5,653,True,52.842473217807594,-1.803753866053249
L4DR_official,parkinglots,sed,3d,0.3,653,True,66.96665964807215,8.337284184095239
L4DR_official,parkinglots,sed,bev,0.7,653,True,33.083479398380305,3.266231333595613
L4DR_official,parkinglots,sed,bev,0.5,653,True,60.794475792541256,0.18792507814418258
L4DR_official,parkinglots,sed,bev,0.3,653,True,68.5091181195601,7.0243891422701665
L4DR_official,parkinglots,bus,3d,0.7,361,True,3.7830405474703044,5.5822789748525325
L4DR_official,parkinglots,bus,3d,0.5,361,True,52.214094058281106,-12.181208037521145
L4DR_official,parkinglots,bus,3d,0.3,361,True,63.10197511287381,3.687135286365894
L4DR_official,parkinglots,bus,bev,0.7,361,True,25.643215356537695,-5.825537901605017
L4DR_official,parkinglots,bus,bev,0.5,361,True,57.71043198871026,-6.368660009664829
L4DR_official,parkinglots,bus,bev,0.3,361,True,65.23895684877701,1.8120077920920465
L4DR_official,shoulder,sed,3d,0.7,861,True,63.50177504382055,13.878738439808508
L4DR_official,shoulder,sed,3d,0.5,861,True,91.12750377034001,3.4433041493290517
L4DR_official,shoulder,sed,3d,0.3,861,True,93.71494668495805,3.6068162588401407
L4DR_official,shoulder,sed,bev,0.7,861,True,82.76558625233206,7.996405872188987
L4DR_official,shoulder,sed,bev,0.5,861,True,96.78664747566779,0.6381715147682598
L4DR_official,shoulder,sed,bev,0.3,861,True,99.67824751243526,0.15214046654470792
L4DR_official,shoulder,bus,3d,0.7,0,False,0.0,0.0
L4DR_official,shoulder,bus,3d,0.5,0,False,0.0,0.0
L4DR_official,shoulder,bus,3d,0.3,0,False,0.0,0.0
L4DR_official,shoulder,bus,bev,0.7,0,False,0.0,0.0
L4DR_official,shoulder,bus,bev,0.5,0,False,0.0,0.0
L4DR_official,shoulder,bus,bev,0.3,0,False,0.0,0.0
L4DR_official,mountain,sed,3d,0.7,1086,True,18.662953750216992,-8.54855442302129
L4DR_official,mountain,sed,3d,0.5,1086,True,76.24364694602644,-9.950061803538034
L4DR_official,mountain,sed,3d,0.3,1086,True,91.07551514563444,-1.599013897512009
L4DR_official,mountain,sed,bev,0.7,1086,True,78.97577391262189,-4.609008381902228
L4DR_official,mountain,sed,bev,0.5,1086,True,91.67014057049624,-0.03819620112567179
L4DR_official,mountain,sed,bev,0.3,1086,True,91.86219031084822,0.269078643781981
L4DR_official,mountain,bus,3d,0.7,598,True,19.23462564717242,-4.112143492735125
L4DR_official,mountain,bus,3d,0.5,598,True,78.11794335874893,-26.320653268604254
L4DR_official,mountain,bus,3d,0.3,598,True,91.18015921344639,-31.980633703181226
L4DR_official,mountain,bus,bev,0.7,598,True,45.42711365917359,-7.079001398228421
L4DR_official,mountain,bus,bev,0.5,598,True,88.168931924151,-32.073865244214296
L4DR_official,mountain,bus,bev,0.3,598,True,91.18015921344639,-31.980633703181226
L4DR_official,university,sed,3d,0.7,2599,True,7.011223435091758,-2.0126712343653503
L4DR_official,university,sed,3d,0.5,2599,True,48.5801028498369,-3.6172593319598647
L4DR_official,university,sed,3d,0.3,2599,True,75.13360355748763,-5.420165420415628
L4DR_official,university,sed,bev,0.7,2599,True,45.318791188768365,-14.911221531233814
L4DR_official,university,sed,bev,0.5,2599,True,72.48708563849779,-6.449675501754186
L4DR_official,university,sed,bev,0.3,2599,True,75.57457879698973,-3.3632852649286065
L4DR_official,university,bus,3d,0.7,25,True,0.0,0.0
L4DR_official,university,bus,3d,0.5,25,True,0.0,0.0
L4DR_official,university,bus,3d,0.3,25,True,0.0,0.0
L4DR_official,university,bus,bev,0.7,25,True,0.0,0.0
L4DR_official,university,bus,bev,0.5,25,True,0.0,0.0
L4DR_official,university,bus,bev,0.3,25,True,0.0,0.0
ASF_official,all,sed,3d,0.3,29613,True,74.97794695657676,-0.3935975212658178
ASF_official,all,sed,3d,0.5,29613,True,52.09162529168767,0.05028449573768512
ASF_official,all,sed,3d,0.7,29613,True,11.854227787775777,0.4540557797053175
ASF_official,all,sed,bev,0.3,29613,True,77.84756800138433,-0.5267982193571328
ASF_official,all,sed,bev,0.5,29613,True,71.70175872066424,-0.4361557782493719
ASF_official,all,sed,bev,0.7,29613,True,43.2084463511566,1.0484554241353479
ASF_official,all,bus,3d,0.3,5843,True,58.12835520133631,1.1158304868350157
ASF_official,all,bus,3d,0.5,5843,True,31.055836725253055,2.910247985594747
ASF_official,all,bus,3d,0.7,5843,True,7.93057570170773,1.9849594637493242
ASF_official,all,bus,bev,0.3,5843,True,67.85341563441995,-2.716198355805062
ASF_official,all,bus,bev,0.5,5843,True,53.20653519852178,-2.6140146116567564
ASF_official,all,bus,bev,0.7,5843,True,20.853579642957946,2.2744415275162453
ASF_official,normal,sed,3d,0.3,15988,True,74.13846385475061,-0.6238764559453642
ASF_official,normal,sed,3d,0.5,15988,True,49.62937192191424,-0.23878505426785068
ASF_official,normal,sed,3d,0.7,15988,True,7.41858471823177,-1.8648559593726564
ASF_official,normal,sed,bev,0.3,15988,True,76.93696403582551,-0.8072790094917082
ASF_official,normal,sed,bev,0.5,15988,True,70.65476501087757,-0.6493663960406195
ASF_official,normal,sed,bev,0.7,15988,True,36.37259408289393,-0.7854948420585686
ASF_official,normal,bus,3d,0.3,2763,True,53.28396691757169,-1.6530765142841446
ASF_official,normal,bus,3d,0.5,2763,True,23.932995588579942,0.0031412737935596624
ASF_official,normal,bus,3d,0.7,2763,True,5.728362594412192,-3.2455901735820123
ASF_official,normal,bus,bev,0.3,2763,True,57.35129446247801,-1.825577931205423
ASF_official,normal,bus,bev,0.5,2763,True,36.91333613194176,-1.778232693470521
ASF_official,normal,bus,bev,0.7,2763,True,11.30274464241066,-0.9001729559236278
ASF_official,overcast,sed,3d,0.3,1107,True,82.35468228208515,1.9492021222927178
ASF_official,overcast,sed,3d,0.5,1107,True,53.37664815403531,6.246970537358379
ASF_official,overcast,sed,3d,0.7,1107,True,6.298901277641798,2.425414937524808
ASF_official,overcast,sed,bev,0.3,1107,True,89.36570822189952,2.0214150486766584
ASF_official,overcast,sed,bev,0.5,1107,True,81.98155331823098,0.3241292553973807
ASF_official,overcast,sed,bev,0.7,1107,True,46.16740589274425,-0.7033706004713167
ASF_official,overcast,bus,3d,0.3,151,True,75.32582793213054,-1.5045228491325275
ASF_official,overcast,bus,3d,0.5,151,True,47.04012126011879,2.6147476970932075
ASF_official,overcast,bus,3d,0.7,151,True,8.177121394765297,-2.9261193937274994
ASF_official,overcast,bus,bev,0.3,151,True,81.67069508532919,-7.649673155511863
ASF_official,overcast,bus,bev,0.5,151,True,54.739976399475886,7.565179001137537
ASF_official,overcast,bus,bev,0.7,151,True,21.953597635504902,-3.2377809318833144
ASF_official,fog,sed,3d,0.3,1947,True,92.25503949710469,2.2007288016511524
ASF_official,fog,sed,3d,0.5,1947,True,80.54989713755023,-0.2484130941969056
ASF_official,fog,sed,3d,0.7,1947,True,38.988782336889166,4.529260303211792
ASF_official,fog,sed,bev,0.3,1947,True,94.91345109202213,-0.07420668447061018
ASF_official,fog,sed,bev,0.5,1947,True,94.78265074487796,-0.11476743711411075
ASF_official,fog,sed,bev,0.7,1947,True,79.65763412163979,2.5147117326640256
ASF_official,fog,bus,3d,0.3,0,False,0.0,0.0
ASF_official,fog,bus,3d,0.5,0,False,0.0,0.0
ASF_official,fog,bus,3d,0.7,0,False,0.0,0.0
ASF_official,fog,bus,bev,0.3,0,False,0.0,0.0
ASF_official,fog,bus,bev,0.5,0,False,0.0,0.0
ASF_official,fog,bus,bev,0.7,0,False,0.0,0.0
ASF_official,rain,sed,3d,0.3,5978,True,66.3666834828411,1.7429694708869476
ASF_official,rain,sed,3d,0.5,5978,True,46.85401943672793,1.4448292569195331
ASF_official,rain,sed,3d,0.7,5978,True,17.18058831482299,0.3133000340339862
ASF_official,rain,sed,bev,0.3,5978,True,69.15170618976515,-0.3089751889414174
ASF_official,rain,sed,bev,0.5,5978,True,62.269378265348685,1.7861995121292082
ASF_official,rain,sed,bev,0.7,5978,True,43.52263057534297,1.3773888656813753
ASF_official,rain,bus,3d,0.3,120,True,7.893203954541796,2.189930762635737
ASF_official,rain,bus,3d,0.5,120,True,2.4840301974448318,2.567610011579493
ASF_official,rain,bus,3d,0.7,120,True,0.0,0.9004300467715103
ASF_official,rain,bus,bev,0.3,120,True,7.893203954541796,2.189930762635737
ASF_official,rain,bus,bev,0.5,120,True,7.893203954541796,0.4630798701435621
ASF_official,rain,bus,bev,0.7,120,True,0.7998099461514095,2.85144079110703
ASF_official,sleet,sed,3d,0.3,1622,True,70.42968503556456,2.086885409098315
ASF_official,sleet,sed,3d,0.5,1622,True,44.04536377990363,5.083614292710678
ASF_official,sleet,sed,3d,0.7,1622,True,8.332399706694844,-1.0118034421707227
ASF_official,sleet,sed,bev,0.3,1622,True,74.00247266003682,1.6074453197199148
ASF_official,sleet,sed,bev,0.5,1622,True,64.29971942503285,-0.4534267552793594
ASF_official,sleet,sed,bev,0.7,1622,True,40.477166488231234,1.5357340886192006
ASF_official,sleet,bus,3d,0.3,1132,True,59.549548818902096,-2.0776864261853945
ASF_official,sleet,bus,3d,0.5,1132,True,38.831956170888624,-0.35322007411731704
ASF_official,sleet,bus,3d,0.7,1132,True,8.738664961928992,0.597854416695963
ASF_official,sleet,bus,bev,0.3,1132,True,60.54280667676293,-2.4646848575710862
ASF_official,sleet,bus,bev,0.5,1132,True,50.64507343794078,-2.3307711599076626
ASF_official,sleet,bus,bev,0.7,1132,True,22.174883595120217,0.5011921112679829
ASF_official,lightsnow,sed,3d,0.3,1360,True,88.23847406405349,1.3169749030600286
ASF_official,lightsnow,sed,3d,0.5,1360,True,59.251436881905306,1.4935858815264922
ASF_official,lightsnow,sed,3d,0.7,1360,True,10.848713360826416,-0.18232348428493772
ASF_official,lightsnow,sed,bev,0.3,1360,True,90.85357079684266,-0.7232686314340953
ASF_official,lightsnow,sed,bev,0.5,1360,True,87.9794133975015,-0.5102749351730296
ASF_official,lightsnow,sed,bev,0.7,1360,True,67.89478918337454,-0.45738146517572886
ASF_official,lightsnow,bus,3d,0.3,540,True,88.25935219842833,1.3041491165997172
ASF_official,lightsnow,bus,3d,0.5,540,True,70.81127016589451,4.280590112618768
ASF_official,lightsnow,bus,3d,0.7,540,True,39.85807168093349,8.61772168568639
ASF_official,lightsnow,bus,bev,0.3,540,True,94.46301987468712,0.17819267413976547
ASF_official,lightsnow,bus,bev,0.5,540,True,91.02288067610948,-1.8856315287165017
ASF_official,lightsnow,bus,bev,0.7,540,True,69.53403189422211,4.660067362107043
ASF_official,heavysnow,sed,3d,0.3,1611,True,63.60797021105265,-0.03442735898418903
ASF_official,heavysnow,sed,3d,0.5,1611,True,49.52424782762442,0.9610761410826214
ASF_official,heavysnow,sed,3d,0.7,1611,True,16.6205910527445,1.5646414342994177
ASF_official,heavysnow,sed,bev,0.3,1611,True,63.89596450476439,1.9778637264706447
ASF_official,heavysnow,sed,bev,0.5,1611,True,61.279116602695694,0.05475859900184332
ASF_official,heavysnow,sed,bev,0.7,1611,True,42.616778269169906,0.6300264955343522
ASF_official,heavysnow,bus,3d,0.3,1137,True,68.20418622088357,4.137052280783607
ASF_official,heavysnow,bus,3d,0.5,1137,True,32.550531908424915,6.817862985839554
ASF_official,heavysnow,bus,3d,0.7,1137,True,7.825995971587418,6.115727823075502
ASF_official,heavysnow,bus,bev,0.3,1137,True,87.51376457522746,1.9902576513755292
ASF_official,heavysnow,bus,bev,0.5,1137,True,79.69984775555656,-0.7352868342256045
ASF_official,heavysnow,bus,bev,0.7,1137,True,29.589559826906587,7.335990422944576
ASF_official,day,sed,3d,0.3,19961,True,77.14190080374229,-0.4012100182880687
ASF_official,day,sed,3d,0.5,19961,True,54.75598286987021,-0.04644808107389764
ASF_official,day,sed,3d,0.7,19961,True,12.594213477752811,-0.12521642896120255
ASF_official,day,sed,bev,0.3,19961,True,79.83859234146277,-0.5269008454681909
ASF_official,day,sed,bev,0.5,19961,True,74.1060258863607,-0.4646994392253845
ASF_official,day,sed,bev,0.7,19961,True,45.140982188209506,-0.5523043502953513
ASF_official,day,bus,3d,0.3,3603,True,56.9292882026023,-3.2553182371203064
ASF_official,day,bus,3d,0.5,3603,True,27.719277309777674,-0.9236739517290253
ASF_official,day,bus,3d,0.7,3603,True,6.711469281739466,-2.090111576454249
ASF_official,day,bus,bev,0.3,3603,True,60.21894965556813,-3.2352612989340344
ASF_official,day,bus,bev,0.5,3603,True,44.76612474412965,-2.946103051030576
ASF_official,day,bus,bev,0.7,3603,True,16.6243848839265,-1.0465386139353186
ASF_official,night,sed,3d,0.3,9652,True,70.67299438396955,-0.39799348536681123
ASF_official,night,sed,3d,0.5,9652,True,46.58593243169625,0.3275916688622402
ASF_official,night,sed,3d,0.7,9652,True,11.23791429710876,0.9334429307162786
ASF_official,night,sed,bev,0.3,9652,True,73.91598674452821,-0.49602212237566334
ASF_official,night,sed,bev,0.5,9652,True,66.84370892725146,-0.3772427525020987
ASF_official,night,sed,bev,0.7,9652,True,40.7247944433854,1.5331161600686514
ASF_official,night,bus,3d,0.3,2240,True,60.36562791309061,3.4627000930258163
ASF_official,night,bus,3d,0.5,2240,True,36.95414581651178,5.732933978048926
ASF_official,night,bus,3d,0.7,2240,True,11.795749564263,6.401309136382066
ASF_official,night,bus,bev,0.3,2240,True,75.85685730060533,2.1725616235389396
ASF_official,night,bus,bev,0.5,2240,True,62.501625521904444,-0.2273436341380659
ASF_official,night,bus,bev,0.7,2240,True,25.94431296741182,7.69494374154484
ASF_official,urban,sed,3d,0.3,12032,True,78.21530346687796,-0.26374737590143127
ASF_official,urban,sed,3d,0.5,12032,True,57.069269146190074,0.26246106677592707
ASF_official,urban,sed,3d,0.7,12032,True,14.436119359295468,0.41562695372369163
ASF_official,urban,sed,bev,0.3,12032,True,81.14274190212569,-0.3608706641524577
ASF_official,urban,sed,bev,0.5,12032,True,74.76960621471763,-0.2894908316136622
ASF_official,urban,sed,bev,0.7,12032,True,50.836694047562126,-0.4443611405043697
ASF_official,urban,bus,3d,0.3,748,True,86.24622015391492,-1.0624412277159223
ASF_official,urban,bus,3d,0.5,748,True,45.14661479140337,2.6532024539319963
ASF_official,urban,bus,3d,0.7,748,True,13.19080014789471,6.8270871146275915
ASF_official,urban,bus,bev,0.3,748,True,88.53903758982509,-3.0180909487580436
ASF_official,urban,bus,bev,0.5,748,True,82.30261788411943,-3.593677373203448
ASF_official,urban,bus,bev,0.7,748,True,38.80794482057661,4.450183909832823
ASF_official,highway,sed,3d,0.3,8175,True,81.45046674612678,1.607599195108378
ASF_official,highway,sed,3d,0.5,8175,True,55.73026706875257,0.35275993935339045
ASF_official,highway,sed,3d,0.7,8175,True,6.244769341412074,-0.8786336678216085
ASF_official,highway,sed,bev,0.3,8175,True,84.34393180859784,1.3832326354546893
ASF_official,highway,sed,bev,0.5,8175,True,78.05297775458348,1.5305454767969735
ASF_official,highway,sed,bev,0.7,8175,True,41.99861999751438,-0.2112911801912034
ASF_official,highway,bus,3d,0.3,3774,True,56.79300374524857,0.6590789984980105
ASF_official,highway,bus,3d,0.5,3774,True,29.334711576873406,3.7974221926765317
ASF_official,highway,bus,3d,0.7,3774,True,8.114078627460296,1.5921622571194494
ASF_official,highway,bus,bev,0.3,3774,True,68.39847864916388,-0.3228217922019354
ASF_official,highway,bus,bev,0.5,3774,True,51.451891907410385,-0.6190276657156417
ASF_official,highway,bus,bev,0.7,3774,True,18.690332636240395,2.915815071746845
ASF_official,countryside,sed,3d,0.3,363,True,65.56484751745663,-5.548870821405195
ASF_official,countryside,sed,3d,0.5,363,True,43.50148816290062,-9.26447133146359
ASF_official,countryside,sed,3d,0.7,363,True,6.530115388438913,1.5964648136173452
ASF_official,countryside,sed,bev,0.3,363,True,69.847527648194,-4.520782736417232
ASF_official,countryside,sed,bev,0.5,363,True,60.368185366711856,-4.437936828757259
ASF_official,countryside,sed,bev,0.7,363,True,27.25403185255677,-3.9740456584339157
ASF_official,countryside,bus,3d,0.3,173,True,32.68170426065163,-7.847246619090448
ASF_official,countryside,bus,3d,0.5,173,True,15.098722415795587,-2.7832993925125393
ASF_official,countryside,bus,3d,0.7,173,True,1.9744483159117305,-0.3879614786195549
ASF_official,countryside,bus,bev,0.3,173,True,36.0397184999518,-8.693420962829787
ASF_official,countryside,bus,bev,0.5,173,True,20.90592334494773,-1.3073055075237932
ASF_official,countryside,bus,bev,0.7,173,True,10.73170731707317,-3.1076610946941283
ASF_official,alleyway,sed,3d,0.3,3844,True,39.07215294721143,-0.9645247440993998
ASF_official,alleyway,sed,3d,0.5,3844,True,20.96564531014054,0.10235950632819524
ASF_official,alleyway,sed,3d,0.7,3844,True,4.01230981209457,-1.3033061360572127
ASF_official,alleyway,sed,bev,0.3,3844,True,42.31873165539752,-1.165893618594474
ASF_official,alleyway,sed,bev,0.5,3844,True,35.67898364381531,-0.4107302437307965
ASF_official,alleyway,sed,bev,0.7,3844,True,17.434291234731138,-1.4303537890907343
ASF_official,alleyway,bus,3d,0.3,164,True,20.6062415028347,2.3693852630670236
ASF_official,alleyway,bus,3d,0.5,164,True,4.523238120081736,-1.2923383789774028
ASF_official,alleyway,bus,3d,0.7,164,True,0.0,0.14139271827500885
ASF_official,alleyway,bus,bev,0.3,164,True,22.689073352107012,2.792566253918718
ASF_official,alleyway,bus,bev,0.5,164,True,14.081002148461067,-2.378073515986223
ASF_official,alleyway,bus,bev,0.7,164,True,0.9161713465874155,0.7603423129591178
ASF_official,parkinglots,sed,3d,0.3,653,True,66.40871747347634,8.895226358691048
ASF_official,parkinglots,sed,3d,0.5,653,True,44.80865464908141,6.230064702672934
ASF_official,parkinglots,sed,3d,0.7,653,True,26.793951241902597,0.6347104776093673
ASF_official,parkinglots,sed,bev,0.3,653,True,68.66446012317637,6.869047138653897
ASF_official,parkinglots,sed,bev,0.5,653,True,55.84886359174085,5.133537278944587
ASF_official,parkinglots,sed,bev,0.7,653,True,33.3808202999792,2.9688904319967193
ASF_official,parkinglots,bus,3d,0.3,361,True,64.18320887248913,2.6059015267505714
ASF_official,parkinglots,bus,3d,0.5,361,True,38.036254785614894,1.9966312351450668
ASF_official,parkinglots,bus,3d,0.7,361,True,9.73464209921206,-0.369322576889223
ASF_official,parkinglots,bus,bev,0.3,361,True,66.88404536536319,0.16691927550586172
ASF_official,parkinglots,bus,bev,0.5,361,True,53.54145289851559,-2.199680919470154
ASF_official,parkinglots,bus,bev,0.7,361,True,20.058069360882467,-0.24039190594978876
ASF_official,shoulder,sed,3d,0.3,861,True,97.31850614334388,0.0032568004543094276
ASF_official,shoulder,sed,3d,0.5,861,True,94.58454349247377,-0.013735572804705498
ASF_official,shoulder,sed,3d,0.7,861,True,65.77405586677395,11.60645761685511
ASF_official,shoulder,sed,bev,0.3,861,True,99.8751358346124,-0.044747855632422784
ASF_official,shoulder,sed,bev,0.5,861,True,97.45584458702352,-0.03102559658746884
ASF_official,shoulder,sed,bev,0.7,861,True,91.51245419840147,-0.7504620738804277
ASF_official,shoulder,bus,3d,0.3,0,False,0.0,0.0
ASF_official,shoulder,bus,3d,0.5,0,False,0.0,0.0
ASF_official,shoulder,bus,3d,0.7,0,False,0.0,0.0
ASF_official,shoulder,bus,bev,0.3,0,False,0.0,0.0
ASF_official,shoulder,bus,bev,0.5,0,False,0.0,0.0
ASF_official,shoulder,bus,bev,0.7,0,False,0.0,0.0
ASF_official,mountain,sed,3d,0.3,1086,True,89.73177252636825,-0.2552712782458144
ASF_official,mountain,sed,3d,0.5,1086,True,67.50128091242576,-1.2076957699373452
ASF_official,mountain,sed,3d,0.7,1086,True,13.183441358301417,-3.069042031105715
ASF_official,mountain,sed,bev,0.3,1086,True,92.32416645520637,-0.19289750057616573
ASF_official,mountain,sed,bev,0.5,1086,True,91.98190998465427,-0.3499656152836934
ASF_official,mountain,sed,bev,0.7,1086,True,70.3354366985676,4.031328832152056
ASF_official,mountain,bus,3d,0.3,598,True,62.770121077896015,-3.5705955676308534
ASF_official,mountain,bus,3d,0.5,598,True,58.63868998244516,-6.84139989230048
ASF_official,mountain,bus,3d,0.7,598,True,17.87936282457588,-2.7568806701385853
ASF_official,mountain,bus,bev,0.3,598,True,62.81632755638571,-3.6168020461205472
ASF_official,mountain,bus,bev,0.5,598,True,62.34393124720492,-6.248864567268221
ASF_official,mountain,bus,bev,0.7,598,True,40.825571448391415,-2.477459187446243
ASF_official,university,sed,3d,0.3,2599,True,72.46310754511738,-2.749669408045378
ASF_official,university,sed,3d,0.5,2599,True,43.654345636383454,1.3084978814935795
ASF_official,university,sed,3d,0.7,2599,True,5.918686971946433,-0.9201347712200247
ASF_official,university,sed,bev,0.3,2599,True,75.05350307985908,-2.842209547797964
ASF_official,university,sed,bev,0.5,2599,True,68.77298567749861,-2.7355755407550078
ASF_official,university,sed,bev,0.7,2599,True,32.52734026072008,-2.119770603185529
ASF_official,university,bus,3d,0.3,25,True,0.0,0.0
ASF_official,university,bus,3d,0.5,25,True,0.0,0.0
ASF_official,university,bus,3d,0.7,25,True,0.0,0.0
ASF_official,university,bus,bev,0.3,25,True,0.0,0.0
ASF_official,university,bus,bev,0.5,25,True,0.0,0.0
ASF_official,university,bus,bev,0.7,25,True,0.0,0.0
