name,variant,epoch,gpu,conf,condition,bev_0_7,bev_0_5,bev_0_3,3d_0_7,3d_0_5,3d_0_3,mean_all6,mean_3d,complete_results
MoreOpenGate_model0,MoreOpenGate,0,0,0.3,all,62.30087515913397,87.77254251995508,88.61964661569957,21.313762672157626,67.20184259803186,88.08776029892891,69.2160716439845,58.86778852303947,/home/hongsheng/dec_con_asf/logs/exp_260817_000340_TaskDecControlMoreOpenGate_v1_0_A2FUSION_rlc_l1d256_l2p2t32d256g_l2g_scl_mha16/test_kitti/epoch_0_total/0.3/complete_results.txt
MoreOpenGate_model0,MoreOpenGate,0,0,0.3,alleyway,40.126928233748046,65.82423226531667,68.61480823145585,11.363636363636363,49.98768043838427,67.65512795893544,50.59540224857944,43.002148253652024,/home/hongsheng/dec_con_asf/logs/exp_260817_000340_TaskDecControlMoreOpenGate_v1_0_A2FUSION_rlc_l1d256_l2p2t32d256g_l2g_scl_mha16/test_kitti/epoch_0_total/0.3/complete_results.txt
MoreOpenGate_model0,MoreOpenGate,0,0,0.3,countryside,39.547161945039925,88.46447634326424,89.13746443579228,4.532967032967033,35.66880307037787,80.2552762229994,56.26769150840679,40.1523487754481,/home/hongsheng/dec_con_asf/logs/exp_260817_000340_TaskDecControlMoreOpenGate_v1_0_A2FUSION_rlc_l1d256_l2p2t32d256g_l2g_scl_mha16/test_kitti/epoch_0_total/0.3/complete_results.txt
MoreOpenGate_model0,MoreOpenGate,0,0,0.3,day,60.810592352081564,87.61601949264796,88.45447639508019,16.692397949386333,67.11365265262938,87.80996578677419,68.08285077143327,57.2053387962633,/home/hongsheng/dec_con_asf/logs/exp_260817_000340_TaskDecControlMoreOpenGate_v1_0_A2FUSION_rlc_l1d256_l2p2t32d256g_l2g_scl_mha16/test_kitti/epoch_0_total/0.3/complete_results.txt
MoreOpenGate_model0,MoreOpenGate,0,0,0.3,fog,73.13885494599973,90.35064711642313,90.7234293054054,40.92429233286218,78.86493713719472,90.33611165266836,77.38971208175893,70.04178037424175,/home/hongsheng/dec_con_asf/logs/exp_260817_000340_TaskDecControlMoreOpenGate_v1_0_A2FUSION_rlc_l1d256_l2p2t32d256g_l2g_scl_mha16/test_kitti/epoch_0_total/0.3/complete_results.txt
MoreOpenGate_model0,MoreOpenGate,0,0,0.3,heavysnow,51.93145221724912,69.94622817348971,71.3197356273207,23.281186086258092,59.82654516038396,71.12827121792756,57.905569747104856,51.41200082152321,/home/hongsheng/dec_con_asf/logs/exp_260817_000340_TaskDecControlMoreOpenGate_v1_0_A2FUSION_rlc_l1d256_l2p2t32d256g_l2g_scl_mha16/test_kitti/epoch_0_total/0.3/complete_results.txt
MoreOpenGate_model0,MoreOpenGate,0,0,0.3,highway,60.467272277916514,88.97681179287244,89.57245409097976,11.477454976386616,72.42625617149318,88.93641148520882,68.64277679914288,57.61337421102954,/home/hongsheng/dec_con_asf/logs/exp_260817_000340_TaskDecControlMoreOpenGate_v1_0_A2FUSION_rlc_l1d256_l2p2t32d256g_l2g_scl_mha16/test_kitti/epoch_0_total/0.3/complete_results.txt
MoreOpenGate_model0,MoreOpenGate,0,0,0.3,lightsnow,72.73693008831789,89.00922064922888,89.31528789964808,25.09881422924901,77.68317252250952,89.18061867112517,73.83734067667976,63.987535140961235,/home/hongsheng/dec_con_asf/logs/exp_260817_000340_TaskDecControlMoreOpenGate_v1_0_A2FUSION_rlc_l1d256_l2p2t32d256g_l2g_scl_mha16/test_kitti/epoch_0_total/0.3/complete_results.txt
MoreOpenGate_model0,MoreOpenGate,0,0,0.3,mountain,61.64581932447345,90.35561560354267,99.15013074911552,24.88929525395874,77.85825280074869,90.79401611047182,74.11552164038515,64.51385472172642,/home/hongsheng/dec_con_asf/logs/exp_260817_000340_TaskDecControlMoreOpenGate_v1_0_A2FUSION_rlc_l1d256_l2p2t32d256g_l2g_scl_mha16/test_kitti/epoch_0_total/0.3/complete_results.txt
MoreOpenGate_model0,MoreOpenGate,0,0,0.3,night,64.6211952522429,80.30412838693063,89.08760205590617,21.755395061428175,67.48092784821958,88.6783604029917,68.65460150128654,59.30489443754649,/home/hongsheng/dec_con_asf/logs/exp_260817_000340_TaskDecControlMoreOpenGate_v1_0_A2FUSION_rlc_l1d256_l2p2t32d256g_l2g_scl_mha16/test_kitti/epoch_0_total/0.3/complete_results.txt
MoreOpenGate_model0,MoreOpenGate,0,0,0.3,normal,59.453157218083874,86.92976278102942,88.32475867088404,13.339014979318176,65.71174501613584,87.32519631525139,66.84727249678379,55.45865210356846,/home/hongsheng/dec_con_asf/logs/exp_260817_000340_TaskDecControlMoreOpenGate_v1_0_A2FUSION_rlc_l1d256_l2p2t32d256g_l2g_scl_mha16/test_kitti/epoch_0_total/0.3/complete_results.txt
MoreOpenGate_model0,MoreOpenGate,0,0,0.3,overcast,77.45243613011242,90.28339953446932,90.39781702787994,28.12786907981416,80.16891756314041,90.3376808043544,76.12802002329511,66.21148914910299,/home/hongsheng/dec_con_asf/logs/exp_260817_000340_TaskDecControlMoreOpenGate_v1_0_A2FUSION_rlc_l1d256_l2p2t32d256g_l2g_scl_mha16/test_kitti/epoch_0_total/0.3/complete_results.txt
MoreOpenGate_model0,MoreOpenGate,0,0,0.3,parkinglots,14.075127039914037,63.26631247935656,68.55988159541712,4.527811430386149,38.18934688499906,67.87083564915515,42.74821917987135,36.86266465484679,/home/hongsheng/dec_con_asf/logs/exp_260817_000340_TaskDecControlMoreOpenGate_v1_0_A2FUSION_rlc_l1d256_l2p2t32d256g_l2g_scl_mha16/test_kitti/epoch_0_total/0.3/complete_results.txt
MoreOpenGate_model0,MoreOpenGate,0,0,0.3,rain,74.18890798612166,89.15176624079328,89.41525851151599,22.209532041343664,74.8774602579848,88.95081734232072,73.13229039668002,62.01260321388306,/home/hongsheng/dec_con_asf/logs/exp_260817_000340_TaskDecControlMoreOpenGate_v1_0_A2FUSION_rlc_l1d256_l2p2t32d256g_l2g_scl_mha16/test_kitti/epoch_0_total/0.3/complete_results.txt
MoreOpenGate_model0,MoreOpenGate,0,0,0.3,shoulder,79.80878591146593,90.37461650833193,90.57879219853562,70.88440321198942,79.58562917406287,89.61066156411086,83.47381476141611,80.02689798338771,/home/hongsheng/dec_con_asf/logs/exp_260817_000340_TaskDecControlMoreOpenGate_v1_0_A2FUSION_rlc_l1d256_l2p2t32d256g_l2g_scl_mha16/test_kitti/epoch_0_total/0.3/complete_results.txt
MoreOpenGate_model0,MoreOpenGate,0,0,0.3,sleet,40.9878208615933,70.22071143190985,80.0958231518295,13.984501682247313,57.07028469755579,79.70688810348673,57.01100498810374,50.25389149442994,/home/hongsheng/dec_con_asf/logs/exp_260817_000340_TaskDecControlMoreOpenGate_v1_0_A2FUSION_rlc_l1d256_l2p2t32d256g_l2g_scl_mha16/test_kitti/epoch_0_total/0.3/complete_results.txt
MoreOpenGate_model0,MoreOpenGate,0,0,0.3,university,62.70677667641207,79.6431171524704,80.48041413989456,27.834813114857266,77.13751078326983,80.03231421213908,67.97249101317387,61.66821270342206,/home/hongsheng/dec_con_asf/logs/exp_260817_000340_TaskDecControlMoreOpenGate_v1_0_A2FUSION_rlc_l1d256_l2p2t32d256g_l2g_scl_mha16/test_kitti/epoch_0_total/0.3/complete_results.txt
MoreOpenGate_model0,MoreOpenGate,0,0,0.3,urban,65.32770363533345,80.35451610393676,88.59161574953352,23.84892517556925,75.86775939494058,88.34214574381622,70.38877763385496,62.68627677144201,/home/hongsheng/dec_con_asf/logs/exp_260817_000340_TaskDecControlMoreOpenGate_v1_0_A2FUSION_rlc_l1d256_l2p2t32d256g_l2g_scl_mha16/test_kitti/epoch_0_total/0.3/complete_results.txt
StrongerControl_model2,StrongerControl,2,1,0.3,all,62.479048522976555,80.41872349373944,89.0589940614117,22.43438933448783,68.06391709415315,80.5081254152946,67.16053298701054,57.00214394797853,/home/hongsheng/dec_con_asf/logs/exp_260817_000503_TaskDecControlStrongerControl_v1_0_A2FUSION_rlc_l1d256_l2p2t32d256g_l2g_scl_mha16/test_kitti/epoch_2_total/0.3/complete_results.txt
StrongerControl_model2,StrongerControl,2,1,0.3,alleyway,43.21747864652185,67.23741297218957,68.90769337702972,8.042726768499069,47.13482313983285,68.45520777680055,50.4992237801456,41.210919228377485,/home/hongsheng/dec_con_asf/logs/exp_260817_000503_TaskDecControlStrongerControl_v1_0_A2FUSION_rlc_l1d256_l2p2t32d256g_l2g_scl_mha16/test_kitti/epoch_2_total/0.3/complete_results.txt
StrongerControl_model2,StrongerControl,2,1,0.3,countryside,46.36236424872216,87.72338440003111,88.59075374566132,6.651884700665188,42.35517702909007,78.67910592407908,58.39377834137482,42.562055884611446,/home/hongsheng/dec_con_asf/logs/exp_260817_000503_TaskDecControlStrongerControl_v1_0_A2FUSION_rlc_l1d256_l2p2t32d256g_l2g_scl_mha16/test_kitti/epoch_2_total/0.3/complete_results.txt
StrongerControl_model2,StrongerControl,2,1,0.3,day,61.2747513853572,80.30106842634565,88.8971621087487,22.523123384340423,67.98669725395239,88.36192259708032,68.22412085930411,59.62391441179104,/home/hongsheng/dec_con_asf/logs/exp_260817_000503_TaskDecControlStrongerControl_v1_0_A2FUSION_rlc_l1d256_l2p2t32d256g_l2g_scl_mha16/test_kitti/epoch_2_total/0.3/complete_results.txt
StrongerControl_model2,StrongerControl,2,1,0.3,fog,76.76105617847149,90.8345134013372,90.8345134013372,45.604724870221034,79.98722496223762,90.75648647086243,79.12975321407784,72.11614543444036,/home/hongsheng/dec_con_asf/logs/exp_260817_000503_TaskDecControlStrongerControl_v1_0_A2FUSION_rlc_l1d256_l2p2t32d256g_l2g_scl_mha16/test_kitti/epoch_2_total/0.3/complete_results.txt
StrongerControl_model2,StrongerControl,2,1,0.3,heavysnow,52.98378328294076,69.84808349681329,71.2955832517072,23.888379953852375,60.718948532292394,71.01722154205486,58.29200000994348,51.87485000939987,/home/hongsheng/dec_con_asf/logs/exp_260817_000503_TaskDecControlStrongerControl_v1_0_A2FUSION_rlc_l1d256_l2p2t32d256g_l2g_scl_mha16/test_kitti/epoch_2_total/0.3/complete_results.txt
StrongerControl_model2,StrongerControl,2,1,0.3,highway,59.20531780130883,88.7266682353048,89.57793334586991,14.287192739833879,73.34217034365902,88.88913362084772,69.0047360144707,58.839498901446866,/home/hongsheng/dec_con_asf/logs/exp_260817_000503_TaskDecControlStrongerControl_v1_0_A2FUSION_rlc_l1d256_l2p2t32d256g_l2g_scl_mha16/test_kitti/epoch_2_total/0.3/complete_results.txt
StrongerControl_model2,StrongerControl,2,1,0.3,lightsnow,65.00145428491116,88.94732407926284,89.44706606683229,29.950748080374595,77.68126707247968,89.34781729111484,73.39594614582923,65.6599441479897,/home/hongsheng/dec_con_asf/logs/exp_260817_000503_TaskDecControlStrongerControl_v1_0_A2FUSION_rlc_l1d256_l2p2t32d256g_l2g_scl_mha16/test_kitti/epoch_2_total/0.3/complete_results.txt
StrongerControl_model2,StrongerControl,2,1,0.3,mountain,69.01044725015095,90.87314370180249,90.87314370180249,15.061122297367103,77.98355901178795,90.86156303937078,72.44382983371362,61.30208144950861,/home/hongsheng/dec_con_asf/logs/exp_260817_000503_TaskDecControlStrongerControl_v1_0_A2FUSION_rlc_l1d256_l2p2t32d256g_l2g_scl_mha16/test_kitti/epoch_2_total/0.3/complete_results.txt
StrongerControl_model2,StrongerControl,2,1,0.3,night,64.79600087185177,80.61677610977004,81.06616013776234,22.231519653269714,68.29779805688023,80.74992972598474,66.29303075925314,57.09308247871156,/home/hongsheng/dec_con_asf/logs/exp_260817_000503_TaskDecControlStrongerControl_v1_0_A2FUSION_rlc_l1d256_l2p2t32d256g_l2g_scl_mha16/test_kitti/epoch_2_total/0.3/complete_results.txt
StrongerControl_model2,StrongerControl,2,1,0.3,normal,59.92927326099564,87.86064190963721,88.62273128264508,20.541293685625,66.7477178283669,88.00040049502476,68.61700974371577,58.42980400300556,/home/hongsheng/dec_con_asf/logs/exp_260817_000503_TaskDecControlStrongerControl_v1_0_A2FUSION_rlc_l1d256_l2p2t32d256g_l2g_scl_mha16/test_kitti/epoch_2_total/0.3/complete_results.txt
StrongerControl_model2,StrongerControl,2,1,0.3,overcast,77.19679175093646,90.27024193128621,90.42238789211538,27.84512448479703,80.1090423864461,90.27024193128621,76.0189717294779,66.07480293417645,/home/hongsheng/dec_con_asf/logs/exp_260817_000503_TaskDecControlStrongerControl_v1_0_A2FUSION_rlc_l1d256_l2p2t32d256g_l2g_scl_mha16/test_kitti/epoch_2_total/0.3/complete_results.txt
StrongerControl_model2,StrongerControl,2,1,0.3,parkinglots,31.11197020269753,68.55535085572784,71.95900270916981,21.239514469727403,59.63462174037893,71.56356564493368,54.010670937105864,50.81256728501334,/home/hongsheng/dec_con_asf/logs/exp_260817_000503_TaskDecControlStrongerControl_v1_0_A2FUSION_rlc_l1d256_l2p2t32d256g_l2g_scl_mha16/test_kitti/epoch_2_total/0.3/complete_results.txt
StrongerControl_model2,StrongerControl,2,1,0.3,rain,66.94778707423752,81.04654245241764,81.15676554784332,22.39684098910306,68.49153782792,80.69651342728207,66.7893312198006,57.194964081435046,/home/hongsheng/dec_con_asf/logs/exp_260817_000503_TaskDecControlStrongerControl_v1_0_A2FUSION_rlc_l1d256_l2p2t32d256g_l2g_scl_mha16/test_kitti/epoch_2_total/0.3/complete_results.txt
StrongerControl_model2,StrongerControl,2,1,0.3,shoulder,81.43348856043734,90.79547132825823,90.79806898531999,72.48677248677248,81.55140570490457,90.70193577318818,84.62785713981346,81.58003798828841,/home/hongsheng/dec_con_asf/logs/exp_260817_000503_TaskDecControlStrongerControl_v1_0_A2FUSION_rlc_l1d256_l2p2t32d256g_l2g_scl_mha16/test_kitti/epoch_2_total/0.3/complete_results.txt
StrongerControl_model2,StrongerControl,2,1,0.3,sleet,42.17478395641722,70.92629000760586,80.653132027861,9.298264760449635,60.01050593504764,80.42553817647826,57.24808581064327,49.911436290658514,/home/hongsheng/dec_con_asf/logs/exp_260817_000503_TaskDecControlStrongerControl_v1_0_A2FUSION_rlc_l1d256_l2p2t32d256g_l2g_scl_mha16/test_kitti/epoch_2_total/0.3/complete_results.txt
StrongerControl_model2,StrongerControl,2,1,0.3,university,56.155756536834325,80.40691221481336,80.8912512454884,25.08721230651511,70.57286917031404,80.42502142740034,65.5898371502276,58.69503430140983,/home/hongsheng/dec_con_asf/logs/exp_260817_000503_TaskDecControlStrongerControl_v1_0_A2FUSION_rlc_l1d256_l2p2t32d256g_l2g_scl_mha16/test_kitti/epoch_2_total/0.3/complete_results.txt
StrongerControl_model2,StrongerControl,2,1,0.3,urban,65.4987341916884,80.5946602006769,89.00942354439965,27.544262999801244,76.49946616305724,80.64173351250257,69.96471343535434,61.561820891787015,/home/hongsheng/dec_con_asf/logs/exp_260817_000503_TaskDecControlStrongerControl_v1_0_A2FUSION_rlc_l1d256_l2p2t32d256g_l2g_scl_mha16/test_kitti/epoch_2_total/0.3/complete_results.txt
StrongerControl_model4,StrongerControl,4,2,0.3,all,63.080564342436396,80.51957514189391,88.99093964676943,18.992489743449113,67.69610335715845,80.51613712851278,66.63263489337001,55.734910076373446,/home/hongsheng/dec_con_asf/logs/exp_260817_000340_TaskDecControlStrongerControl_v1_0_A2FUSION_rlc_l1d256_l2p2t32d256g_l2g_scl_mha16/test_kitti/epoch_4_total/0.3/complete_results.txt
StrongerControl_model4,StrongerControl,4,2,0.3,alleyway,41.36864492267719,66.73662764142365,68.59416150074694,5.176864134083385,45.14685975893334,68.16549412656605,49.19810868073842,39.496406006527586,/home/hongsheng/dec_con_asf/logs/exp_260817_000340_TaskDecControlStrongerControl_v1_0_A2FUSION_rlc_l1d256_l2p2t32d256g_l2g_scl_mha16/test_kitti/epoch_4_total/0.3/complete_results.txt
StrongerControl_model4,StrongerControl,4,2,0.3,countryside,54.11259889728789,87.26523795805001,88.21862459827152,10.784313725490197,44.00900318574265,78.37054897716662,60.460054557001484,44.38795529613316,/home/hongsheng/dec_con_asf/logs/exp_260817_000340_TaskDecControlStrongerControl_v1_0_A2FUSION_rlc_l1d256_l2p2t32d256g_l2g_scl_mha16/test_kitti/epoch_4_total/0.3/complete_results.txt
StrongerControl_model4,StrongerControl,4,2,0.3,day,61.92669213661437,80.48067470426325,88.8595835911169,18.676063909338918,67.28822344317155,88.27573428757532,67.58449534534672,58.08000721336193,/home/hongsheng/dec_con_asf/logs/exp_260817_000340_TaskDecControlStrongerControl_v1_0_A2FUSION_rlc_l1d256_l2p2t32d256g_l2g_scl_mha16/test_kitti/epoch_4_total/0.3/complete_results.txt
StrongerControl_model4,StrongerControl,4,2,0.3,fog,78.30665069880251,90.80485583533059,90.81285039229687,43.19450047763537,79.51220712463709,90.75252633557078,78.89726514404553,71.15307797928108,/home/hongsheng/dec_con_asf/logs/exp_260817_000340_TaskDecControlStrongerControl_v1_0_A2FUSION_rlc_l1d256_l2p2t32d256g_l2g_scl_mha16/test_kitti/epoch_4_total/0.3/complete_results.txt
StrongerControl_model4,StrongerControl,4,2,0.3,heavysnow,55.446213327037455,70.77345552865484,71.63315359627616,26.358743515571742,61.070952444628915,71.37834656877334,59.44347749682374,52.93601417632467,/home/hongsheng/dec_con_asf/logs/exp_260817_000340_TaskDecControlStrongerControl_v1_0_A2FUSION_rlc_l1d256_l2p2t32d256g_l2g_scl_mha16/test_kitti/epoch_4_total/0.3/complete_results.txt
StrongerControl_model4,StrongerControl,4,2,0.3,highway,59.118065237615205,88.96860881807984,89.60946189063161,18.693057162926095,72.44089946246591,88.78762544675234,69.6029530030785,59.97386069071479,/home/hongsheng/dec_con_asf/logs/exp_260817_000340_TaskDecControlStrongerControl_v1_0_A2FUSION_rlc_l1d256_l2p2t32d256g_l2g_scl_mha16/test_kitti/epoch_4_total/0.3/complete_results.txt
StrongerControl_model4,StrongerControl,4,2,0.3,lightsnow,65.14754784604958,88.96114168908096,89.39929280784123,29.506224549917025,76.70159349164997,89.28091143995708,73.16611863741598,65.16290982717469,/home/hongsheng/dec_con_asf/logs/exp_260817_000340_TaskDecControlStrongerControl_v1_0_A2FUSION_rlc_l1d256_l2p2t32d256g_l2g_scl_mha16/test_kitti/epoch_4_total/0.3/complete_results.txt
StrongerControl_model4,StrongerControl,4,2,0.3,mountain,74.3799278158876,90.8625305552322,99.61253055523221,14.55660550191182,77.68309369265457,90.77491055944638,74.64493311339413,61.00486991800426,/home/hongsheng/dec_con_asf/logs/exp_260817_000340_TaskDecControlStrongerControl_v1_0_A2FUSION_rlc_l1d256_l2p2t32d256g_l2g_scl_mha16/test_kitti/epoch_4_total/0.3/complete_results.txt
StrongerControl_model4,StrongerControl,4,2,0.3,night,65.38460385137914,80.63708030544511,81.0622088163902,22.996228315234273,68.56722395373248,80.8302327686463,66.57959633513791,57.464561679204344,/home/hongsheng/dec_con_asf/logs/exp_260817_000340_TaskDecControlStrongerControl_v1_0_A2FUSION_rlc_l1d256_l2p2t32d256g_l2g_scl_mha16/test_kitti/epoch_4_total/0.3/complete_results.txt
StrongerControl_model4,StrongerControl,4,2,0.3,normal,57.77547549922476,87.74684744511056,88.51322764698743,14.934989050953085,65.84936790093168,87.8042896263705,67.10403286159634,56.19621552608509,/home/hongsheng/dec_con_asf/logs/exp_260817_000340_TaskDecControlStrongerControl_v1_0_A2FUSION_rlc_l1d256_l2p2t32d256g_l2g_scl_mha16/test_kitti/epoch_4_total/0.3/complete_results.txt
StrongerControl_model4,StrongerControl,4,2,0.3,overcast,76.10781742368468,90.35477086873608,90.46067146827835,24.60857137347943,80.67397712136886,90.3770601067374,75.43047806038079,65.2198695338619,/home/hongsheng/dec_con_asf/logs/exp_260817_000340_TaskDecControlStrongerControl_v1_0_A2FUSION_rlc_l1d256_l2p2t32d256g_l2g_scl_mha16/test_kitti/epoch_4_total/0.3/complete_results.txt
StrongerControl_model4,StrongerControl,4,2,0.3,parkinglots,43.36383345169151,70.93875019714298,72.02747053480837,33.21253177179917,59.12893360664273,72.02747053480837,58.44983168281552,54.78964530441676,/home/hongsheng/dec_con_asf/logs/exp_260817_000340_TaskDecControlStrongerControl_v1_0_A2FUSION_rlc_l1d256_l2p2t32d256g_l2g_scl_mha16/test_kitti/epoch_4_total/0.3/complete_results.txt
StrongerControl_model4,StrongerControl,4,2,0.3,rain,74.97887412593433,81.01457811586347,89.37292210362503,20.014806935526288,68.83343401270453,80.76580365692536,69.16340315842983,56.538014868385396,/home/hongsheng/dec_con_asf/logs/exp_260817_000340_TaskDecControlStrongerControl_v1_0_A2FUSION_rlc_l1d256_l2p2t32d256g_l2g_scl_mha16/test_kitti/epoch_4_total/0.3/complete_results.txt
StrongerControl_model4,StrongerControl,4,2,0.3,shoulder,81.51174668028601,90.77707099179491,90.813947230785,80.53667330526835,81.27572669314955,90.75874575874576,85.9456517766716,84.19038191905456,/home/hongsheng/dec_con_asf/logs/exp_260817_000340_TaskDecControlStrongerControl_v1_0_A2FUSION_rlc_l1d256_l2p2t32d256g_l2g_scl_mha16/test_kitti/epoch_4_total/0.3/complete_results.txt
StrongerControl_model4,StrongerControl,4,2,0.3,sleet,50.140357670539224,71.67773364986078,80.79946294617282,15.867841175218226,59.2005917116566,80.47885243396091,59.69413993123476,51.84909510694524,/home/hongsheng/dec_con_asf/logs/exp_260817_000340_TaskDecControlStrongerControl_v1_0_A2FUSION_rlc_l1d256_l2p2t32d256g_l2g_scl_mha16/test_kitti/epoch_4_total/0.3/complete_results.txt
StrongerControl_model4,StrongerControl,4,2,0.3,university,55.706066759200986,80.12932919739096,80.61215935192695,26.973810934784943,69.79077930191212,79.8792289117627,65.51522907616311,58.88127304948659,/home/hongsheng/dec_con_asf/logs/exp_260817_000340_TaskDecControlStrongerControl_v1_0_A2FUSION_rlc_l1d256_l2p2t32d256g_l2g_scl_mha16/test_kitti/epoch_4_total/0.3/complete_results.txt
StrongerControl_model4,StrongerControl,4,2,0.3,urban,66.65295663962621,88.620577835697,88.96331405915572,27.691861613587992,77.01711740674556,88.72720736126956,72.945505819347,64.4787287938677,/home/hongsheng/dec_con_asf/logs/exp_260817_000340_TaskDecControlStrongerControl_v1_0_A2FUSION_rlc_l1d256_l2p2t32d256g_l2g_scl_mha16/test_kitti/epoch_4_total/0.3/complete_results.txt
MoreOpenGate_model2,MoreOpenGate,2,3,0.3,all,62.22510585911386,80.35314420068977,88.99886089260256,22.067578029928576,67.79206685242468,88.51152651560379,68.32471372506053,59.45705713265235,/home/hongsheng/dec_con_asf/logs/exp_260817_000507_TaskDecControlMoreOpenGate_v1_0_A2FUSION_rlc_l1d256_l2p2t32d256g_l2g_scl_mha16/test_kitti/epoch_2_total/0.3/complete_results.txt
MoreOpenGate_model2,MoreOpenGate,2,3,0.3,alleyway,38.79309823389286,67.06710836453466,69.15121220781809,5.196718968932217,46.007814566283706,68.55478956516866,49.128456984438365,39.91977436679486,/home/hongsheng/dec_con_asf/logs/exp_260817_000507_TaskDecControlMoreOpenGate_v1_0_A2FUSION_rlc_l1d256_l2p2t32d256g_l2g_scl_mha16/test_kitti/epoch_2_total/0.3/complete_results.txt
MoreOpenGate_model2,MoreOpenGate,2,3,0.3,countryside,45.36480063643042,80.67610021284077,88.38756870852322,11.17196056955093,42.46857081953442,79.97278229944948,58.0069638743882,44.537771229511605,/home/hongsheng/dec_con_asf/logs/exp_260817_000507_TaskDecControlMoreOpenGate_v1_0_A2FUSION_rlc_l1d256_l2p2t32d256g_l2g_scl_mha16/test_kitti/epoch_2_total/0.3/complete_results.txt
MoreOpenGate_model2,MoreOpenGate,2,3,0.3,day,61.73319926582974,88.18716991559953,88.82415739207464,22.63447279593657,67.93733938233943,88.2910084477916,69.60122453326191,59.6209402086892,/home/hongsheng/dec_con_asf/logs/exp_260817_000507_TaskDecControlMoreOpenGate_v1_0_A2FUSION_rlc_l1d256_l2p2t32d256g_l2g_scl_mha16/test_kitti/epoch_2_total/0.3/complete_results.txt
MoreOpenGate_model2,MoreOpenGate,2,3,0.3,fog,76.49364102954874,90.6391472120174,90.82540070923805,46.406124181557914,79.83581525018127,90.71680702991772,79.15282256874352,72.31958215388563,/home/hongsheng/dec_con_asf/logs/exp_260817_000507_TaskDecControlMoreOpenGate_v1_0_A2FUSION_rlc_l1d256_l2p2t32d256g_l2g_scl_mha16/test_kitti/epoch_2_total/0.3/complete_results.txt
MoreOpenGate_model2,MoreOpenGate,2,3,0.3,heavysnow,51.71118852982427,69.49384953955762,70.91986601269274,25.611481574527485,60.18095152908912,70.62636208073492,58.090616544404355,52.13959839478384,/home/hongsheng/dec_con_asf/logs/exp_260817_000507_TaskDecControlMoreOpenGate_v1_0_A2FUSION_rlc_l1d256_l2p2t32d256g_l2g_scl_mha16/test_kitti/epoch_2_total/0.3/complete_results.txt
MoreOpenGate_model2,MoreOpenGate,2,3,0.3,highway,60.07442626373473,88.79695628969344,89.4689226686986,19.160841536020154,72.8726385246113,88.71966466968627,69.84890832540741,60.25104824343924,/home/hongsheng/dec_con_asf/logs/exp_260817_000507_TaskDecControlMoreOpenGate_v1_0_A2FUSION_rlc_l1d256_l2p2t32d256g_l2g_scl_mha16/test_kitti/epoch_2_total/0.3/complete_results.txt
MoreOpenGate_model2,MoreOpenGate,2,3,0.3,lightsnow,65.11713082784246,89.0658397092268,89.50792202023717,30.8690691419792,77.73235978022512,89.43730140980492,73.62160381488594,66.01291011066975,/home/hongsheng/dec_con_asf/logs/exp_260817_000507_TaskDecControlMoreOpenGate_v1_0_A2FUSION_rlc_l1d256_l2p2t32d256g_l2g_scl_mha16/test_kitti/epoch_2_total/0.3/complete_results.txt
MoreOpenGate_model2,MoreOpenGate,2,3,0.3,mountain,68.61706644295641,90.43737511512137,90.81343549984665,20.263885292081323,77.60291681781412,90.72128785826091,73.0759945043468,62.862696656052115,/home/hongsheng/dec_con_asf/logs/exp_260817_000507_TaskDecControlMoreOpenGate_v1_0_A2FUSION_rlc_l1d256_l2p2t32d256g_l2g_scl_mha16/test_kitti/epoch_2_total/0.3/complete_results.txt
MoreOpenGate_model2,MoreOpenGate,2,3,0.3,night,62.55594298812214,80.50527503458807,81.15836761250897,16.648786685276107,67.52144326344542,80.80560445356039,64.86590333958351,54.99194480076064,/home/hongsheng/dec_con_asf/logs/exp_260817_000507_TaskDecControlMoreOpenGate_v1_0_A2FUSION_rlc_l1d256_l2p2t32d256g_l2g_scl_mha16/test_kitti/epoch_2_total/0.3/complete_results.txt
MoreOpenGate_model2,MoreOpenGate,2,3,0.3,normal,58.224710019782876,87.64316860373704,88.62067676741705,15.169632734741512,66.22367662119898,87.90055020962248,67.29706915941665,56.431286521854325,/home/hongsheng/dec_con_asf/logs/exp_260817_000507_TaskDecControlMoreOpenGate_v1_0_A2FUSION_rlc_l1d256_l2p2t32d256g_l2g_scl_mha16/test_kitti/epoch_2_total/0.3/complete_results.txt
MoreOpenGate_model2,MoreOpenGate,2,3,0.3,overcast,77.90411885498408,90.29844228839437,90.44811361517755,25.898026321139916,79.8984756073833,90.33469864183341,75.79697922148544,65.37706685678555,/home/hongsheng/dec_con_asf/logs/exp_260817_000507_TaskDecControlMoreOpenGate_v1_0_A2FUSION_rlc_l1d256_l2p2t32d256g_l2g_scl_mha16/test_kitti/epoch_2_total/0.3/complete_results.txt
MoreOpenGate_model2,MoreOpenGate,2,3,0.3,parkinglots,35.329637703944755,70.66448326971528,72.25324880685412,27.965330965330963,58.411893185918686,72.25324880685412,56.146307123102986,52.87682431936793,/home/hongsheng/dec_con_asf/logs/exp_260817_000507_TaskDecControlMoreOpenGate_v1_0_A2FUSION_rlc_l1d256_l2p2t32d256g_l2g_scl_mha16/test_kitti/epoch_2_total/0.3/complete_results.txt
MoreOpenGate_model2,MoreOpenGate,2,3,0.3,rain,67.23475627417892,81.1604116736376,89.50950205693078,21.763163276062116,68.6325430939272,80.87097712598687,68.19522558345392,57.088894498658725,/home/hongsheng/dec_con_asf/logs/exp_260817_000507_TaskDecControlMoreOpenGate_v1_0_A2FUSION_rlc_l1d256_l2p2t32d256g_l2g_scl_mha16/test_kitti/epoch_2_total/0.3/complete_results.txt
MoreOpenGate_model2,MoreOpenGate,2,3,0.3,shoulder,81.49205055034652,90.79745140929639,90.83650880058066,80.25626076322028,81.3523939187656,90.77645341577131,85.91851980966347,84.12836936591907,/home/hongsheng/dec_con_asf/logs/exp_260817_000507_TaskDecControlMoreOpenGate_v1_0_A2FUSION_rlc_l1d256_l2p2t32d256g_l2g_scl_mha16/test_kitti/epoch_2_total/0.3/complete_results.txt
MoreOpenGate_model2,MoreOpenGate,2,3,0.3,sleet,44.98776345300937,71.62401465098701,80.95591398756125,10.739957716701904,67.75704931541057,80.77099831361143,59.472616239546916,53.089335115241305,/home/hongsheng/dec_con_asf/logs/exp_260817_000507_TaskDecControlMoreOpenGate_v1_0_A2FUSION_rlc_l1d256_l2p2t32d256g_l2g_scl_mha16/test_kitti/epoch_2_total/0.3/complete_results.txt
MoreOpenGate_model2,MoreOpenGate,2,3,0.3,university,53.26175835220271,80.33298464139001,80.85015743447794,22.712533986462276,70.13589060749335,80.34016189911412,64.6055811535234,57.72952883102325,/home/hongsheng/dec_con_asf/logs/exp_260817_000507_TaskDecControlMoreOpenGate_v1_0_A2FUSION_rlc_l1d256_l2p2t32d256g_l2g_scl_mha16/test_kitti/epoch_2_total/0.3/complete_results.txt
MoreOpenGate_model2,MoreOpenGate,2,3,0.3,urban,65.37942909343309,88.42816896795071,88.92393739983899,26.981100908546445,76.29114580047157,88.56829131718847,72.42867891457155,63.94684600873549,/home/hongsheng/dec_con_asf/logs/exp_260817_000507_TaskDecControlMoreOpenGate_v1_0_A2FUSION_rlc_l1d256_l2p2t32d256g_l2g_scl_mha16/test_kitti/epoch_2_total/0.3/complete_results.txt
