run,epoch,fg_gate_bias,fg_gate_bias_sigmoid,fg_gate_last_weight_norm,fg_gate_all_norm,class_head_last_weight_norm,class_head_all_norm,class_context_norm,patch_common_norm,patch_unique_norm,patch_dec_res_scale,score_cam_bev_feat_last_weight_norm,score_cam_bev_feat_last_bias,score_cam_bev_feat_all_norm,score_spatial_features_2d_last_weight_norm,score_spatial_features_2d_last_bias,score_spatial_features_2d_all_norm,score_bev_feat_last_weight_norm,score_bev_feat_last_bias,score_bev_feat_all_norm,path
MoreOpenGate,0,-0.8680871725082397,0.29565247743580275,0.29358163475990295,23.8104305267334,0.0,23.06593132019043,1.094476580619812,47.739776611328125,47.54718780517578,0.07999999821186066,0.10513679683208466,-0.03806888684630394,31.2252140045166,0.1900147646665573,0.02228390797972679,32.35579299926758,0.13219624757766724,0.02719167247414589,31.65298080444336,/home/hongsheng/dec_con_asf/logs/exp_260813_225556_TaskDecControlMoreOpenGate_v1_0_A2FUSION_rlc_l1d256_l2p2t32d256g_l2g_scl_mha16/models/model_0.pt
MoreOpenGate,1,-0.8272174596786499,0.3042337449469931,0.3552438020706177,23.752042770385742,0.0,22.37612533569336,1.6284362077713013,50.6976318359375,51.20308303833008,0.07999999821186066,0.16547253727912903,-0.07779264450073242,31.371854782104492,0.2700004577636719,0.04487542062997818,32.33071517944336,0.19643589854240417,0.010377940721809864,30.960678100585938,/home/hongsheng/dec_con_asf/logs/exp_260813_225556_TaskDecControlMoreOpenGate_v1_0_A2FUSION_rlc_l1d256_l2p2t32d256g_l2g_scl_mha16/models/model_1.pt
MoreOpenGate,2,-0.7790638208389282,0.3145216891697143,0.38818755745887756,24.292924880981445,0.0,21.706401824951172,2.029752254486084,52.737266540527344,53.94076156616211,0.07999999821186066,0.1894485205411911,-0.08266879618167877,29.97446632385254,0.3008805811405182,0.06087658926844597,32.317352294921875,0.21083994209766388,-0.0055377590470016,30.12321662902832,/home/hongsheng/dec_con_asf/logs/exp_260813_225556_TaskDecControlMoreOpenGate_v1_0_A2FUSION_rlc_l1d256_l2p2t32d256g_l2g_scl_mha16/models/model_2.pt
MoreOpenGate,4,-0.6972466111183167,0.3324229720335382,0.4962364137172699,25.0771484375,0.0,20.426544189453125,2.215714454650879,59.0746955871582,61.31105041503906,0.07999999821186066,0.24721670150756836,-0.1042078509926796,29.562219619750977,0.32180511951446533,0.06955479085445404,33.211181640625,0.26695284247398376,-0.01086632814258337,30.50080680847168,/home/hongsheng/dec_con_asf/logs/exp_260813_225556_TaskDecControlMoreOpenGate_v1_0_A2FUSION_rlc_l1d256_l2p2t32d256g_l2g_scl_mha16/models/model_4.pt
MoreOpenGate,7,-0.5780798196792603,0.3593745467099477,0.5838149785995483,25.78871726989746,0.0,18.64674949645996,2.044658660888672,68.20320892333984,71.1578140258789,0.07999999821186066,0.29684528708457947,-0.11507602035999298,29.313304901123047,0.4813721776008606,0.083582304418087,35.341285705566406,0.33629998564720154,-0.019639134407043457,31.591638565063477,/home/hongsheng/dec_con_asf/logs/exp_260813_225556_TaskDecControlMoreOpenGate_v1_0_A2FUSION_rlc_l1d256_l2p2t32d256g_l2g_scl_mha16/models/model_7.pt
MoreOpenGate,10,-0.47498050332069397,0.38343810474297857,0.7819350361824036,26.967710494995117,0.0,17.02186393737793,2.1996588706970215,74.77960205078125,78.0174789428711,0.07999999821186066,0.32970282435417175,-0.14475439488887787,28.263357162475586,0.5104312896728516,0.10656390339136124,35.85380554199219,0.35192763805389404,-0.0013211502227932215,32.1908073425293,/home/hongsheng/dec_con_asf/logs/exp_260813_225556_TaskDecControlMoreOpenGate_v1_0_A2FUSION_rlc_l1d256_l2p2t32d256g_l2g_scl_mha16/models/model_10.pt
StrongerControl,0,-1.1600983142852783,0.23864942139800874,0.25604328513145447,23.94425392150879,0.0,23.06593132019043,1.2200467586517334,48.01083755493164,47.8754997253418,0.07999999821186066,0.14942680299282074,-0.014910922385752201,32.045589447021484,0.2111429125070572,0.011542731896042824,33.40285873413086,0.14578960835933685,0.005368359386920929,31.885177612304688,/home/hongsheng/dec_con_asf/logs/exp_260813_225557_TaskDecControlStrongerControl_v1_0_A2FUSION_rlc_l1d256_l2p2t32d256g_l2g_scl_mha16/models/model_0.pt
StrongerControl,1,-1.1063528060913086,0.24855146332148909,0.4308035969734192,24.085487365722656,0.0,22.37612533569336,1.7180068492889404,50.46433639526367,51.53263473510742,0.07999999821186066,0.44630369544029236,0.011323734186589718,32.85680389404297,0.276289165019989,0.02325943298637867,33.463443756103516,0.18804332613945007,-0.010007422417402267,31.24614143371582,/home/hongsheng/dec_con_asf/logs/exp_260813_225557_TaskDecControlStrongerControl_v1_0_A2FUSION_rlc_l1d256_l2p2t32d256g_l2g_scl_mha16/models/model_1.pt
StrongerControl,2,-1.0503758192062378,0.2591529397453397,0.5004929304122925,24.140064239501953,0.0,21.706401824951172,1.8543155193328857,52.437049865722656,54.963470458984375,0.07999999821186066,0.4329446256160736,0.010984731838107109,31.873336791992188,0.3700675070285797,0.02681087888777256,34.11977767944336,0.3886931836605072,-0.013921176083385944,31.613466262817383,/home/hongsheng/dec_con_asf/logs/exp_260813_225557_TaskDecControlStrongerControl_v1_0_A2FUSION_rlc_l1d256_l2p2t32d256g_l2g_scl_mha16/models/model_2.pt
StrongerControl,4,-0.9452229142189026,0.2798465465446835,0.7419432401657104,24.834754943847656,0.0,20.426544189453125,2.213585138320923,58.487064361572266,63.31901931762695,0.07999999821186066,0.42905449867248535,-0.016909267753362656,30.264631271362305,0.5937324166297913,0.03852061927318573,36.25735855102539,0.566896915435791,-0.026308825239539146,33.22452926635742,/home/hongsheng/dec_con_asf/logs/exp_260813_225557_TaskDecControlStrongerControl_v1_0_A2FUSION_rlc_l1d256_l2p2t32d256g_l2g_scl_mha16/models/model_4.pt
StrongerControl,7,-0.8102070689201355,0.3078463723218903,0.9597362875938416,25.06252670288086,0.0,18.64674949645996,2.50555419921875,66.42951202392578,73.18150329589844,0.07999999821186066,0.6755309700965881,-0.0309213325381279,30.16829490661621,0.888783872127533,0.03614698722958565,40.51630783081055,0.8962515592575073,-0.008626792579889297,36.388362884521484,/home/hongsheng/dec_con_asf/logs/exp_260813_225557_TaskDecControlStrongerControl_v1_0_A2FUSION_rlc_l1d256_l2p2t32d256g_l2g_scl_mha16/models/model_7.pt
StrongerControl,10,-0.6864604949951172,0.334820915748796,1.1167595386505127,25.446063995361328,0.0,17.02186393737793,2.6364543437957764,72.58793640136719,80.41548919677734,0.07999999821186066,0.661171019077301,-0.09422901272773743,30.91997718811035,1.0896590948104858,0.035760439932346344,43.3828010559082,0.9359883069992065,0.01161045953631401,38.8681755065918,/home/hongsheng/dec_con_asf/logs/exp_260813_225557_TaskDecControlStrongerControl_v1_0_A2FUSION_rlc_l1d256_l2p2t32d256g_l2g_scl_mha16/models/model_10.pt
Robust,0,-1.1574459075927734,0.23913168678052424,0.3292854130268097,23.896488189697266,0.0,23.06593132019043,1.1912155151367188,48.27164077758789,48.1427001953125,0.07999999821186066,0.052647750824689865,0.0006172938155941665,31.271190643310547,0.18595510721206665,0.03167341649532318,32.41142654418945,0.10125233232975006,-0.023704329505562782,32.182830810546875,/home/hongsheng/dec_con_asf/logs/exp_260810_221258_TaskDecControlRobust_v1_0_A2FUSION_rlc_l1d256_l2p2t32d256g_l2g_scl_mha16/models/model_0.pt
Robust,1,-1.1022789478302002,0.249313131804542,0.3860950767993927,23.829679489135742,0.0,22.37612533569336,1.7701135873794556,51.13950729370117,51.59493637084961,0.07999999821186066,0.08005743473768234,-0.004668423440307379,30.35087776184082,0.3418540060520172,0.037744175642728806,32.140281677246094,0.11548353731632233,-0.025711683556437492,31.333288192749023,/home/hongsheng/dec_con_asf/logs/exp_260810_221258_TaskDecControlRobust_v1_0_A2FUSION_rlc_l1d256_l2p2t32d256g_l2g_scl_mha16/models/model_1.pt
Robust,2,-1.044675350189209,0.26024888985380323,0.45004764199256897,23.700862884521484,0.0,21.706401824951172,2.2923057079315186,53.40495300292969,54.24942398071289,0.07999999821186066,0.23335829377174377,0.017458071932196617,30.0436954498291,0.34413570165634155,0.038766779005527496,31.353567123413086,0.17633335292339325,-0.027919884771108627,30.576908111572266,/home/hongsheng/dec_con_asf/logs/exp_260810_221258_TaskDecControlRobust_v1_0_A2FUSION_rlc_l1d256_l2p2t32d256g_l2g_scl_mha16/models/model_2.pt
Robust,4,-0.9413684010505676,0.2806240148386401,0.578892707824707,23.389598846435547,0.0,20.426544189453125,2.9463839530944824,60.074649810791016,61.69057846069336,0.07999999821186066,0.3108113706111908,-0.059206489473581314,28.00607681274414,1.1129424571990967,0.10627637058496475,37.61722946166992,0.34806743264198303,0.0014885623240843415,29.530460357666016,/home/hongsheng/dec_con_asf/logs/exp_260810_221258_TaskDecControlRobust_v1_0_A2FUSION_rlc_l1d256_l2p2t32d256g_l2g_scl_mha16/models/model_4.pt
Robust,7,-0.8089241981506348,0.30811978991771016,0.8635562062263489,23.65154266357422,0.0,18.64674949645996,3.5748977661132812,68.17230987548828,71.88484954833984,0.07999999821186066,1.4036606550216675,-0.08972333371639252,31.846004486083984,1.6947954893112183,0.1436767727136612,44.854557037353516,0.34347230195999146,-0.015045411884784698,27.122726440429688,/home/hongsheng/dec_con_asf/logs/exp_260810_221258_TaskDecControlRobust_v1_0_A2FUSION_rlc_l1d256_l2p2t32d256g_l2g_scl_mha16/models/model_7.pt
Robust,10,-0.6882938742637634,0.33441271682134094,0.9273598194122314,23.38069725036621,0.0,17.02186393737793,3.9369919300079346,74.2436294555664,79.56658172607422,0.07999999821186066,1.9553273916244507,-0.09946891665458679,34.861549377441406,1.9787402153015137,0.15124377608299255,46.811763763427734,1.5808480978012085,0.18963512778282166,35.650821685791016,/home/hongsheng/dec_con_asf/logs/exp_260810_221258_TaskDecControlRobust_v1_0_A2FUSION_rlc_l1d256_l2p2t32d256g_l2g_scl_mha16/models/model_10.pt
Balanced,0,-1.5444793701171875,0.17588504939567723,0.5160104036331177,24.34886360168457,0.0,22.848234176635742,0.7079764604568481,49.04898452758789,48.550418853759766,0.05999999865889549,0.09937435388565063,-0.024985244497656822,31.136316299438477,0.2390264868736267,0.03334012255072594,32.58808135986328,0.10554976016283035,-0.0046249935403466225,30.75351905822754,/home/hongsheng/dec_con_asf/logs/exp_260810_221300_TaskDecControlBalanced_v1_0_A2FUSION_rlc_l1d256_l2p2t32d256g_l2g_scl_mha16/models/model_0.pt
Balanced,1,-1.4748677015304565,0.18620387451982903,0.5160432457923889,24.901233673095703,0.0,22.164947509765625,1.0577448606491089,52.41725158691406,52.486839294433594,0.05999999865889549,0.08123835176229477,-0.0008043490233831108,29.672466278076172,0.39137205481529236,0.0372704453766346,33.2072639465332,0.2892420291900635,-0.02195529267191887,30.319122314453125,/home/hongsheng/dec_con_asf/logs/exp_260810_221300_TaskDecControlBalanced_v1_0_A2FUSION_rlc_l1d256_l2p2t32d256g_l2g_scl_mha16/models/model_1.pt
Balanced,2,-1.4075809717178345,0.19661588101455593,0.5369806289672852,25.109159469604492,0.0,21.501544952392578,1.2265771627426147,54.20976257324219,54.9278564453125,0.05999999865889549,0.07884502410888672,-0.0011649286607280374,28.783218383789062,0.4086081385612488,0.04703683778643608,32.42280197143555,0.2798230051994324,-0.026482179760932922,29.455020904541016,/home/hongsheng/dec_con_asf/logs/exp_260810_221300_TaskDecControlBalanced_v1_0_A2FUSION_rlc_l1d256_l2p2t32d256g_l2g_scl_mha16/models/model_2.pt
Balanced,4,-1.2817200422286987,0.2172575765832306,0.7810051441192627,25.837316513061523,0.0,20.233766555786133,1.6232620477676392,60.04417419433594,62.29720687866211,0.05999999865889549,0.20024177432060242,-0.010832508094608784,27.491485595703125,0.6050471067428589,0.08473963290452957,31.85879898071289,0.6972812414169312,-0.037311360239982605,28.529891967773438,/home/hongsheng/dec_con_asf/logs/exp_260810_221300_TaskDecControlBalanced_v1_0_A2FUSION_rlc_l1d256_l2p2t32d256g_l2g_scl_mha16/models/model_4.pt
Balanced,7,-1.1110059022903442,0.24768340484481144,1.0313811302185059,26.441587448120117,0.0,18.470766067504883,2.381967544555664,69.74299621582031,72.6950912475586,0.05999999865889549,0.18279507756233215,-0.009888965636491776,25.09649085998535,0.5483213663101196,0.07722263783216476,29.082983016967773,0.6383508443832397,-0.0339384451508522,26.044506072998047,/home/hongsheng/dec_con_asf/logs/exp_260810_221300_TaskDecControlBalanced_v1_0_A2FUSION_rlc_l1d256_l2p2t32d256g_l2g_scl_mha16/models/model_7.pt
Balanced,10,-0.9693858027458191,0.27500294167669603,1.2014540433883667,26.909305572509766,0.0,16.86121368408203,2.7923314571380615,75.95887756347656,79.57954406738281,0.05999999865889549,0.913088858127594,0.11145403981208801,23.74215316772461,0.6103658676147461,0.08669637888669968,28.749292373657227,0.5895235538482666,-0.0434105359017849,25.830854415893555,/home/hongsheng/dec_con_asf/logs/exp_260810_221300_TaskDecControlBalanced_v1_0_A2FUSION_rlc_l1d256_l2p2t32d256g_l2g_scl_mha16/models/model_10.pt
