project,method,experiment,result_kind,split_scope,condition,conf,class,epoch,checkpoint,bev_0_7,3d_0_7,bev_0_5,3d_0_5,bev_0_3,3d_0_3,mean_available,mean_3d_available,source_path,source_note,comparability_note
K-Radar-main,ASF/A2Fusion,exp_260725_230526_A2FUSION_rlc_l1d256_l2p2t32d256g_l2g_scl_mha16,complete_results,full,all,0.3,sed,,,42.788269153965786,11.80060982640327,71.31973045770901,51.76322972108183,77.44271519762323,74.61048177743548,54.95417268903643,46.058107108306864,/home/hongsheng/K-Radar-main/logs/exp_260725_230526_A2FUSION_rlc_l1d256_l2p2t32d256g_l2g_scl_mha16/test_kitti/none/0.3/complete_results.txt,,
K-Radar-main,ASF v1 official/local,exp_260814_212832_ASF_v1_0_local_repro,complete_results,full,all,0.3,sed,,,63.10708440787629,22.95129787234395,80.4457359516899,67.71598904935695,89.14500596681748,80.44650465152583,67.30193631660173,57.037930524408914,/home/hongsheng/K-Radar-main/logs/exp_260814_212832_ASF_v1_0_local_repro/test_kitti/none/0.3/complete_results.txt,,
K-Radar-main,ASF v1 official/local,exp_250219_134333_A2F_v1_0,complete_results,full,all,0.0,sed,,,63.983746792307464,19.958881204526396,87.17088168295102,73.5760108556642,88.59018784204733,87.42184975058575,70.11692635468036,60.31891393692545,/home/hongsheng/K-Radar-main/official_downloads/asf_v1_official_logs_min/exp_250219_134333_A2F_v1_0/test_kitti/none/0.0/complete_results.txt,,
K-Radar-main,ASF v1 official/local,exp_250303_200024_A2F_v1_0,complete_results,full,all,0.0,sed,,,62.85048640310437,18.84758961438235,86.97363480841175,72.94898680476535,88.5883041960715,87.33703837418055,69.59100670015265,59.71120493110942,/home/hongsheng/K-Radar-main/official_downloads/asf_v1_official_logs_min/exp_250303_200024_A2F_v1_0/test_kitti/none/0.0/complete_results.txt,,
K-Radar-main,ASF v1 official/local,exp_250303_200024_A2F_v1_0,complete_results,full,all,0.3,sed,,,62.85129838117256,18.84758961438235,80.32516486241366,67.19240527543302,80.77711184770162,80.31346659416178,65.05117276254417,55.451153827992385,/home/hongsheng/K-Radar-main/official_downloads/asf_v1_official_logs_min/exp_250303_200024_A2F_v1_0/test_kitti/none/0.3/complete_results.txt,,
K-Radar-main,ASF/A2Fusion,exp_260721_133144_ASF_LR_bs4_ep15,summary_conf_md,full_or_exported_summary,all,0.3,sed,,,38.04,9.65,66.13,46.05,72.48,69.37,50.28666666666667,41.690000000000005,/home/hongsheng/K-Radar-main/results/asf_bs4_ep15/summary_conf0.3.md,,
K-Radar-main,DeCU-ASF,exp_260721_133144_DeCU_ASF_LR_bs4_ep15,summary_conf_md,full_or_exported_summary,all,0.3,sed,,,37.78,9.82,66.11,45.88,72.47,69.28,50.223333333333336,41.660000000000004,/home/hongsheng/K-Radar-main/results/decu_bs4_ep15/summary_conf0.3.md,,
K-Radar-main,ASF/A2Fusion,exp_260717_184456_A2FUSION_rlc_l1d256_l2p2t32d256g_l2g_scl_mha16,summary_conf_md,full_or_exported_summary,all,0.3,sed,,,37.36,9.85,63.92,44.47,70.23,67.1,48.821666666666665,40.47333333333333,/home/hongsheng/K-Radar-main/results/demo/summary_conf0.3.md,,
K-Radar-main,SECOND,exp_260715_125207_SECOND,summary_conf_md,full_or_exported_summary,all,0.3,sed,,,44.13,16.25,68.34,45.25,70.08,68.28,52.055,43.26,/home/hongsheng/K-Radar-main/results/exp_260715_125207_SECOND/summary_conf0.3.md,,
K-Radar-main,RTNH,exp_260717_130203_RTNH,summary_conf_md,full_or_exported_summary,all,0.3,sed,,,17.17,4.62,40.9,22.85,52.75,46.56,30.808333333333334,24.676666666666666,/home/hongsheng/K-Radar-main/results/exp_260717_130203_RTNH/summary_conf0.3.md,,
K-Radar-main,ASF/A2Fusion,exp_260717_184456_A2FUSION_rlc_l1d256_l2p2t32d256g_l2g_scl_mha16,summary_conf_md,full_or_exported_summary,all,0.3,sed,,,37.36,9.85,63.92,44.47,70.23,67.1,48.821666666666665,40.47333333333333,/home/hongsheng/K-Radar-main/results/exp_260717_184456_A2FUSION_rlc_l1d256_l2p2t32d256g_l2g_scl_mha16/summary_conf0.3.md,,
K-Radar-main,ASF/A2Fusion,exp_260721_133144_ASF_LR_bs4_ep15,summary_conf_md,full_or_exported_summary,all,0.3,sed,,,38.04,9.65,66.13,46.05,72.48,69.37,50.28666666666667,41.690000000000005,/home/hongsheng/K-Radar-main/results/exp_260721_133144_ASF_LR_bs4_ep15/summary_conf0.3.md,,
K-Radar-main,ASF/A2Fusion,exp_260721_133145_ASF_LR_bs8_ep30,summary_conf_md,full_or_exported_summary,all,0.3,sed,,,31.68,5.89,62.44,40.33,69.94,66.68,46.16,37.63333333333333,/home/hongsheng/K-Radar-main/results/exp_260721_133145_ASF_LR_bs8_ep30/summary_conf0.3.md,,
K-Radar-main,ASF/A2Fusion,exp_260725_230526_A2FUSION_rlc_l1d256_l2p2t32d256g_l2g_scl_mha16,summary_conf_md,full_or_exported_summary,all,0.0,sed,,,43.5,11.59,73.95,52.47,81.93,77.45,56.815,47.169999999999995,/home/hongsheng/K-Radar-main/results/exp_260725_230526_A2FUSION_rlc_l1d256_l2p2t32d256g_l2g_scl_mha16/summary_conf0.0.md,,
K-Radar-main,ASF/A2Fusion,exp_260725_230526_A2FUSION_rlc_l1d256_l2p2t32d256g_l2g_scl_mha16,summary_conf_md,full_or_exported_summary,all,0.3,sed,,,42.79,11.8,71.32,51.76,77.44,74.61,54.953333333333326,46.056666666666665,/home/hongsheng/K-Radar-main/results/exp_260725_230526_A2FUSION_rlc_l1d256_l2p2t32d256g_l2g_scl_mha16/summary_conf0.3.md,,
K-Radar-main,ASF v1 official/local,exp_250219_134333_A2F_v1_0,summary_conf_md,full_or_exported_summary,all,0.0,sed,,,63.98,19.96,87.17,73.58,88.59,87.42,70.11666666666666,60.32,/home/hongsheng/K-Radar-main/results/official_asf_v1_exp250219/summary_conf0.0.md,,
K-Radar-main,ASF v1 official/local,exp_250303_200024_A2F_v1_0,summary_conf_md,full_or_exported_summary,all,0.0,sed,,,62.85,18.85,86.97,72.95,88.59,87.34,69.59166666666667,59.71333333333334,/home/hongsheng/K-Radar-main/results/official_asf_v1_exp250303/summary_conf0.0.md,,
K-Radar-main,ASF v1 official/local,exp_250303_200024_A2F_v1_0,summary_conf_md,full_or_exported_summary,all,0.3,sed,,,62.85,18.85,80.33,67.19,80.78,80.31,65.05166666666666,55.449999999999996,/home/hongsheng/K-Radar-main/results/official_asf_v1_exp250303/summary_conf0.3.md,,
K-Radar-main,ASF v2 official,exp_250218_134456_A2FUSION_rlc_l1d256_l2p2t32d256g_l2g_scl_mha16_RLC,summary_conf_md,full_or_exported_summary,all,0.0,sed,,,44.97,11.61,74.46,52.94,82.49,79.26,57.62166666666667,47.93666666666667,/home/hongsheng/K-Radar-main/results/official_asf_v2_RLC/summary_conf0.0.md,,
K-Radar-main,ASF v2 official,exp_250218_134456_A2FUSION_rlc_l1d256_l2p2t32d256g_l2g_scl_mha16_RLC,summary_conf_md,full_or_exported_summary,all,0.3,sed,,,43.21,11.85,71.7,52.09,77.85,74.98,55.28,46.30666666666667,/home/hongsheng/K-Radar-main/results/official_asf_v2_RLC/summary_conf0.3.md,,
asf_patch_dec,DecControlledASF Gentle,exp_260729_213501_ObjPatchDecGentle_A2FUSION_rlc_l1d256_l2p2t32d256g_l2g_scl_mha16,subset_eval_summary,subset_eval,subset_all,0.3,sed,0,/home/hongsheng/asf_patch_dec/logs/exp_260728_181732_ObjPatchDecGentle_A2FUSION_rlc_l1d256_l2p2t32d256g_l2g_scl_mha16/models/model_0.pt,34.38,7.22,66.76,46.76,72.96,70.19,49.711666666666666,41.39,/home/hongsheng/asf_patch_dec/logs/exp_260729_213501_ObjPatchDecGentle_A2FUSION_rlc_l1d256_l2p2t32d256g_l2g_scl_mha16/subset_eval_summary.json,,
asf_patch_dec,DecControlledASF Gentle,exp_260729_213501_ObjPatchDecGentle_A2FUSION_rlc_l1d256_l2p2t32d256g_l2g_scl_mha16,subset_eval_summary,subset_eval,subset_all,0.3,sed,1,/home/hongsheng/asf_patch_dec/logs/exp_260728_181732_ObjPatchDecGentle_A2FUSION_rlc_l1d256_l2p2t32d256g_l2g_scl_mha16/models/model_1.pt,38.47,5.69,68.51,48.32,75.08,72.0,51.345,42.00333333333334,/home/hongsheng/asf_patch_dec/logs/exp_260729_213501_ObjPatchDecGentle_A2FUSION_rlc_l1d256_l2p2t32d256g_l2g_scl_mha16/subset_eval_summary.json,,
asf_patch_dec,DecControlledASF Gentle,exp_260729_213501_ObjPatchDecGentle_A2FUSION_rlc_l1d256_l2p2t32d256g_l2g_scl_mha16,subset_eval_summary,subset_eval,subset_all,0.3,sed,2,/home/hongsheng/asf_patch_dec/logs/exp_260728_181732_ObjPatchDecGentle_A2FUSION_rlc_l1d256_l2p2t32d256g_l2g_scl_mha16/models/model_2.pt,41.76,11.03,68.92,49.37,75.4,72.55,53.17166666666666,44.31666666666666,/home/hongsheng/asf_patch_dec/logs/exp_260729_213501_ObjPatchDecGentle_A2FUSION_rlc_l1d256_l2p2t32d256g_l2g_scl_mha16/subset_eval_summary.json,,
asf_patch_dec,DecControlledASF Gentle,exp_260729_213501_ObjPatchDecGentle_A2FUSION_rlc_l1d256_l2p2t32d256g_l2g_scl_mha16,subset_eval_summary,subset_eval,subset_all,0.3,sed,3,/home/hongsheng/asf_patch_dec/logs/exp_260728_181732_ObjPatchDecGentle_A2FUSION_rlc_l1d256_l2p2t32d256g_l2g_scl_mha16/models/model_3.pt,36.06,3.67,68.58,44.39,75.09,72.08,49.97833333333333,40.04666666666667,/home/hongsheng/asf_patch_dec/logs/exp_260729_213501_ObjPatchDecGentle_A2FUSION_rlc_l1d256_l2p2t32d256g_l2g_scl_mha16/subset_eval_summary.json,,
asf_patch_dec,DecControlledASF Gentle,exp_260729_213501_ObjPatchDecGentle_A2FUSION_rlc_l1d256_l2p2t32d256g_l2g_scl_mha16,subset_eval_summary,subset_eval,subset_all,0.3,sed,4,/home/hongsheng/asf_patch_dec/logs/exp_260728_181732_ObjPatchDecGentle_A2FUSION_rlc_l1d256_l2p2t32d256g_l2g_scl_mha16/models/model_4.pt,42.69,11.33,69.33,50.41,75.52,72.86,53.69,44.86666666666667,/home/hongsheng/asf_patch_dec/logs/exp_260729_213501_ObjPatchDecGentle_A2FUSION_rlc_l1d256_l2p2t32d256g_l2g_scl_mha16/subset_eval_summary.json,,
asf_patch_dec,DecControlledASF Gentle,exp_260729_213501_ObjPatchDecGentle_A2FUSION_rlc_l1d256_l2p2t32d256g_l2g_scl_mha16,subset_eval_summary,subset_eval,subset_all,0.3,sed,5,/home/hongsheng/asf_patch_dec/logs/exp_260728_181732_ObjPatchDecGentle_A2FUSION_rlc_l1d256_l2p2t32d256g_l2g_scl_mha16/models/model_5.pt,33.81,6.42,68.85,45.94,75.2,71.96,50.36333333333334,41.44,/home/hongsheng/asf_patch_dec/logs/exp_260729_213501_ObjPatchDecGentle_A2FUSION_rlc_l1d256_l2p2t32d256g_l2g_scl_mha16/subset_eval_summary.json,,
asf_patch_dec,DecControlledASF Gentle,exp_260729_213501_ObjPatchDecGentle_A2FUSION_rlc_l1d256_l2p2t32d256g_l2g_scl_mha16,subset_eval_summary,subset_eval,subset_all,0.3,sed,6,/home/hongsheng/asf_patch_dec/logs/exp_260728_181732_ObjPatchDecGentle_A2FUSION_rlc_l1d256_l2p2t32d256g_l2g_scl_mha16/models/model_6.pt,42.19,11.88,69.32,49.89,75.53,72.75,53.593333333333334,44.84,/home/hongsheng/asf_patch_dec/logs/exp_260729_213501_ObjPatchDecGentle_A2FUSION_rlc_l1d256_l2p2t32d256g_l2g_scl_mha16/subset_eval_summary.json,,
asf_patch_dec,ObjPatchDec Strong,exp_260729_213503_ObjPatchDecStrong_A2FUSION_rlc_l1d256_l2p2t32d256g_l2g_scl_mha16,subset_eval_summary,subset_eval,subset_all,0.3,sed,0,/home/hongsheng/asf_patch_dec/logs/exp_260728_181732_ObjPatchDecStrong_A2FUSION_rlc_l1d256_l2p2t32d256g_l2g_scl_mha16/models/model_0.pt,17.26,3.89,53.98,30.88,68.19,64.14,39.723333333333336,32.97,/home/hongsheng/asf_patch_dec/logs/exp_260729_213503_ObjPatchDecStrong_A2FUSION_rlc_l1d256_l2p2t32d256g_l2g_scl_mha16/subset_eval_summary.json,,
asf_patch_dec,ObjPatchDec Strong,exp_260729_213503_ObjPatchDecStrong_A2FUSION_rlc_l1d256_l2p2t32d256g_l2g_scl_mha16,subset_eval_summary,subset_eval,subset_all,0.3,sed,1,/home/hongsheng/asf_patch_dec/logs/exp_260728_181732_ObjPatchDecStrong_A2FUSION_rlc_l1d256_l2p2t32d256g_l2g_scl_mha16/models/model_1.pt,13.04,3.36,56.58,28.87,72.32,66.74,40.151666666666664,32.99,/home/hongsheng/asf_patch_dec/logs/exp_260729_213503_ObjPatchDecStrong_A2FUSION_rlc_l1d256_l2p2t32d256g_l2g_scl_mha16/subset_eval_summary.json,,
asf_patch_dec,ObjPatchDec Strong,exp_260729_213503_ObjPatchDecStrong_A2FUSION_rlc_l1d256_l2p2t32d256g_l2g_scl_mha16,subset_eval_summary,subset_eval,subset_all,0.3,sed,2,/home/hongsheng/asf_patch_dec/logs/exp_260728_181732_ObjPatchDecStrong_A2FUSION_rlc_l1d256_l2p2t32d256g_l2g_scl_mha16/models/model_2.pt,39.76,9.38,66.26,46.64,73.01,72.27,51.22,42.76333333333333,/home/hongsheng/asf_patch_dec/logs/exp_260729_213503_ObjPatchDecStrong_A2FUSION_rlc_l1d256_l2p2t32d256g_l2g_scl_mha16/subset_eval_summary.json,,
asf_patch_dec,ObjPatchDec Strong,exp_260729_213503_ObjPatchDecStrong_A2FUSION_rlc_l1d256_l2p2t32d256g_l2g_scl_mha16,subset_eval_summary,subset_eval,subset_all,0.3,sed,3,/home/hongsheng/asf_patch_dec/logs/exp_260728_181732_ObjPatchDecStrong_A2FUSION_rlc_l1d256_l2p2t32d256g_l2g_scl_mha16/models/model_3.pt,24.2,0.73,64.59,29.66,74.28,68.2,43.61000000000001,32.86333333333334,/home/hongsheng/asf_patch_dec/logs/exp_260729_213503_ObjPatchDecStrong_A2FUSION_rlc_l1d256_l2p2t32d256g_l2g_scl_mha16/subset_eval_summary.json,,
asf_patch_dec,ObjPatchDec Strong,exp_260729_213503_ObjPatchDecStrong_A2FUSION_rlc_l1d256_l2p2t32d256g_l2g_scl_mha16,subset_eval_summary,subset_eval,subset_all,0.3,sed,4,/home/hongsheng/asf_patch_dec/logs/exp_260728_181732_ObjPatchDecStrong_A2FUSION_rlc_l1d256_l2p2t32d256g_l2g_scl_mha16/models/model_4.pt,42.62,11.52,68.91,49.73,75.51,72.74,53.504999999999995,44.66333333333333,/home/hongsheng/asf_patch_dec/logs/exp_260729_213503_ObjPatchDecStrong_A2FUSION_rlc_l1d256_l2p2t32d256g_l2g_scl_mha16/subset_eval_summary.json,,
asf_patch_dec,ObjPatchDec Strong,exp_260729_213503_ObjPatchDecStrong_A2FUSION_rlc_l1d256_l2p2t32d256g_l2g_scl_mha16,subset_eval_summary,subset_eval,subset_all,0.3,sed,5,/home/hongsheng/asf_patch_dec/logs/exp_260728_181732_ObjPatchDecStrong_A2FUSION_rlc_l1d256_l2p2t32d256g_l2g_scl_mha16/models/model_5.pt,28.88,4.59,65.66,43.62,74.85,71.03,48.105,39.74666666666666,/home/hongsheng/asf_patch_dec/logs/exp_260729_213503_ObjPatchDecStrong_A2FUSION_rlc_l1d256_l2p2t32d256g_l2g_scl_mha16/subset_eval_summary.json,,
asf_patch_dec,ObjPatchDec Strong,exp_260729_213503_ObjPatchDecStrong_A2FUSION_rlc_l1d256_l2p2t32d256g_l2g_scl_mha16,subset_eval_summary,subset_eval,subset_all,0.3,sed,6,/home/hongsheng/asf_patch_dec/logs/exp_260728_181732_ObjPatchDecStrong_A2FUSION_rlc_l1d256_l2p2t32d256g_l2g_scl_mha16/models/model_6.pt,42.54,10.89,68.95,49.23,75.26,72.38,53.208333333333336,44.166666666666664,/home/hongsheng/asf_patch_dec/logs/exp_260729_213503_ObjPatchDecStrong_A2FUSION_rlc_l1d256_l2p2t32d256g_l2g_scl_mha16/subset_eval_summary.json,,
asf_patch_dec,DecControlledASF Gentle,exp_260803_204106_ObjPatchDecGentle_A2FUSION_rlc_l1d256_l2p2t32d256g_l2g_scl_mha16,subset_eval_summary,subset_eval,subset_all,0.3,sed,7,/home/hongsheng/asf_patch_dec/logs/exp_260728_181732_ObjPatchDecGentle_A2FUSION_rlc_l1d256_l2p2t32d256g_l2g_scl_mha16/models/model_7.pt,38.22,9.91,67.03,47.09,73.04,69.87,50.86000000000001,42.29,/home/hongsheng/asf_patch_dec/logs/exp_260803_204106_ObjPatchDecGentle_A2FUSION_rlc_l1d256_l2p2t32d256g_l2g_scl_mha16/subset_eval_summary.json,,
asf_patch_dec,DecControlledASF Gentle,exp_260803_204106_ObjPatchDecGentle_A2FUSION_rlc_l1d256_l2p2t32d256g_l2g_scl_mha16,subset_eval_summary,subset_eval,subset_all,0.3,sed,8,/home/hongsheng/asf_patch_dec/logs/exp_260728_181732_ObjPatchDecGentle_A2FUSION_rlc_l1d256_l2p2t32d256g_l2g_scl_mha16/models/model_8.pt,45.65,12.8,69.64,50.45,75.49,72.88,54.48499999999999,45.376666666666665,/home/hongsheng/asf_patch_dec/logs/exp_260803_204106_ObjPatchDecGentle_A2FUSION_rlc_l1d256_l2p2t32d256g_l2g_scl_mha16/subset_eval_summary.json,,
asf_patch_dec,DecControlledASF Gentle,exp_260803_204106_ObjPatchDecGentle_A2FUSION_rlc_l1d256_l2p2t32d256g_l2g_scl_mha16,subset_eval_summary,subset_eval,subset_all,0.3,sed,9,/home/hongsheng/asf_patch_dec/logs/exp_260728_181732_ObjPatchDecGentle_A2FUSION_rlc_l1d256_l2p2t32d256g_l2g_scl_mha16/models/model_9.pt,40.05,10.2,68.7,48.78,75.13,72.24,52.51666666666666,43.74,/home/hongsheng/asf_patch_dec/logs/exp_260803_204106_ObjPatchDecGentle_A2FUSION_rlc_l1d256_l2p2t32d256g_l2g_scl_mha16/subset_eval_summary.json,,
asf_patch_dec,DecControlledASF Gentle,exp_260803_204106_ObjPatchDecGentle_A2FUSION_rlc_l1d256_l2p2t32d256g_l2g_scl_mha16,subset_eval_summary,subset_eval,subset_all,0.3,sed,10,/home/hongsheng/asf_patch_dec/logs/exp_260728_181732_ObjPatchDecGentle_A2FUSION_rlc_l1d256_l2p2t32d256g_l2g_scl_mha16/models/model_10.pt,45.77,12.62,69.34,50.37,75.43,72.74,54.37833333333333,45.24333333333333,/home/hongsheng/asf_patch_dec/logs/exp_260803_204106_ObjPatchDecGentle_A2FUSION_rlc_l1d256_l2p2t32d256g_l2g_scl_mha16/subset_eval_summary.json,,
asf_patch_dec,ObjPatchDec Strong,exp_260803_204106_ObjPatchDecStrong_A2FUSION_rlc_l1d256_l2p2t32d256g_l2g_scl_mha16,subset_eval_summary,subset_eval,subset_all,0.3,sed,7,/home/hongsheng/asf_patch_dec/logs/exp_260728_181732_ObjPatchDecStrong_A2FUSION_rlc_l1d256_l2p2t32d256g_l2g_scl_mha16/models/model_7.pt,29.88,5.78,66.27,42.66,73.09,69.72,47.9,39.38666666666666,/home/hongsheng/asf_patch_dec/logs/exp_260803_204106_ObjPatchDecStrong_A2FUSION_rlc_l1d256_l2p2t32d256g_l2g_scl_mha16/subset_eval_summary.json,,
asf_patch_dec,ObjPatchDec Strong,exp_260803_204106_ObjPatchDecStrong_A2FUSION_rlc_l1d256_l2p2t32d256g_l2g_scl_mha16,subset_eval_summary,subset_eval,subset_all,0.3,sed,8,/home/hongsheng/asf_patch_dec/logs/exp_260728_181732_ObjPatchDecStrong_A2FUSION_rlc_l1d256_l2p2t32d256g_l2g_scl_mha16/models/model_8.pt,42.78,12.47,69.04,49.73,75.45,74.84,54.05166666666667,45.68,/home/hongsheng/asf_patch_dec/logs/exp_260803_204106_ObjPatchDecStrong_A2FUSION_rlc_l1d256_l2p2t32d256g_l2g_scl_mha16/subset_eval_summary.json,,
asf_patch_dec,ObjPatchDec Strong,exp_260803_204106_ObjPatchDecStrong_A2FUSION_rlc_l1d256_l2p2t32d256g_l2g_scl_mha16,subset_eval_summary,subset_eval,subset_all,0.3,sed,9,/home/hongsheng/asf_patch_dec/logs/exp_260728_181732_ObjPatchDecStrong_A2FUSION_rlc_l1d256_l2p2t32d256g_l2g_scl_mha16/models/model_9.pt,40.44,11.5,68.59,48.92,75.19,72.4,52.84,44.27333333333333,/home/hongsheng/asf_patch_dec/logs/exp_260803_204106_ObjPatchDecStrong_A2FUSION_rlc_l1d256_l2p2t32d256g_l2g_scl_mha16/subset_eval_summary.json,,
asf_patch_dec,ObjPatchDec Strong,exp_260803_204106_ObjPatchDecStrong_A2FUSION_rlc_l1d256_l2p2t32d256g_l2g_scl_mha16,subset_eval_summary,subset_eval,subset_all,0.3,sed,10,/home/hongsheng/asf_patch_dec/logs/exp_260728_181732_ObjPatchDecStrong_A2FUSION_rlc_l1d256_l2p2t32d256g_l2g_scl_mha16/models/model_10.pt,43.53,12.9,69.08,50.12,75.25,72.46,53.88999999999999,45.16,/home/hongsheng/asf_patch_dec/logs/exp_260803_204106_ObjPatchDecStrong_A2FUSION_rlc_l1d256_l2p2t32d256g_l2g_scl_mha16/subset_eval_summary.json,,
asf_patch_dec,ObjPatchDec Strong,exp_260803_210429_ObjPatchDecStrong_A2FUSION_rlc_l1d256_l2p2t32d256g_l2g_scl_mha16,full_eval_summary,full_or_exported_summary,all,0,sed,,,43.37,11.49,73.6,52.32,81.65,78.51,56.82333333333333,47.44,/home/hongsheng/asf_patch_dec/logs/exp_260803_210429_ObjPatchDecStrong_A2FUSION_rlc_l1d256_l2p2t32d256g_l2g_scl_mha16/full_eval_summary.json,,
asf_patch_dec,ObjPatchDec Strong,exp_260803_210429_ObjPatchDecStrong_A2FUSION_rlc_l1d256_l2p2t32d256g_l2g_scl_mha16,full_eval_summary,full_or_exported_summary,all,0.3,sed,,,42.74,11.21,71.13,51.67,77.33,74.54,54.77,45.80666666666667,/home/hongsheng/asf_patch_dec/logs/exp_260803_210429_ObjPatchDecStrong_A2FUSION_rlc_l1d256_l2p2t32d256g_l2g_scl_mha16/full_eval_summary.json,,
asf_patch_dec,PatchDec,exp_260726_144405_PatchDec_A2FUSION_rlc_l1d256_l2p2t32d256g_l2g_scl_mha16,summary_conf_md,full_or_exported_summary,all,0.0,sed,,,43.08,11.41,73.95,52.39,81.77,77.39,56.665,47.06333333333333,/home/hongsheng/asf_patch_dec/results/exp_260726_144405_PatchDec_A2FUSION_rlc_l1d256_l2p2t32d256g_l2g_scl_mha16/summary_conf0.0.md,,
asf_patch_dec,PatchDec,exp_260726_144405_PatchDec_A2FUSION_rlc_l1d256_l2p2t32d256g_l2g_scl_mha16,summary_conf_md,full_or_exported_summary,all,0.3,sed,,,42.25,11.62,71.22,51.5,75.18,74.48,54.375,45.86666666666667,/home/hongsheng/asf_patch_dec/results/exp_260726_144405_PatchDec_A2FUSION_rlc_l1d256_l2p2t32d256g_l2g_scl_mha16/summary_conf0.3.md,,
asf_patch_dec,PatchDec,exp_260728_162524_PatchDec_A2FUSION_rlc_l1d256_l2p2t32d256g_l2g_scl_mha16,summary_conf_md,full_or_exported_summary,all,0.0,sed,,,43.13,11.31,73.64,51.87,81.7,77.21,56.47666666666667,46.79666666666666,/home/hongsheng/asf_patch_dec/results/exp_260728_162524_PatchDec_model8_full/summary_conf0.0.md,,
asf_patch_dec,PatchDec,exp_260728_162524_PatchDec_A2FUSION_rlc_l1d256_l2p2t32d256g_l2g_scl_mha16,summary_conf_md,full_or_exported_summary,all,0.3,sed,,,42.42,11.01,71.09,51.16,77.33,74.46,54.578333333333326,45.54333333333333,/home/hongsheng/asf_patch_dec/results/exp_260728_162524_PatchDec_model8_full/summary_conf0.3.md,,
asf_patch_dec,DecControlledASF Gentle,exp_260728_181732_ObjPatchDecGentle_A2FUSION_rlc_l1d256_l2p2t32d256g_l2g_scl_mha16,summary_conf_md,full_or_exported_summary,all,0.3,sed,,,42.74,12.07,69.26,51.86,75.27,72.54,53.95666666666667,45.49,/home/hongsheng/asf_patch_dec/results/exp_260728_181732_ObjPatchDecGentle_full/summary_conf0.3.md,,
asf_patch_dec,ObjPatchDec Strong,exp_260728_181732_ObjPatchDecStrong_A2FUSION_rlc_l1d256_l2p2t32d256g_l2g_scl_mha16,summary_conf_md,full_or_exported_summary,all,0.3,sed,,,43.15,12.51,71.09,51.89,75.17,74.48,54.715,46.29333333333333,/home/hongsheng/asf_patch_dec/results/exp_260728_181732_ObjPatchDecStrong_full/summary_conf0.3.md,,
asf_patch_dec,ObjPatchDec Strong,exp_260803_210429_ObjPatchDecStrong_model8_full,full_eval_summary,full_or_exported_summary,all,0,sed,,,43.37,11.49,73.6,52.32,81.65,78.51,56.82333333333333,47.44,/home/hongsheng/asf_patch_dec/results/exp_260803_210429_ObjPatchDecStrong_model8_full/full_eval_summary.json,,
asf_patch_dec,ObjPatchDec Strong,exp_260803_210429_ObjPatchDecStrong_model8_full,full_eval_summary,full_or_exported_summary,all,0.3,sed,,,42.74,11.21,71.13,51.67,77.33,74.54,54.77,45.80666666666667,/home/hongsheng/asf_patch_dec/results/exp_260803_210429_ObjPatchDecStrong_model8_full/full_eval_summary.json,,
dec_con_asf,TaskDec Robust,exp_260810_221258_TaskDecControlRobust_v1_0_A2FUSION_rlc_l1d256_l2p2t32d256g_l2g_scl_mha16,complete_results,full,all,0.0,sed,,,62.33962398170383,22.315618443567757,86.92891004919485,72.83167422845338,88.56975182254284,87.21060719584646,70.03269762021819,60.78596662262254,/home/hongsheng/dec_con_asf/logs/exp_260810_221258_TaskDecControlRobust_v1_0_A2FUSION_rlc_l1d256_l2p2t32d256g_l2g_scl_mha16/test_kitti/none/0.0/complete_results.txt,,
dec_con_asf,TaskDec Robust,exp_260810_221258_TaskDecControlRobust_v1_0_A2FUSION_rlc_l1d256_l2p2t32d256g_l2g_scl_mha16,complete_results,full,all,0.3,sed,,,62.33962398170383,22.315618443567757,80.42524501100696,67.20669584968023,80.87225044046366,80.42498136197386,65.59740251473272,56.64909855174062,/home/hongsheng/dec_con_asf/logs/exp_260810_221258_TaskDecControlRobust_v1_0_A2FUSION_rlc_l1d256_l2p2t32d256g_l2g_scl_mha16/test_kitti/none/0.3/complete_results.txt,,
dec_con_asf,TaskDec Balanced,exp_260810_221300_TaskDecControlBalanced_v1_0_A2FUSION_rlc_l1d256_l2p2t32d256g_l2g_scl_mha16,complete_results,full,all,0.0,sed,,,63.39200313499607,19.647517350211327,87.33365492831572,73.39356092240784,88.72869351526946,87.76152607891187,70.04282598835205,60.26753478384368,/home/hongsheng/dec_con_asf/logs/exp_260810_221300_TaskDecControlBalanced_v1_0_A2FUSION_rlc_l1d256_l2p2t32d256g_l2g_scl_mha16/test_kitti/none/0.0/complete_results.txt,,
dec_con_asf,TaskDec Balanced,exp_260810_221300_TaskDecControlBalanced_v1_0_A2FUSION_rlc_l1d256_l2p2t32d256g_l2g_scl_mha16,complete_results,full,all,0.3,sed,,,63.39200313499607,19.647517350211327,80.48399601452854,67.44712259119997,80.92657798314836,80.59120185885928,65.41473648882392,55.89528060009019,/home/hongsheng/dec_con_asf/logs/exp_260810_221300_TaskDecControlBalanced_v1_0_A2FUSION_rlc_l1d256_l2p2t32d256g_l2g_scl_mha16/test_kitti/none/0.3/complete_results.txt,,
dec_con_asf,TaskDec Balanced,exp_260812_211936_TaskDecControlBalanced_v1_0_A2FUSION_rlc_l1d256_l2p2t32d256g_l2g_scl_mha16,subset_eval_summary,subset_eval,subset_all,0.0,sed,0,/home/hongsheng/dec_con_asf/logs/exp_260810_221300_TaskDecControlBalanced_v1_0_A2FUSION_rlc_l1d256_l2p2t32d256g_l2g_scl_mha16/models/model_0.pt,62.81,18.7,87.37,73.16,88.83,87.88,69.79166666666667,59.91333333333333,/home/hongsheng/dec_con_asf/logs/exp_260812_211936_TaskDecControlBalanced_v1_0_A2FUSION_rlc_l1d256_l2p2t32d256g_l2g_scl_mha16/subset_eval_summary.json,,
dec_con_asf,TaskDec Balanced,exp_260812_211936_TaskDecControlBalanced_v1_0_A2FUSION_rlc_l1d256_l2p2t32d256g_l2g_scl_mha16,subset_eval_summary,subset_eval,subset_all,0.3,sed,0,/home/hongsheng/dec_con_asf/logs/exp_260810_221300_TaskDecControlBalanced_v1_0_A2FUSION_rlc_l1d256_l2p2t32d256g_l2g_scl_mha16/models/model_0.pt,62.81,18.7,88.04,74.59,88.83,88.15,70.18666666666667,60.48,/home/hongsheng/dec_con_asf/logs/exp_260812_211936_TaskDecControlBalanced_v1_0_A2FUSION_rlc_l1d256_l2p2t32d256g_l2g_scl_mha16/subset_eval_summary.json,,
dec_con_asf,TaskDec Balanced,exp_260812_211936_TaskDecControlBalanced_v1_0_A2FUSION_rlc_l1d256_l2p2t32d256g_l2g_scl_mha16,subset_eval_summary,subset_eval,subset_all,0.0,sed,1,/home/hongsheng/dec_con_asf/logs/exp_260810_221300_TaskDecControlBalanced_v1_0_A2FUSION_rlc_l1d256_l2p2t32d256g_l2g_scl_mha16/models/model_1.pt,61.28,17.75,86.72,70.72,88.81,87.98,68.87666666666667,58.81666666666666,/home/hongsheng/dec_con_asf/logs/exp_260812_211936_TaskDecControlBalanced_v1_0_A2FUSION_rlc_l1d256_l2p2t32d256g_l2g_scl_mha16/subset_eval_summary.json,,
dec_con_asf,TaskDec Balanced,exp_260812_211936_TaskDecControlBalanced_v1_0_A2FUSION_rlc_l1d256_l2p2t32d256g_l2g_scl_mha16,subset_eval_summary,subset_eval,subset_all,0.3,sed,1,/home/hongsheng/dec_con_asf/logs/exp_260810_221300_TaskDecControlBalanced_v1_0_A2FUSION_rlc_l1d256_l2p2t32d256g_l2g_scl_mha16/models/model_1.pt,61.5,17.75,80.0,65.7,88.91,88.3,67.02666666666666,57.25,/home/hongsheng/dec_con_asf/logs/exp_260812_211936_TaskDecControlBalanced_v1_0_A2FUSION_rlc_l1d256_l2p2t32d256g_l2g_scl_mha16/subset_eval_summary.json,,
dec_con_asf,TaskDec Balanced,exp_260812_211936_TaskDecControlBalanced_v1_0_A2FUSION_rlc_l1d256_l2p2t32d256g_l2g_scl_mha16,subset_eval_summary,subset_eval,subset_all,0.0,sed,2,/home/hongsheng/dec_con_asf/logs/exp_260810_221300_TaskDecControlBalanced_v1_0_A2FUSION_rlc_l1d256_l2p2t32d256g_l2g_scl_mha16/models/model_2.pt,62.89,22.11,88.07,73.95,89.2,88.4,70.77,61.48666666666667,/home/hongsheng/dec_con_asf/logs/exp_260812_211936_TaskDecControlBalanced_v1_0_A2FUSION_rlc_l1d256_l2p2t32d256g_l2g_scl_mha16/subset_eval_summary.json,,
dec_con_asf,TaskDec Balanced,exp_260812_211936_TaskDecControlBalanced_v1_0_A2FUSION_rlc_l1d256_l2p2t32d256g_l2g_scl_mha16,subset_eval_summary,subset_eval,subset_all,0.3,sed,2,/home/hongsheng/dec_con_asf/logs/exp_260810_221300_TaskDecControlBalanced_v1_0_A2FUSION_rlc_l1d256_l2p2t32d256g_l2g_scl_mha16/models/model_2.pt,62.89,22.11,80.64,68.25,89.28,88.79,68.66000000000001,59.71666666666667,/home/hongsheng/dec_con_asf/logs/exp_260812_211936_TaskDecControlBalanced_v1_0_A2FUSION_rlc_l1d256_l2p2t32d256g_l2g_scl_mha16/subset_eval_summary.json,,
dec_con_asf,TaskDec Balanced,exp_260812_211936_TaskDecControlBalanced_v1_0_A2FUSION_rlc_l1d256_l2p2t32d256g_l2g_scl_mha16,subset_eval_summary,subset_eval,subset_all,0.0,sed,3,/home/hongsheng/dec_con_asf/logs/exp_260810_221300_TaskDecControlBalanced_v1_0_A2FUSION_rlc_l1d256_l2p2t32d256g_l2g_scl_mha16/models/model_3.pt,62.01,16.13,86.97,72.65,88.87,87.72,69.05833333333334,58.833333333333336,/home/hongsheng/dec_con_asf/logs/exp_260812_211936_TaskDecControlBalanced_v1_0_A2FUSION_rlc_l1d256_l2p2t32d256g_l2g_scl_mha16/subset_eval_summary.json,,
dec_con_asf,TaskDec Balanced,exp_260812_211936_TaskDecControlBalanced_v1_0_A2FUSION_rlc_l1d256_l2p2t32d256g_l2g_scl_mha16,subset_eval_summary,subset_eval,subset_all,0.3,sed,3,/home/hongsheng/dec_con_asf/logs/exp_260810_221300_TaskDecControlBalanced_v1_0_A2FUSION_rlc_l1d256_l2p2t32d256g_l2g_scl_mha16/models/model_3.pt,62.01,16.13,80.19,66.88,88.98,80.17,65.72666666666667,54.39333333333334,/home/hongsheng/dec_con_asf/logs/exp_260812_211936_TaskDecControlBalanced_v1_0_A2FUSION_rlc_l1d256_l2p2t32d256g_l2g_scl_mha16/subset_eval_summary.json,,
dec_con_asf,TaskDec Balanced,exp_260812_211936_TaskDecControlBalanced_v1_0_A2FUSION_rlc_l1d256_l2p2t32d256g_l2g_scl_mha16,subset_eval_summary,subset_eval,subset_all,0.0,sed,4,/home/hongsheng/dec_con_asf/logs/exp_260810_221300_TaskDecControlBalanced_v1_0_A2FUSION_rlc_l1d256_l2p2t32d256g_l2g_scl_mha16/models/model_4.pt,62.2,19.33,88.14,74.46,89.3,88.35,70.29666666666667,60.71333333333333,/home/hongsheng/dec_con_asf/logs/exp_260812_211936_TaskDecControlBalanced_v1_0_A2FUSION_rlc_l1d256_l2p2t32d256g_l2g_scl_mha16/subset_eval_summary.json,,
dec_con_asf,TaskDec Balanced,exp_260812_211936_TaskDecControlBalanced_v1_0_A2FUSION_rlc_l1d256_l2p2t32d256g_l2g_scl_mha16,subset_eval_summary,subset_eval,subset_all,0.3,sed,4,/home/hongsheng/dec_con_asf/logs/exp_260810_221300_TaskDecControlBalanced_v1_0_A2FUSION_rlc_l1d256_l2p2t32d256g_l2g_scl_mha16/models/model_4.pt,62.27,19.33,80.62,68.37,89.46,80.62,66.77833333333334,56.10666666666666,/home/hongsheng/dec_con_asf/logs/exp_260812_211936_TaskDecControlBalanced_v1_0_A2FUSION_rlc_l1d256_l2p2t32d256g_l2g_scl_mha16/subset_eval_summary.json,,
dec_con_asf,TaskDec Balanced,exp_260812_211936_TaskDecControlBalanced_v1_0_A2FUSION_rlc_l1d256_l2p2t32d256g_l2g_scl_mha16,subset_eval_summary,subset_eval,subset_all,0.0,sed,5,/home/hongsheng/dec_con_asf/logs/exp_260810_221300_TaskDecControlBalanced_v1_0_A2FUSION_rlc_l1d256_l2p2t32d256g_l2g_scl_mha16/models/model_5.pt,58.48,14.76,86.63,66.67,88.48,87.62,67.10666666666667,56.35,/home/hongsheng/dec_con_asf/logs/exp_260812_211936_TaskDecControlBalanced_v1_0_A2FUSION_rlc_l1d256_l2p2t32d256g_l2g_scl_mha16/subset_eval_summary.json,,
dec_con_asf,TaskDec Balanced,exp_260812_211936_TaskDecControlBalanced_v1_0_A2FUSION_rlc_l1d256_l2p2t32d256g_l2g_scl_mha16,subset_eval_summary,subset_eval,subset_all,0.3,sed,5,/home/hongsheng/dec_con_asf/logs/exp_260810_221300_TaskDecControlBalanced_v1_0_A2FUSION_rlc_l1d256_l2p2t32d256g_l2g_scl_mha16/models/model_5.pt,53.38,15.06,80.07,66.67,88.82,80.32,64.05333333333333,54.01666666666666,/home/hongsheng/dec_con_asf/logs/exp_260812_211936_TaskDecControlBalanced_v1_0_A2FUSION_rlc_l1d256_l2p2t32d256g_l2g_scl_mha16/subset_eval_summary.json,,
dec_con_asf,TaskDec Balanced,exp_260812_211936_TaskDecControlBalanced_v1_0_A2FUSION_rlc_l1d256_l2p2t32d256g_l2g_scl_mha16,subset_eval_summary,subset_eval,subset_all,0.0,sed,6,/home/hongsheng/dec_con_asf/logs/exp_260810_221300_TaskDecControlBalanced_v1_0_A2FUSION_rlc_l1d256_l2p2t32d256g_l2g_scl_mha16/models/model_6.pt,62.54,22.26,87.68,74.44,89.09,88.15,70.69333333333334,61.61666666666667,/home/hongsheng/dec_con_asf/logs/exp_260812_211936_TaskDecControlBalanced_v1_0_A2FUSION_rlc_l1d256_l2p2t32d256g_l2g_scl_mha16/subset_eval_summary.json,,
dec_con_asf,TaskDec Balanced,exp_260812_211936_TaskDecControlBalanced_v1_0_A2FUSION_rlc_l1d256_l2p2t32d256g_l2g_scl_mha16,subset_eval_summary,subset_eval,subset_all,0.3,sed,6,/home/hongsheng/dec_con_asf/logs/exp_260810_221300_TaskDecControlBalanced_v1_0_A2FUSION_rlc_l1d256_l2p2t32d256g_l2g_scl_mha16/models/model_6.pt,62.64,22.26,80.41,68.12,80.96,80.53,65.82000000000001,56.97,/home/hongsheng/dec_con_asf/logs/exp_260812_211936_TaskDecControlBalanced_v1_0_A2FUSION_rlc_l1d256_l2p2t32d256g_l2g_scl_mha16/subset_eval_summary.json,,
dec_con_asf,TaskDec Balanced,exp_260812_211936_TaskDecControlBalanced_v1_0_A2FUSION_rlc_l1d256_l2p2t32d256g_l2g_scl_mha16,subset_eval_summary,subset_eval,subset_all,0.0,sed,7,/home/hongsheng/dec_con_asf/logs/exp_260810_221300_TaskDecControlBalanced_v1_0_A2FUSION_rlc_l1d256_l2p2t32d256g_l2g_scl_mha16/models/model_7.pt,61.43,21.15,87.66,66.5,89.14,88.28,69.02666666666666,58.64333333333334,/home/hongsheng/dec_con_asf/logs/exp_260812_211936_TaskDecControlBalanced_v1_0_A2FUSION_rlc_l1d256_l2p2t32d256g_l2g_scl_mha16/subset_eval_summary.json,,
dec_con_asf,TaskDec Balanced,exp_260812_211936_TaskDecControlBalanced_v1_0_A2FUSION_rlc_l1d256_l2p2t32d256g_l2g_scl_mha16,subset_eval_summary,subset_eval,subset_all,0.3,sed,7,/home/hongsheng/dec_con_asf/logs/exp_260810_221300_TaskDecControlBalanced_v1_0_A2FUSION_rlc_l1d256_l2p2t32d256g_l2g_scl_mha16/models/model_7.pt,61.79,21.15,80.43,66.5,89.25,88.68,67.96666666666667,58.77666666666667,/home/hongsheng/dec_con_asf/logs/exp_260812_211936_TaskDecControlBalanced_v1_0_A2FUSION_rlc_l1d256_l2p2t32d256g_l2g_scl_mha16/subset_eval_summary.json,,
dec_con_asf,TaskDec Balanced,exp_260812_211936_TaskDecControlBalanced_v1_0_A2FUSION_rlc_l1d256_l2p2t32d256g_l2g_scl_mha16,subset_eval_summary,subset_eval,subset_all,0.0,sed,8,/home/hongsheng/dec_con_asf/logs/exp_260810_221300_TaskDecControlBalanced_v1_0_A2FUSION_rlc_l1d256_l2p2t32d256g_l2g_scl_mha16/models/model_8.pt,62.04,22.17,87.88,73.45,89.09,87.95,70.42999999999999,61.19,/home/hongsheng/dec_con_asf/logs/exp_260812_211936_TaskDecControlBalanced_v1_0_A2FUSION_rlc_l1d256_l2p2t32d256g_l2g_scl_mha16/subset_eval_summary.json,,
dec_con_asf,TaskDec Balanced,exp_260812_211936_TaskDecControlBalanced_v1_0_A2FUSION_rlc_l1d256_l2p2t32d256g_l2g_scl_mha16,subset_eval_summary,subset_eval,subset_all,0.3,sed,8,/home/hongsheng/dec_con_asf/logs/exp_260810_221300_TaskDecControlBalanced_v1_0_A2FUSION_rlc_l1d256_l2p2t32d256g_l2g_scl_mha16/models/model_8.pt,62.08,22.17,80.61,67.84,89.24,80.44,67.06333333333333,56.81666666666666,/home/hongsheng/dec_con_asf/logs/exp_260812_211936_TaskDecControlBalanced_v1_0_A2FUSION_rlc_l1d256_l2p2t32d256g_l2g_scl_mha16/subset_eval_summary.json,,
dec_con_asf,TaskDec Balanced,exp_260812_211936_TaskDecControlBalanced_v1_0_A2FUSION_rlc_l1d256_l2p2t32d256g_l2g_scl_mha16,subset_eval_summary,subset_eval,subset_all,0.0,sed,9,/home/hongsheng/dec_con_asf/logs/exp_260810_221300_TaskDecControlBalanced_v1_0_A2FUSION_rlc_l1d256_l2p2t32d256g_l2g_scl_mha16/models/model_9.pt,59.12,18.35,86.66,64.45,89.03,87.48,67.515,56.76,/home/hongsheng/dec_con_asf/logs/exp_260812_211936_TaskDecControlBalanced_v1_0_A2FUSION_rlc_l1d256_l2p2t32d256g_l2g_scl_mha16/subset_eval_summary.json,,
dec_con_asf,TaskDec Balanced,exp_260812_211936_TaskDecControlBalanced_v1_0_A2FUSION_rlc_l1d256_l2p2t32d256g_l2g_scl_mha16,subset_eval_summary,subset_eval,subset_all,0.3,sed,9,/home/hongsheng/dec_con_asf/logs/exp_260810_221300_TaskDecControlBalanced_v1_0_A2FUSION_rlc_l1d256_l2p2t32d256g_l2g_scl_mha16/models/model_9.pt,53.93,16.14,79.91,64.45,81.0,80.35,62.629999999999995,53.64666666666667,/home/hongsheng/dec_con_asf/logs/exp_260812_211936_TaskDecControlBalanced_v1_0_A2FUSION_rlc_l1d256_l2p2t32d256g_l2g_scl_mha16/subset_eval_summary.json,,
dec_con_asf,TaskDec Balanced,exp_260812_211936_TaskDecControlBalanced_v1_0_A2FUSION_rlc_l1d256_l2p2t32d256g_l2g_scl_mha16,subset_eval_summary,subset_eval,subset_all,0.0,sed,10,/home/hongsheng/dec_con_asf/logs/exp_260810_221300_TaskDecControlBalanced_v1_0_A2FUSION_rlc_l1d256_l2p2t32d256g_l2g_scl_mha16/models/model_10.pt,63.38,23.17,87.91,73.62,89.17,88.26,70.91833333333334,61.68333333333334,/home/hongsheng/dec_con_asf/logs/exp_260812_211936_TaskDecControlBalanced_v1_0_A2FUSION_rlc_l1d256_l2p2t32d256g_l2g_scl_mha16/subset_eval_summary.json,,
dec_con_asf,TaskDec Balanced,exp_260812_211936_TaskDecControlBalanced_v1_0_A2FUSION_rlc_l1d256_l2p2t32d256g_l2g_scl_mha16,subset_eval_summary,subset_eval,subset_all,0.3,sed,10,/home/hongsheng/dec_con_asf/logs/exp_260810_221300_TaskDecControlBalanced_v1_0_A2FUSION_rlc_l1d256_l2p2t32d256g_l2g_scl_mha16/models/model_10.pt,63.38,23.17,80.55,67.62,89.41,80.68,67.46833333333333,57.15666666666667,/home/hongsheng/dec_con_asf/logs/exp_260812_211936_TaskDecControlBalanced_v1_0_A2FUSION_rlc_l1d256_l2p2t32d256g_l2g_scl_mha16/subset_eval_summary.json,,
dec_con_asf,TaskDec Robust,exp_260812_211952_TaskDecControlRobust_v1_0_A2FUSION_rlc_l1d256_l2p2t32d256g_l2g_scl_mha16,subset_eval_summary,subset_eval,subset_all,0.0,sed,0,/home/hongsheng/dec_con_asf/logs/exp_260810_221258_TaskDecControlRobust_v1_0_A2FUSION_rlc_l1d256_l2p2t32d256g_l2g_scl_mha16/models/model_0.pt,62.29,19.25,88.05,72.99,89.2,88.44,70.03666666666666,60.22666666666667,/home/hongsheng/dec_con_asf/logs/exp_260812_211952_TaskDecControlRobust_v1_0_A2FUSION_rlc_l1d256_l2p2t32d256g_l2g_scl_mha16/subset_eval_summary.json,,
dec_con_asf,TaskDec Robust,exp_260812_211952_TaskDecControlRobust_v1_0_A2FUSION_rlc_l1d256_l2p2t32d256g_l2g_scl_mha16,subset_eval_summary,subset_eval,subset_all,0.3,sed,0,/home/hongsheng/dec_con_asf/logs/exp_260810_221258_TaskDecControlRobust_v1_0_A2FUSION_rlc_l1d256_l2p2t32d256g_l2g_scl_mha16/models/model_0.pt,62.29,19.25,88.39,74.46,89.2,88.5,70.34833333333333,60.73666666666666,/home/hongsheng/dec_con_asf/logs/exp_260812_211952_TaskDecControlRobust_v1_0_A2FUSION_rlc_l1d256_l2p2t32d256g_l2g_scl_mha16/subset_eval_summary.json,,
dec_con_asf,TaskDec Robust,exp_260812_211952_TaskDecControlRobust_v1_0_A2FUSION_rlc_l1d256_l2p2t32d256g_l2g_scl_mha16,subset_eval_summary,subset_eval,subset_all,0.0,sed,1,/home/hongsheng/dec_con_asf/logs/exp_260810_221258_TaskDecControlRobust_v1_0_A2FUSION_rlc_l1d256_l2p2t32d256g_l2g_scl_mha16/models/model_1.pt,49.47,10.13,86.55,64.77,89.18,88.05,64.69166666666666,54.31666666666666,/home/hongsheng/dec_con_asf/logs/exp_260812_211952_TaskDecControlRobust_v1_0_A2FUSION_rlc_l1d256_l2p2t32d256g_l2g_scl_mha16/subset_eval_summary.json,,
dec_con_asf,TaskDec Robust,exp_260812_211952_TaskDecControlRobust_v1_0_A2FUSION_rlc_l1d256_l2p2t32d256g_l2g_scl_mha16,subset_eval_summary,subset_eval,subset_all,0.3,sed,1,/home/hongsheng/dec_con_asf/logs/exp_260810_221258_TaskDecControlRobust_v1_0_A2FUSION_rlc_l1d256_l2p2t32d256g_l2g_scl_mha16/models/model_1.pt,49.47,10.13,79.82,64.77,89.28,80.65,62.35333333333333,51.85,/home/hongsheng/dec_con_asf/logs/exp_260812_211952_TaskDecControlRobust_v1_0_A2FUSION_rlc_l1d256_l2p2t32d256g_l2g_scl_mha16/subset_eval_summary.json,,
dec_con_asf,TaskDec Robust,exp_260812_211952_TaskDecControlRobust_v1_0_A2FUSION_rlc_l1d256_l2p2t32d256g_l2g_scl_mha16,subset_eval_summary,subset_eval,subset_all,0.0,sed,2,/home/hongsheng/dec_con_asf/logs/exp_260810_221258_TaskDecControlRobust_v1_0_A2FUSION_rlc_l1d256_l2p2t32d256g_l2g_scl_mha16/models/model_2.pt,61.3,21.64,87.62,73.43,89.11,88.06,70.19333333333334,61.04333333333333,/home/hongsheng/dec_con_asf/logs/exp_260812_211952_TaskDecControlRobust_v1_0_A2FUSION_rlc_l1d256_l2p2t32d256g_l2g_scl_mha16/subset_eval_summary.json,,
dec_con_asf,TaskDec Robust,exp_260812_211952_TaskDecControlRobust_v1_0_A2FUSION_rlc_l1d256_l2p2t32d256g_l2g_scl_mha16,subset_eval_summary,subset_eval,subset_all,0.3,sed,2,/home/hongsheng/dec_con_asf/logs/exp_260810_221258_TaskDecControlRobust_v1_0_A2FUSION_rlc_l1d256_l2p2t32d256g_l2g_scl_mha16/models/model_2.pt,61.36,21.64,80.38,67.8,89.11,88.46,68.125,59.29999999999999,/home/hongsheng/dec_con_asf/logs/exp_260812_211952_TaskDecControlRobust_v1_0_A2FUSION_rlc_l1d256_l2p2t32d256g_l2g_scl_mha16/subset_eval_summary.json,,
dec_con_asf,TaskDec Robust,exp_260812_211952_TaskDecControlRobust_v1_0_A2FUSION_rlc_l1d256_l2p2t32d256g_l2g_scl_mha16,subset_eval_summary,subset_eval,subset_all,0.0,sed,3,/home/hongsheng/dec_con_asf/logs/exp_260810_221258_TaskDecControlRobust_v1_0_A2FUSION_rlc_l1d256_l2p2t32d256g_l2g_scl_mha16/models/model_3.pt,59.82,14.23,87.64,65.95,89.01,87.62,67.37833333333334,55.93333333333334,/home/hongsheng/dec_con_asf/logs/exp_260812_211952_TaskDecControlRobust_v1_0_A2FUSION_rlc_l1d256_l2p2t32d256g_l2g_scl_mha16/subset_eval_summary.json,,
dec_con_asf,TaskDec Robust,exp_260812_211952_TaskDecControlRobust_v1_0_A2FUSION_rlc_l1d256_l2p2t32d256g_l2g_scl_mha16,subset_eval_summary,subset_eval,subset_all,0.3,sed,3,/home/hongsheng/dec_con_asf/logs/exp_260810_221258_TaskDecControlRobust_v1_0_A2FUSION_rlc_l1d256_l2p2t32d256g_l2g_scl_mha16/models/model_3.pt,60.45,12.06,80.49,65.95,89.2,80.27,64.73666666666666,52.76,/home/hongsheng/dec_con_asf/logs/exp_260812_211952_TaskDecControlRobust_v1_0_A2FUSION_rlc_l1d256_l2p2t32d256g_l2g_scl_mha16/subset_eval_summary.json,,
dec_con_asf,TaskDec Robust,exp_260812_211952_TaskDecControlRobust_v1_0_A2FUSION_rlc_l1d256_l2p2t32d256g_l2g_scl_mha16,subset_eval_summary,subset_eval,subset_all,0.0,sed,4,/home/hongsheng/dec_con_asf/logs/exp_260810_221258_TaskDecControlRobust_v1_0_A2FUSION_rlc_l1d256_l2p2t32d256g_l2g_scl_mha16/models/model_4.pt,61.24,22.38,87.88,73.97,89.12,87.99,70.42999999999999,61.446666666666665,/home/hongsheng/dec_con_asf/logs/exp_260812_211952_TaskDecControlRobust_v1_0_A2FUSION_rlc_l1d256_l2p2t32d256g_l2g_scl_mha16/subset_eval_summary.json,,
dec_con_asf,TaskDec Robust,exp_260812_211952_TaskDecControlRobust_v1_0_A2FUSION_rlc_l1d256_l2p2t32d256g_l2g_scl_mha16,subset_eval_summary,subset_eval,subset_all,0.3,sed,4,/home/hongsheng/dec_con_asf/logs/exp_260810_221258_TaskDecControlRobust_v1_0_A2FUSION_rlc_l1d256_l2p2t32d256g_l2g_scl_mha16/models/model_4.pt,61.52,22.38,80.55,68.02,89.28,80.45,67.03333333333333,56.949999999999996,/home/hongsheng/dec_con_asf/logs/exp_260812_211952_TaskDecControlRobust_v1_0_A2FUSION_rlc_l1d256_l2p2t32d256g_l2g_scl_mha16/subset_eval_summary.json,,
dec_con_asf,TaskDec Robust,exp_260812_211952_TaskDecControlRobust_v1_0_A2FUSION_rlc_l1d256_l2p2t32d256g_l2g_scl_mha16,subset_eval_summary,subset_eval,subset_all,0.0,sed,5,/home/hongsheng/dec_con_asf/logs/exp_260810_221258_TaskDecControlRobust_v1_0_A2FUSION_rlc_l1d256_l2p2t32d256g_l2g_scl_mha16/models/model_5.pt,60.84,16.09,87.11,65.98,89.12,87.53,67.77833333333334,56.53333333333333,/home/hongsheng/dec_con_asf/logs/exp_260812_211952_TaskDecControlRobust_v1_0_A2FUSION_rlc_l1d256_l2p2t32d256g_l2g_scl_mha16/subset_eval_summary.json,,
dec_con_asf,TaskDec Robust,exp_260812_211952_TaskDecControlRobust_v1_0_A2FUSION_rlc_l1d256_l2p2t32d256g_l2g_scl_mha16,subset_eval_summary,subset_eval,subset_all,0.3,sed,5,/home/hongsheng/dec_con_asf/logs/exp_260810_221258_TaskDecControlRobust_v1_0_A2FUSION_rlc_l1d256_l2p2t32d256g_l2g_scl_mha16/models/model_5.pt,61.87,16.09,80.34,65.98,89.22,80.37,65.645,54.14666666666667,/home/hongsheng/dec_con_asf/logs/exp_260812_211952_TaskDecControlRobust_v1_0_A2FUSION_rlc_l1d256_l2p2t32d256g_l2g_scl_mha16/subset_eval_summary.json,,
dec_con_asf,TaskDec Robust,exp_260812_211952_TaskDecControlRobust_v1_0_A2FUSION_rlc_l1d256_l2p2t32d256g_l2g_scl_mha16,subset_eval_summary,subset_eval,subset_all,0.0,sed,6,/home/hongsheng/dec_con_asf/logs/exp_260810_221258_TaskDecControlRobust_v1_0_A2FUSION_rlc_l1d256_l2p2t32d256g_l2g_scl_mha16/models/model_6.pt,62.48,21.88,87.54,67.58,89.1,87.98,69.42666666666666,59.14666666666667,/home/hongsheng/dec_con_asf/logs/exp_260812_211952_TaskDecControlRobust_v1_0_A2FUSION_rlc_l1d256_l2p2t32d256g_l2g_scl_mha16/subset_eval_summary.json,,
dec_con_asf,TaskDec Robust,exp_260812_211952_TaskDecControlRobust_v1_0_A2FUSION_rlc_l1d256_l2p2t32d256g_l2g_scl_mha16,subset_eval_summary,subset_eval,subset_all,0.3,sed,6,/home/hongsheng/dec_con_asf/logs/exp_260810_221258_TaskDecControlRobust_v1_0_A2FUSION_rlc_l1d256_l2p2t32d256g_l2g_scl_mha16/models/model_6.pt,62.48,21.88,80.48,67.58,89.31,80.5,67.03833333333334,56.653333333333336,/home/hongsheng/dec_con_asf/logs/exp_260812_211952_TaskDecControlRobust_v1_0_A2FUSION_rlc_l1d256_l2p2t32d256g_l2g_scl_mha16/subset_eval_summary.json,,
dec_con_asf,TaskDec Robust,exp_260812_211952_TaskDecControlRobust_v1_0_A2FUSION_rlc_l1d256_l2p2t32d256g_l2g_scl_mha16,subset_eval_summary,subset_eval,subset_all,0.0,sed,7,/home/hongsheng/dec_con_asf/logs/exp_260810_221258_TaskDecControlRobust_v1_0_A2FUSION_rlc_l1d256_l2p2t32d256g_l2g_scl_mha16/models/model_7.pt,60.0,15.97,87.57,65.38,89.16,88.07,67.69166666666666,56.47333333333333,/home/hongsheng/dec_con_asf/logs/exp_260812_211952_TaskDecControlRobust_v1_0_A2FUSION_rlc_l1d256_l2p2t32d256g_l2g_scl_mha16/subset_eval_summary.json,,
dec_con_asf,TaskDec Robust,exp_260812_211952_TaskDecControlRobust_v1_0_A2FUSION_rlc_l1d256_l2p2t32d256g_l2g_scl_mha16,subset_eval_summary,subset_eval,subset_all,0.3,sed,7,/home/hongsheng/dec_con_asf/logs/exp_260810_221258_TaskDecControlRobust_v1_0_A2FUSION_rlc_l1d256_l2p2t32d256g_l2g_scl_mha16/models/model_7.pt,60.41,15.97,80.11,65.38,80.98,80.5,63.89166666666667,53.949999999999996,/home/hongsheng/dec_con_asf/logs/exp_260812_211952_TaskDecControlRobust_v1_0_A2FUSION_rlc_l1d256_l2p2t32d256g_l2g_scl_mha16/subset_eval_summary.json,,
dec_con_asf,TaskDec Robust,exp_260812_211952_TaskDecControlRobust_v1_0_A2FUSION_rlc_l1d256_l2p2t32d256g_l2g_scl_mha16,subset_eval_summary,subset_eval,subset_all,0.0,sed,8,/home/hongsheng/dec_con_asf/logs/exp_260810_221258_TaskDecControlRobust_v1_0_A2FUSION_rlc_l1d256_l2p2t32d256g_l2g_scl_mha16/models/model_8.pt,62.08,17.43,87.3,73.65,89.05,88.15,69.61,59.74333333333334,/home/hongsheng/dec_con_asf/logs/exp_260812_211952_TaskDecControlRobust_v1_0_A2FUSION_rlc_l1d256_l2p2t32d256g_l2g_scl_mha16/subset_eval_summary.json,,
dec_con_asf,TaskDec Robust,exp_260812_211952_TaskDecControlRobust_v1_0_A2FUSION_rlc_l1d256_l2p2t32d256g_l2g_scl_mha16,subset_eval_summary,subset_eval,subset_all,0.3,sed,8,/home/hongsheng/dec_con_asf/logs/exp_260810_221258_TaskDecControlRobust_v1_0_A2FUSION_rlc_l1d256_l2p2t32d256g_l2g_scl_mha16/models/model_8.pt,62.16,17.43,80.33,67.62,80.94,80.6,64.84666666666666,55.21666666666667,/home/hongsheng/dec_con_asf/logs/exp_260812_211952_TaskDecControlRobust_v1_0_A2FUSION_rlc_l1d256_l2p2t32d256g_l2g_scl_mha16/subset_eval_summary.json,,
dec_con_asf,TaskDec Robust,exp_260812_211952_TaskDecControlRobust_v1_0_A2FUSION_rlc_l1d256_l2p2t32d256g_l2g_scl_mha16,subset_eval_summary,subset_eval,subset_all,0.0,sed,9,/home/hongsheng/dec_con_asf/logs/exp_260810_221258_TaskDecControlRobust_v1_0_A2FUSION_rlc_l1d256_l2p2t32d256g_l2g_scl_mha16/models/model_9.pt,62.32,16.95,86.65,65.64,88.72,86.55,67.80499999999999,56.379999999999995,/home/hongsheng/dec_con_asf/logs/exp_260812_211952_TaskDecControlRobust_v1_0_A2FUSION_rlc_l1d256_l2p2t32d256g_l2g_scl_mha16/subset_eval_summary.json,,
dec_con_asf,TaskDec Robust,exp_260812_211952_TaskDecControlRobust_v1_0_A2FUSION_rlc_l1d256_l2p2t32d256g_l2g_scl_mha16,subset_eval_summary,subset_eval,subset_all,0.3,sed,9,/home/hongsheng/dec_con_asf/logs/exp_260810_221258_TaskDecControlRobust_v1_0_A2FUSION_rlc_l1d256_l2p2t32d256g_l2g_scl_mha16/models/model_9.pt,63.16,16.95,80.35,65.64,80.94,80.2,64.54,54.26333333333333,/home/hongsheng/dec_con_asf/logs/exp_260812_211952_TaskDecControlRobust_v1_0_A2FUSION_rlc_l1d256_l2p2t32d256g_l2g_scl_mha16/subset_eval_summary.json,,
dec_con_asf,TaskDec Robust,exp_260812_211952_TaskDecControlRobust_v1_0_A2FUSION_rlc_l1d256_l2p2t32d256g_l2g_scl_mha16,subset_eval_summary,subset_eval,subset_all,0.0,sed,10,/home/hongsheng/dec_con_asf/logs/exp_260810_221258_TaskDecControlRobust_v1_0_A2FUSION_rlc_l1d256_l2p2t32d256g_l2g_scl_mha16/models/model_10.pt,62.49,21.86,87.03,73.43,88.82,87.71,70.22333333333333,61.0,/home/hongsheng/dec_con_asf/logs/exp_260812_211952_TaskDecControlRobust_v1_0_A2FUSION_rlc_l1d256_l2p2t32d256g_l2g_scl_mha16/subset_eval_summary.json,,
dec_con_asf,TaskDec Robust,exp_260812_211952_TaskDecControlRobust_v1_0_A2FUSION_rlc_l1d256_l2p2t32d256g_l2g_scl_mha16,subset_eval_summary,subset_eval,subset_all,0.3,sed,10,/home/hongsheng/dec_con_asf/logs/exp_260810_221258_TaskDecControlRobust_v1_0_A2FUSION_rlc_l1d256_l2p2t32d256g_l2g_scl_mha16/models/model_10.pt,62.49,21.86,80.41,67.69,89.23,80.44,67.02,56.663333333333334,/home/hongsheng/dec_con_asf/logs/exp_260812_211952_TaskDecControlRobust_v1_0_A2FUSION_rlc_l1d256_l2p2t32d256g_l2g_scl_mha16/subset_eval_summary.json,,
dec_con_asf,TaskDec Balanced,exp_260812_232646_TaskDecControlBalanced_v1_0_A2FUSION_rlc_l1d256_l2p2t32d256g_l2g_scl_mha16,full_eval_summary,full_or_exported_summary,all,0,sed,,,62.67,21.89,87.21,73.13,88.73,87.73,70.22666666666667,60.916666666666664,/home/hongsheng/dec_con_asf/logs/exp_260812_232646_TaskDecControlBalanced_v1_0_A2FUSION_rlc_l1d256_l2p2t32d256g_l2g_scl_mha16/full_eval_summary.json,,
dec_con_asf,TaskDec Balanced,exp_260812_232646_TaskDecControlBalanced_v1_0_A2FUSION_rlc_l1d256_l2p2t32d256g_l2g_scl_mha16,full_eval_summary,full_or_exported_summary,all,0.3,sed,,,62.67,21.89,80.38,67.59,89.01,80.37,66.985,56.616666666666674,/home/hongsheng/dec_con_asf/logs/exp_260812_232646_TaskDecControlBalanced_v1_0_A2FUSION_rlc_l1d256_l2p2t32d256g_l2g_scl_mha16/full_eval_summary.json,,
dec_con_asf,TaskDec Balanced,exp_260812_232646_TaskDecControlBalanced_v1_0_A2FUSION_rlc_l1d256_l2p2t32d256g_l2g_scl_mha16,complete_results,full_conditional,all,0.3,sed,2,,62.69029290276765,21.897254577063126,80.37988453218126,67.57076206277459,89.01024720092134,80.37174196903251,66.98669720745674,56.61325286962341,/home/hongsheng/dec_con_asf/logs/exp_260812_232646_TaskDecControlBalanced_v1_0_A2FUSION_rlc_l1d256_l2p2t32d256g_l2g_scl_mha16/test_kitti/epoch_2_total/0.3/complete_results.txt,,
dec_con_asf,TaskDec Robust,exp_260812_232650_TaskDecControlRobust_v1_0_A2FUSION_rlc_l1d256_l2p2t32d256g_l2g_scl_mha16,full_eval_summary,full_or_exported_summary,all,0,sed,,,62.63,22.02,87.18,72.83,88.84,88.06,70.26,60.97,/home/hongsheng/dec_con_asf/logs/exp_260812_232650_TaskDecControlRobust_v1_0_A2FUSION_rlc_l1d256_l2p2t32d256g_l2g_scl_mha16/full_eval_summary.json,,
dec_con_asf,TaskDec Robust,exp_260812_232650_TaskDecControlRobust_v1_0_A2FUSION_rlc_l1d256_l2p2t32d256g_l2g_scl_mha16,full_eval_summary,full_or_exported_summary,all,0.3,sed,,,62.63,22.02,88.1,67.5,88.84,88.36,69.575,59.29333333333333,/home/hongsheng/dec_con_asf/logs/exp_260812_232650_TaskDecControlRobust_v1_0_A2FUSION_rlc_l1d256_l2p2t32d256g_l2g_scl_mha16/full_eval_summary.json,,
dec_con_asf,TaskDec Robust,exp_260812_232650_TaskDecControlRobust_v1_0_A2FUSION_rlc_l1d256_l2p2t32d256g_l2g_scl_mha16,complete_results,full_conditional,all,0.3,sed,0,,62.63218901253204,22.03903704773203,88.09529078343822,67.50133716157292,88.83900978912645,88.3550327583966,69.5769827587997,59.29846898923385,/home/hongsheng/dec_con_asf/logs/exp_260812_232650_TaskDecControlRobust_v1_0_A2FUSION_rlc_l1d256_l2p2t32d256g_l2g_scl_mha16/test_kitti/epoch_0_total/0.3/complete_results.txt,,
dec_con_asf,TaskDec Robust,exp_260813_203247_TaskDecControlRobust_v1_0_A2FUSION_rlc_l1d256_l2p2t32d256g_l2g_scl_mha16,full_eval_summary,full_or_exported_summary,all,0,sed,,,62.63,22.03,87.18,72.84,88.84,88.07,70.265,60.98,/home/hongsheng/dec_con_asf/logs/exp_260813_203247_TaskDecControlRobust_v1_0_A2FUSION_rlc_l1d256_l2p2t32d256g_l2g_scl_mha16/full_eval_summary.json,,
dec_con_asf,TaskDec Robust,exp_260813_203247_TaskDecControlRobust_v1_0_A2FUSION_rlc_l1d256_l2p2t32d256g_l2g_scl_mha16,full_eval_summary,full_or_exported_summary,all,0.3,sed,,,62.63,22.03,88.09,67.5,88.84,88.36,69.575,59.29666666666666,/home/hongsheng/dec_con_asf/logs/exp_260813_203247_TaskDecControlRobust_v1_0_A2FUSION_rlc_l1d256_l2p2t32d256g_l2g_scl_mha16/full_eval_summary.json,,
dec_con_asf,TaskDec MoreOpenGate,exp_260813_225556_TaskDecControlMoreOpenGate_v1_0_A2FUSION_rlc_l1d256_l2p2t32d256g_l2g_scl_mha16,complete_results,full,all,0.3,sed,,,61.759395530750346,19.376958915948308,80.45452214867144,67.76645618703083,89.10255710851837,80.5831446401509,66.50717242184503,55.90885324771002,/home/hongsheng/dec_con_asf/logs/exp_260813_225556_TaskDecControlMoreOpenGate_v1_0_A2FUSION_rlc_l1d256_l2p2t32d256g_l2g_scl_mha16/test_kitti/none/0.3/complete_results.txt,,
dec_con_asf,TaskDec StrongerControl,exp_260813_225557_TaskDecControlStrongerControl_v1_0_A2FUSION_rlc_l1d256_l2p2t32d256g_l2g_scl_mha16,complete_results,full,all,0.3,sed,,,62.97452315099276,22.778343663414,80.45699101321094,67.85519694521007,89.00067025674609,80.52223604195824,67.26466017858868,57.051925550194106,/home/hongsheng/dec_con_asf/logs/exp_260813_225557_TaskDecControlStrongerControl_v1_0_A2FUSION_rlc_l1d256_l2p2t32d256g_l2g_scl_mha16/test_kitti/none/0.3/complete_results.txt,,
dec_con_asf,TaskDec MoreOpenGate,exp_260814_231746_TaskDecControlMoreOpenGate_v1_0_A2FUSION_rlc_l1d256_l2p2t32d256g_l2g_scl_mha16,subset_eval_summary,subset_eval,subset_all,0.3,sed,0,/home/hongsheng/dec_con_asf/logs/exp_260813_225556_TaskDecControlMoreOpenGate_v1_0_A2FUSION_rlc_l1d256_l2p2t32d256g_l2g_scl_mha16/models/model_0.pt,63.16,17.45,88.11,74.79,89.01,88.26,70.13000000000001,60.166666666666664,/home/hongsheng/dec_con_asf/logs/exp_260814_231746_TaskDecControlMoreOpenGate_v1_0_A2FUSION_rlc_l1d256_l2p2t32d256g_l2g_scl_mha16/subset_eval_summary.json,,
dec_con_asf,TaskDec MoreOpenGate,exp_260814_231746_TaskDecControlMoreOpenGate_v1_0_A2FUSION_rlc_l1d256_l2p2t32d256g_l2g_scl_mha16,subset_eval_summary,subset_eval,subset_all,0.3,sed,1,/home/hongsheng/dec_con_asf/logs/exp_260813_225556_TaskDecControlMoreOpenGate_v1_0_A2FUSION_rlc_l1d256_l2p2t32d256g_l2g_scl_mha16/models/model_1.pt,49.64,10.51,87.52,64.23,89.11,88.33,64.89,54.35666666666666,/home/hongsheng/dec_con_asf/logs/exp_260814_231746_TaskDecControlMoreOpenGate_v1_0_A2FUSION_rlc_l1d256_l2p2t32d256g_l2g_scl_mha16/subset_eval_summary.json,,
dec_con_asf,TaskDec MoreOpenGate,exp_260814_231746_TaskDecControlMoreOpenGate_v1_0_A2FUSION_rlc_l1d256_l2p2t32d256g_l2g_scl_mha16,subset_eval_summary,subset_eval,subset_all,0.3,sed,2,/home/hongsheng/dec_con_asf/logs/exp_260813_225556_TaskDecControlMoreOpenGate_v1_0_A2FUSION_rlc_l1d256_l2p2t32d256g_l2g_scl_mha16/models/model_2.pt,61.12,18.02,88.38,68.06,89.14,88.67,68.89833333333333,58.25,/home/hongsheng/dec_con_asf/logs/exp_260814_231746_TaskDecControlMoreOpenGate_v1_0_A2FUSION_rlc_l1d256_l2p2t32d256g_l2g_scl_mha16/subset_eval_summary.json,,
dec_con_asf,TaskDec MoreOpenGate,exp_260814_231746_TaskDecControlMoreOpenGate_v1_0_A2FUSION_rlc_l1d256_l2p2t32d256g_l2g_scl_mha16,subset_eval_summary,subset_eval,subset_all,0.3,sed,3,/home/hongsheng/dec_con_asf/logs/exp_260813_225556_TaskDecControlMoreOpenGate_v1_0_A2FUSION_rlc_l1d256_l2p2t32d256g_l2g_scl_mha16/models/model_3.pt,61.99,10.17,80.49,65.53,89.31,88.55,66.00666666666667,54.75,/home/hongsheng/dec_con_asf/logs/exp_260814_231746_TaskDecControlMoreOpenGate_v1_0_A2FUSION_rlc_l1d256_l2p2t32d256g_l2g_scl_mha16/subset_eval_summary.json,,
dec_con_asf,TaskDec MoreOpenGate,exp_260814_231746_TaskDecControlMoreOpenGate_v1_0_A2FUSION_rlc_l1d256_l2p2t32d256g_l2g_scl_mha16,subset_eval_summary,subset_eval,subset_all,0.3,sed,4,/home/hongsheng/dec_con_asf/logs/exp_260813_225556_TaskDecControlMoreOpenGate_v1_0_A2FUSION_rlc_l1d256_l2p2t32d256g_l2g_scl_mha16/models/model_4.pt,61.82,19.71,80.54,68.4,89.13,88.56,68.02666666666667,58.89000000000001,/home/hongsheng/dec_con_asf/logs/exp_260814_231746_TaskDecControlMoreOpenGate_v1_0_A2FUSION_rlc_l1d256_l2p2t32d256g_l2g_scl_mha16/subset_eval_summary.json,,
dec_con_asf,TaskDec MoreOpenGate,exp_260814_231746_TaskDecControlMoreOpenGate_v1_0_A2FUSION_rlc_l1d256_l2p2t32d256g_l2g_scl_mha16,subset_eval_summary,subset_eval,subset_all,0.3,sed,5,/home/hongsheng/dec_con_asf/logs/exp_260813_225556_TaskDecControlMoreOpenGate_v1_0_A2FUSION_rlc_l1d256_l2p2t32d256g_l2g_scl_mha16/models/model_5.pt,55.12,19.6,80.47,65.15,81.07,80.48,63.64833333333333,55.076666666666675,/home/hongsheng/dec_con_asf/logs/exp_260814_231746_TaskDecControlMoreOpenGate_v1_0_A2FUSION_rlc_l1d256_l2p2t32d256g_l2g_scl_mha16/subset_eval_summary.json,,
dec_con_asf,TaskDec MoreOpenGate,exp_260814_231746_TaskDecControlMoreOpenGate_v1_0_A2FUSION_rlc_l1d256_l2p2t32d256g_l2g_scl_mha16,subset_eval_summary,subset_eval,subset_all,0.3,sed,6,/home/hongsheng/dec_con_asf/logs/exp_260813_225556_TaskDecControlMoreOpenGate_v1_0_A2FUSION_rlc_l1d256_l2p2t32d256g_l2g_scl_mha16/models/model_6.pt,60.91,17.41,80.41,67.69,89.13,88.61,67.36,57.903333333333336,/home/hongsheng/dec_con_asf/logs/exp_260814_231746_TaskDecControlMoreOpenGate_v1_0_A2FUSION_rlc_l1d256_l2p2t32d256g_l2g_scl_mha16/subset_eval_summary.json,,
dec_con_asf,TaskDec MoreOpenGate,exp_260814_231746_TaskDecControlMoreOpenGate_v1_0_A2FUSION_rlc_l1d256_l2p2t32d256g_l2g_scl_mha16,subset_eval_summary,subset_eval,subset_all,0.3,sed,7,/home/hongsheng/dec_con_asf/logs/exp_260813_225556_TaskDecControlMoreOpenGate_v1_0_A2FUSION_rlc_l1d256_l2p2t32d256g_l2g_scl_mha16/models/model_7.pt,61.88,16.95,87.49,66.13,88.99,87.99,68.23833333333333,57.02333333333333,/home/hongsheng/dec_con_asf/logs/exp_260814_231746_TaskDecControlMoreOpenGate_v1_0_A2FUSION_rlc_l1d256_l2p2t32d256g_l2g_scl_mha16/subset_eval_summary.json,,
dec_con_asf,TaskDec MoreOpenGate,exp_260814_231746_TaskDecControlMoreOpenGate_v1_0_A2FUSION_rlc_l1d256_l2p2t32d256g_l2g_scl_mha16,subset_eval_summary,subset_eval,subset_all,0.3,sed,8,/home/hongsheng/dec_con_asf/logs/exp_260813_225556_TaskDecControlMoreOpenGate_v1_0_A2FUSION_rlc_l1d256_l2p2t32d256g_l2g_scl_mha16/models/model_8.pt,62.29,19.04,80.46,68.06,89.28,80.63,66.62666666666667,55.91,/home/hongsheng/dec_con_asf/logs/exp_260814_231746_TaskDecControlMoreOpenGate_v1_0_A2FUSION_rlc_l1d256_l2p2t32d256g_l2g_scl_mha16/subset_eval_summary.json,,
dec_con_asf,TaskDec MoreOpenGate,exp_260815_044028_TaskDecControlMoreOpenGate_v1_0_A2FUSION_rlc_l1d256_l2p2t32d256g_l2g_scl_mha16,subset_eval_summary,subset_eval,subset_all,0.3,sed,9,/home/hongsheng/dec_con_asf/logs/exp_260813_225556_TaskDecControlMoreOpenGate_v1_0_A2FUSION_rlc_l1d256_l2p2t32d256g_l2g_scl_mha16/models/model_9.pt,55.71,11.39,80.0,64.3,88.77,79.99,63.35999999999999,51.89333333333334,/home/hongsheng/dec_con_asf/logs/exp_260815_044028_TaskDecControlMoreOpenGate_v1_0_A2FUSION_rlc_l1d256_l2p2t32d256g_l2g_scl_mha16/subset_eval_summary.json,,
dec_con_asf,TaskDec MoreOpenGate,exp_260815_044028_TaskDecControlMoreOpenGate_v1_0_A2FUSION_rlc_l1d256_l2p2t32d256g_l2g_scl_mha16,subset_eval_summary,subset_eval,subset_all,0.3,sed,10,/home/hongsheng/dec_con_asf/logs/exp_260813_225556_TaskDecControlMoreOpenGate_v1_0_A2FUSION_rlc_l1d256_l2p2t32d256g_l2g_scl_mha16/models/model_10.pt,61.58,19.05,80.41,68.14,89.26,88.75,67.865,58.64666666666667,/home/hongsheng/dec_con_asf/logs/exp_260815_044028_TaskDecControlMoreOpenGate_v1_0_A2FUSION_rlc_l1d256_l2p2t32d256g_l2g_scl_mha16/subset_eval_summary.json,,
dec_con_asf,TaskDec StrongerControl,exp_260815_115940_TaskDecControlStrongerControl_v1_0_A2FUSION_rlc_l1d256_l2p2t32d256g_l2g_scl_mha16,subset_eval_summary,subset_eval,subset_all,0.3,sed,0,/home/hongsheng/dec_con_asf/logs/exp_260813_225557_TaskDecControlStrongerControl_v1_0_A2FUSION_rlc_l1d256_l2p2t32d256g_l2g_scl_mha16/models/model_0.pt,62.88,22.24,80.3,67.52,88.87,88.34,68.35833333333333,59.36666666666667,/home/hongsheng/dec_con_asf/logs/exp_260815_115940_TaskDecControlStrongerControl_v1_0_A2FUSION_rlc_l1d256_l2p2t32d256g_l2g_scl_mha16/subset_eval_summary.json,,
dec_con_asf,TaskDec StrongerControl,exp_260815_115940_TaskDecControlStrongerControl_v1_0_A2FUSION_rlc_l1d256_l2p2t32d256g_l2g_scl_mha16,subset_eval_summary,subset_eval,subset_all,0.3,sed,1,/home/hongsheng/dec_con_asf/logs/exp_260813_225557_TaskDecControlStrongerControl_v1_0_A2FUSION_rlc_l1d256_l2p2t32d256g_l2g_scl_mha16/models/model_1.pt,51.68,9.78,87.7,63.89,89.14,88.0,65.03166666666667,53.88999999999999,/home/hongsheng/dec_con_asf/logs/exp_260815_115940_TaskDecControlStrongerControl_v1_0_A2FUSION_rlc_l1d256_l2p2t32d256g_l2g_scl_mha16/subset_eval_summary.json,,
dec_con_asf,TaskDec StrongerControl,exp_260815_115940_TaskDecControlStrongerControl_v1_0_A2FUSION_rlc_l1d256_l2p2t32d256g_l2g_scl_mha16,subset_eval_summary,subset_eval,subset_all,0.3,sed,2,/home/hongsheng/dec_con_asf/logs/exp_260813_225557_TaskDecControlStrongerControl_v1_0_A2FUSION_rlc_l1d256_l2p2t32d256g_l2g_scl_mha16/models/model_2.pt,62.46,22.3,80.54,68.35,89.18,88.67,68.58333333333333,59.77333333333333,/home/hongsheng/dec_con_asf/logs/exp_260815_115940_TaskDecControlStrongerControl_v1_0_A2FUSION_rlc_l1d256_l2p2t32d256g_l2g_scl_mha16/subset_eval_summary.json,,
dec_con_asf,TaskDec StrongerControl,exp_260815_115940_TaskDecControlStrongerControl_v1_0_A2FUSION_rlc_l1d256_l2p2t32d256g_l2g_scl_mha16,subset_eval_summary,subset_eval,subset_all,0.3,sed,3,/home/hongsheng/dec_con_asf/logs/exp_260813_225557_TaskDecControlStrongerControl_v1_0_A2FUSION_rlc_l1d256_l2p2t32d256g_l2g_scl_mha16/models/model_3.pt,61.09,15.82,80.6,64.94,89.25,80.56,65.37666666666667,53.77333333333333,/home/hongsheng/dec_con_asf/logs/exp_260815_115940_TaskDecControlStrongerControl_v1_0_A2FUSION_rlc_l1d256_l2p2t32d256g_l2g_scl_mha16/subset_eval_summary.json,,
dec_con_asf,TaskDec StrongerControl,exp_260815_115940_TaskDecControlStrongerControl_v1_0_A2FUSION_rlc_l1d256_l2p2t32d256g_l2g_scl_mha16,subset_eval_summary,subset_eval,subset_all,0.3,sed,4,/home/hongsheng/dec_con_asf/logs/exp_260813_225557_TaskDecControlStrongerControl_v1_0_A2FUSION_rlc_l1d256_l2p2t32d256g_l2g_scl_mha16/models/model_4.pt,62.5,22.21,80.62,68.3,89.18,88.52,68.55499999999999,59.67666666666667,/home/hongsheng/dec_con_asf/logs/exp_260815_115940_TaskDecControlStrongerControl_v1_0_A2FUSION_rlc_l1d256_l2p2t32d256g_l2g_scl_mha16/subset_eval_summary.json,,
dec_con_asf,TaskDec StrongerControl,exp_260815_115940_TaskDecControlStrongerControl_v1_0_A2FUSION_rlc_l1d256_l2p2t32d256g_l2g_scl_mha16,subset_eval_summary,subset_eval,subset_all,0.3,sed,5,/home/hongsheng/dec_con_asf/logs/exp_260813_225557_TaskDecControlStrongerControl_v1_0_A2FUSION_rlc_l1d256_l2p2t32d256g_l2g_scl_mha16/models/model_5.pt,53.73,11.29,80.29,62.67,88.98,80.33,62.88166666666667,51.43,/home/hongsheng/dec_con_asf/logs/exp_260815_115940_TaskDecControlStrongerControl_v1_0_A2FUSION_rlc_l1d256_l2p2t32d256g_l2g_scl_mha16/subset_eval_summary.json,,
dec_con_asf,TaskDec StrongerControl,exp_260815_120021_TaskDecControlStrongerControl_v1_0_A2FUSION_rlc_l1d256_l2p2t32d256g_l2g_scl_mha16,subset_eval_summary,subset_eval,subset_all,0.3,sed,6,/home/hongsheng/dec_con_asf/logs/exp_260813_225557_TaskDecControlStrongerControl_v1_0_A2FUSION_rlc_l1d256_l2p2t32d256g_l2g_scl_mha16/models/model_6.pt,62.55,22.75,80.55,68.06,89.21,80.61,67.28833333333334,57.14000000000001,/home/hongsheng/dec_con_asf/logs/exp_260815_120021_TaskDecControlStrongerControl_v1_0_A2FUSION_rlc_l1d256_l2p2t32d256g_l2g_scl_mha16/subset_eval_summary.json,,
dec_con_asf,TaskDec StrongerControl,exp_260815_120021_TaskDecControlStrongerControl_v1_0_A2FUSION_rlc_l1d256_l2p2t32d256g_l2g_scl_mha16,subset_eval_summary,subset_eval,subset_all,0.3,sed,7,/home/hongsheng/dec_con_asf/logs/exp_260813_225557_TaskDecControlStrongerControl_v1_0_A2FUSION_rlc_l1d256_l2p2t32d256g_l2g_scl_mha16/models/model_7.pt,60.65,20.9,87.38,65.78,88.83,87.52,68.51,58.06666666666666,/home/hongsheng/dec_con_asf/logs/exp_260815_120021_TaskDecControlStrongerControl_v1_0_A2FUSION_rlc_l1d256_l2p2t32d256g_l2g_scl_mha16/subset_eval_summary.json,,
dec_con_asf,TaskDec StrongerControl,exp_260815_120021_TaskDecControlStrongerControl_v1_0_A2FUSION_rlc_l1d256_l2p2t32d256g_l2g_scl_mha16,subset_eval_summary,subset_eval,subset_all,0.3,sed,8,/home/hongsheng/dec_con_asf/logs/exp_260813_225557_TaskDecControlStrongerControl_v1_0_A2FUSION_rlc_l1d256_l2p2t32d256g_l2g_scl_mha16/models/model_8.pt,61.99,22.53,80.43,68.01,89.24,80.52,67.12,57.02,/home/hongsheng/dec_con_asf/logs/exp_260815_120021_TaskDecControlStrongerControl_v1_0_A2FUSION_rlc_l1d256_l2p2t32d256g_l2g_scl_mha16/subset_eval_summary.json,,
dec_con_asf,TaskDec StrongerControl,exp_260815_120021_TaskDecControlStrongerControl_v1_0_A2FUSION_rlc_l1d256_l2p2t32d256g_l2g_scl_mha16,subset_eval_summary,subset_eval,subset_all,0.3,sed,9,/home/hongsheng/dec_con_asf/logs/exp_260813_225557_TaskDecControlStrongerControl_v1_0_A2FUSION_rlc_l1d256_l2p2t32d256g_l2g_scl_mha16/models/model_9.pt,63.21,21.83,80.26,67.65,88.44,80.18,66.92833333333333,56.55333333333334,/home/hongsheng/dec_con_asf/logs/exp_260815_120021_TaskDecControlStrongerControl_v1_0_A2FUSION_rlc_l1d256_l2p2t32d256g_l2g_scl_mha16/subset_eval_summary.json,,
dec_con_asf,TaskDec StrongerControl,exp_260815_120021_TaskDecControlStrongerControl_v1_0_A2FUSION_rlc_l1d256_l2p2t32d256g_l2g_scl_mha16,subset_eval_summary,subset_eval,subset_all,0.3,sed,10,/home/hongsheng/dec_con_asf/logs/exp_260813_225557_TaskDecControlStrongerControl_v1_0_A2FUSION_rlc_l1d256_l2p2t32d256g_l2g_scl_mha16/models/model_10.pt,62.77,21.93,80.58,68.23,89.17,80.57,67.20833333333333,56.91,/home/hongsheng/dec_con_asf/logs/exp_260815_120021_TaskDecControlStrongerControl_v1_0_A2FUSION_rlc_l1d256_l2p2t32d256g_l2g_scl_mha16/subset_eval_summary.json,,
dec_con_asf,TaskDec MoreOpenGate,exp_260817_000340_TaskDecControlMoreOpenGate_v1_0_A2FUSION_rlc_l1d256_l2p2t32d256g_l2g_scl_mha16,full_eval_summary,full_or_exported_summary,all,0,sed,,,62.3,21.33,86.4,72.39,88.62,87.59,69.77166666666666,60.43666666666667,/home/hongsheng/dec_con_asf/logs/exp_260817_000340_TaskDecControlMoreOpenGate_v1_0_A2FUSION_rlc_l1d256_l2p2t32d256g_l2g_scl_mha16/full_eval_summary.json,,
dec_con_asf,TaskDec MoreOpenGate,exp_260817_000340_TaskDecControlMoreOpenGate_v1_0_A2FUSION_rlc_l1d256_l2p2t32d256g_l2g_scl_mha16,full_eval_summary,full_or_exported_summary,all,0.3,sed,,,62.3,21.33,87.77,67.21,88.62,88.08,69.21833333333333,58.873333333333335,/home/hongsheng/dec_con_asf/logs/exp_260817_000340_TaskDecControlMoreOpenGate_v1_0_A2FUSION_rlc_l1d256_l2p2t32d256g_l2g_scl_mha16/full_eval_summary.json,,
dec_con_asf,TaskDec MoreOpenGate,exp_260817_000340_TaskDecControlMoreOpenGate_v1_0_A2FUSION_rlc_l1d256_l2p2t32d256g_l2g_scl_mha16,complete_results,full_conditional,all,0.3,sed,0,,62.30087515913397,21.313762672157626,87.77254251995508,67.20184259803186,88.61964661569957,88.08776029892891,69.2160716439845,58.86778852303947,/home/hongsheng/dec_con_asf/logs/exp_260817_000340_TaskDecControlMoreOpenGate_v1_0_A2FUSION_rlc_l1d256_l2p2t32d256g_l2g_scl_mha16/test_kitti/epoch_0_total/0.3/complete_results.txt,,
dec_con_asf,TaskDec StrongerControl,exp_260817_000340_TaskDecControlStrongerControl_v1_0_A2FUSION_rlc_l1d256_l2p2t32d256g_l2g_scl_mha16,full_eval_summary,full_or_exported_summary,all,0,sed,,,63.11,18.99,87.35,73.35,88.77,87.78,69.89166666666667,60.04,/home/hongsheng/dec_con_asf/logs/exp_260817_000340_TaskDecControlStrongerControl_v1_0_A2FUSION_rlc_l1d256_l2p2t32d256g_l2g_scl_mha16/full_eval_summary.json,,
dec_con_asf,TaskDec StrongerControl,exp_260817_000340_TaskDecControlStrongerControl_v1_0_A2FUSION_rlc_l1d256_l2p2t32d256g_l2g_scl_mha16,full_eval_summary,full_or_exported_summary,all,0.3,sed,,,63.11,18.99,80.52,67.7,88.99,80.52,66.63833333333334,55.73666666666667,/home/hongsheng/dec_con_asf/logs/exp_260817_000340_TaskDecControlStrongerControl_v1_0_A2FUSION_rlc_l1d256_l2p2t32d256g_l2g_scl_mha16/full_eval_summary.json,,
dec_con_asf,TaskDec StrongerControl,exp_260817_000340_TaskDecControlStrongerControl_v1_0_A2FUSION_rlc_l1d256_l2p2t32d256g_l2g_scl_mha16,complete_results,full_conditional,all,0.3,sed,4,,63.080564342436396,18.992489743449113,80.51957514189391,67.69610335715845,88.99093964676943,80.51613712851278,66.63263489337001,55.734910076373446,/home/hongsheng/dec_con_asf/logs/exp_260817_000340_TaskDecControlStrongerControl_v1_0_A2FUSION_rlc_l1d256_l2p2t32d256g_l2g_scl_mha16/test_kitti/epoch_4_total/0.3/complete_results.txt,,
dec_con_asf,TaskDec StrongerControl,exp_260817_000503_TaskDecControlStrongerControl_v1_0_A2FUSION_rlc_l1d256_l2p2t32d256g_l2g_scl_mha16,full_eval_summary,full_or_exported_summary,all,0,sed,,,62.49,22.45,87.16,73.78,88.81,87.72,70.40166666666667,61.31666666666666,/home/hongsheng/dec_con_asf/logs/exp_260817_000503_TaskDecControlStrongerControl_v1_0_A2FUSION_rlc_l1d256_l2p2t32d256g_l2g_scl_mha16/full_eval_summary.json,,
dec_con_asf,TaskDec StrongerControl,exp_260817_000503_TaskDecControlStrongerControl_v1_0_A2FUSION_rlc_l1d256_l2p2t32d256g_l2g_scl_mha16,full_eval_summary,full_or_exported_summary,all,0.3,sed,,,62.49,22.45,80.42,68.06,89.06,80.51,67.165,57.00666666666667,/home/hongsheng/dec_con_asf/logs/exp_260817_000503_TaskDecControlStrongerControl_v1_0_A2FUSION_rlc_l1d256_l2p2t32d256g_l2g_scl_mha16/full_eval_summary.json,,
dec_con_asf,TaskDec StrongerControl,exp_260817_000503_TaskDecControlStrongerControl_v1_0_A2FUSION_rlc_l1d256_l2p2t32d256g_l2g_scl_mha16,complete_results,full_conditional,all,0.3,sed,2,,62.479048522976555,22.43438933448783,80.41872349373944,68.06391709415315,89.0589940614117,80.5081254152946,67.16053298701054,57.00214394797853,/home/hongsheng/dec_con_asf/logs/exp_260817_000503_TaskDecControlStrongerControl_v1_0_A2FUSION_rlc_l1d256_l2p2t32d256g_l2g_scl_mha16/test_kitti/epoch_2_total/0.3/complete_results.txt,,
dec_con_asf,TaskDec MoreOpenGate,exp_260817_000507_TaskDecControlMoreOpenGate_v1_0_A2FUSION_rlc_l1d256_l2p2t32d256g_l2g_scl_mha16,full_eval_summary,full_or_exported_summary,all,0,sed,,,62.22,22.06,87.24,73.46,88.85,87.77,70.26666666666667,61.096666666666664,/home/hongsheng/dec_con_asf/logs/exp_260817_000507_TaskDecControlMoreOpenGate_v1_0_A2FUSION_rlc_l1d256_l2p2t32d256g_l2g_scl_mha16/full_eval_summary.json,,
dec_con_asf,TaskDec MoreOpenGate,exp_260817_000507_TaskDecControlMoreOpenGate_v1_0_A2FUSION_rlc_l1d256_l2p2t32d256g_l2g_scl_mha16,full_eval_summary,full_or_exported_summary,all,0.3,sed,,,62.22,22.06,80.35,67.8,89.0,88.51,68.32333333333334,59.45666666666667,/home/hongsheng/dec_con_asf/logs/exp_260817_000507_TaskDecControlMoreOpenGate_v1_0_A2FUSION_rlc_l1d256_l2p2t32d256g_l2g_scl_mha16/full_eval_summary.json,,
dec_con_asf,TaskDec MoreOpenGate,exp_260817_000507_TaskDecControlMoreOpenGate_v1_0_A2FUSION_rlc_l1d256_l2p2t32d256g_l2g_scl_mha16,complete_results,full_conditional,all,0.3,sed,2,,62.22510585911386,22.067578029928576,80.35314420068977,67.79206685242468,88.99886089260256,88.51152651560379,68.32471372506053,59.45705713265235,/home/hongsheng/dec_con_asf/logs/exp_260817_000507_TaskDecControlMoreOpenGate_v1_0_A2FUSION_rlc_l1d256_l2p2t32d256g_l2g_scl_mha16/test_kitti/epoch_2_total/0.3/complete_results.txt,,
dec_con_asf,TaskDec Robust,exp_260810_221258_TaskDecControlRobust_v1_0_A2FUSION_rlc_l1d256_l2p2t32d256g_l2g_scl_mha16,summary_conf_md,full_or_exported_summary,all,0.0,sed,,,62.34,22.32,86.93,72.83,88.57,87.21,70.03333333333333,60.78666666666666,/home/hongsheng/dec_con_asf/results/exp_260810_221258_TaskDecControlRobust_v1_final/summary_conf0.0.md,,
dec_con_asf,TaskDec Robust,exp_260810_221258_TaskDecControlRobust_v1_0_A2FUSION_rlc_l1d256_l2p2t32d256g_l2g_scl_mha16,summary_conf_md,full_or_exported_summary,all,0.3,sed,,,62.34,22.32,80.43,67.21,80.87,80.42,65.59833333333334,56.65,/home/hongsheng/dec_con_asf/results/exp_260810_221258_TaskDecControlRobust_v1_final/summary_conf0.3.md,,
dec_con_asf,TaskDec Balanced,exp_260810_221300_TaskDecControlBalanced_v1_0_A2FUSION_rlc_l1d256_l2p2t32d256g_l2g_scl_mha16,summary_conf_md,full_or_exported_summary,all,0.0,sed,,,63.39,19.65,87.33,73.39,88.73,87.76,70.04166666666667,60.26666666666667,/home/hongsheng/dec_con_asf/results/exp_260810_221300_TaskDecControlBalanced_v1_final/summary_conf0.0.md,,
dec_con_asf,TaskDec Balanced,exp_260810_221300_TaskDecControlBalanced_v1_0_A2FUSION_rlc_l1d256_l2p2t32d256g_l2g_scl_mha16,summary_conf_md,full_or_exported_summary,all,0.3,sed,,,63.39,19.65,80.48,67.45,80.93,80.59,65.415,55.89666666666667,/home/hongsheng/dec_con_asf/results/exp_260810_221300_TaskDecControlBalanced_v1_final/summary_conf0.3.md,,
dec_con_asf,TaskDec Balanced,exp_260812_232646_TaskDecControlBalanced_v1_0_A2FUSION_rlc_l1d256_l2p2t32d256g_l2g_scl_mha16,summary_conf_md,full_or_exported_summary,all,0.0,sed,,,62.67,21.89,87.21,73.13,88.73,87.73,70.22666666666667,60.916666666666664,/home/hongsheng/dec_con_asf/results/exp_260812_232646_TaskDecControlBalanced_v1_model2_full/summary_conf0.0.md,,
dec_con_asf,TaskDec Balanced,exp_260812_232646_TaskDecControlBalanced_v1_0_A2FUSION_rlc_l1d256_l2p2t32d256g_l2g_scl_mha16,summary_conf_md,full_or_exported_summary,all,0.3,sed,,,62.69,21.9,80.38,67.57,89.01,80.37,66.98666666666666,56.61333333333334,/home/hongsheng/dec_con_asf/results/exp_260812_232646_TaskDecControlBalanced_v1_model2_full/summary_conf0.3.md,,
dec_con_asf,TaskDec Robust,exp_260812_232650_TaskDecControlRobust_v1_0_A2FUSION_rlc_l1d256_l2p2t32d256g_l2g_scl_mha16,summary_conf_md,full_or_exported_summary,all,0.0,sed,,,62.63,22.02,87.18,72.83,88.84,88.06,70.26,60.97,/home/hongsheng/dec_con_asf/results/exp_260812_232650_TaskDecControlRobust_v1_model0_full/summary_conf0.0.md,,
dec_con_asf,TaskDec Robust,exp_260812_232650_TaskDecControlRobust_v1_0_A2FUSION_rlc_l1d256_l2p2t32d256g_l2g_scl_mha16,summary_conf_md,full_or_exported_summary,all,0.3,sed,,,62.63,22.04,88.1,67.5,88.84,88.36,69.57833333333333,59.300000000000004,/home/hongsheng/dec_con_asf/results/exp_260812_232650_TaskDecControlRobust_v1_model0_full/summary_conf0.3.md,,
dec_con_asf,Official ASF v1 conf0.0,dec_con_asf,paper_or_compiled_json,,all,0.0,sed,,,62.85048640310437,18.84758961438235,86.97363480841175,72.94898680476535,88.5883041960715,87.33703837418055,69.59100670015265,59.71120493110942,/home/hongsheng/dec_con_asf/results/v1_best_checkpoint_full_comparison_260813.json,/home/hongsheng/K-Radar-main/results/official_asf_v1_exp250303/summary_conf0.0.json,
dec_con_asf,Official ASF v1 conf0.3,dec_con_asf,paper_or_compiled_json,,all,0.3,sed,,,62.85129838117256,18.84758961438235,80.32516486241366,67.19240527543302,80.77711184770162,80.31346659416178,65.05117276254417,55.451153827992385,/home/hongsheng/dec_con_asf/results/v1_best_checkpoint_full_comparison_260813.json,/home/hongsheng/K-Radar-main/results/official_asf_v1_exp250303/summary_conf0.3.json,
dec_con_asf,3D-LRF,dec_con_asf,paper_or_compiled_json,,all,paper-reported,sed,,,,,73.6,45.2,84.0,74.8,69.4,60.0,/home/hongsheng/dec_con_asf/results/v1_best_checkpoint_full_comparison_260813.json,L4DR arXiv v6 Table 9 reproduces/collects 3D-LRF paper-reported K-Radar v1.0 values.,
dec_con_asf,L4DR,dec_con_asf,paper_or_compiled_json,,all,paper-reported,sed,,,,,77.5,53.5,79.5,78.0,72.125,65.75,/home/hongsheng/dec_con_asf/results/v1_best_checkpoint_full_comparison_260813.json,L4DR arXiv v6 Table 1 reports IoU=0.5; Table 9 additionally reports IoU=0.3 with v1.0 labels.,
dec_con_asf,Balanced final model10 conf0.0,dec_con_asf,paper_or_compiled_json,,all,0.0,sed,,,63.39200313499607,19.647517350211327,87.33365492831572,73.39356092240784,88.72869351526946,87.76152607891187,70.04282598835205,60.26753478384368,/home/hongsheng/dec_con_asf/results/v1_best_checkpoint_full_comparison_260813.json,/home/hongsheng/dec_con_asf/results/exp_260810_221300_TaskDecControlBalanced_v1_final/summary_conf0.0.json,
dec_con_asf,Balanced final model10 conf0.3,dec_con_asf,paper_or_compiled_json,,all,0.3,sed,,,63.39200313499607,19.647517350211327,80.48399601452854,67.44712259119997,80.92657798314836,80.59120185885928,65.41473648882392,55.89528060009019,/home/hongsheng/dec_con_asf/results/v1_best_checkpoint_full_comparison_260813.json,/home/hongsheng/dec_con_asf/results/exp_260810_221300_TaskDecControlBalanced_v1_final/summary_conf0.3.json,
dec_con_asf,Balanced best-subset model2 conf0.0,dec_con_asf,paper_or_compiled_json,,all,0.0,sed,,,62.67,21.89,87.21,73.13,88.73,87.73,70.22666666666667,60.916666666666664,/home/hongsheng/dec_con_asf/results/v1_best_checkpoint_full_comparison_260813.json,/home/hongsheng/dec_con_asf/results/exp_260812_232646_TaskDecControlBalanced_v1_model2_full/summary_conf0.0.json,
dec_con_asf,Balanced best-subset model2 conf0.3,dec_con_asf,paper_or_compiled_json,,all,0.3,sed,,,62.69029290276765,21.897254577063126,80.37988453218126,67.57076206277459,89.01024720092134,80.37174196903251,66.98669720745674,56.61325286962341,/home/hongsheng/dec_con_asf/results/v1_best_checkpoint_full_comparison_260813.json,/home/hongsheng/dec_con_asf/results/exp_260812_232646_TaskDecControlBalanced_v1_model2_full/summary_conf0.3.json,
dec_con_asf,Robust final model10 conf0.0,dec_con_asf,paper_or_compiled_json,,all,0.0,sed,,,62.33962398170383,22.315618443567757,86.92891004919485,72.83167422845338,88.56975182254284,87.21060719584646,70.03269762021819,60.78596662262254,/home/hongsheng/dec_con_asf/results/v1_best_checkpoint_full_comparison_260813.json,/home/hongsheng/dec_con_asf/results/exp_260810_221258_TaskDecControlRobust_v1_final/summary_conf0.0.json,
dec_con_asf,Robust final model10 conf0.3,dec_con_asf,paper_or_compiled_json,,all,0.3,sed,,,62.33962398170383,22.315618443567757,80.42524501100696,67.20669584968023,80.87225044046366,80.42498136197386,65.59740251473272,56.64909855174062,/home/hongsheng/dec_con_asf/results/v1_best_checkpoint_full_comparison_260813.json,/home/hongsheng/dec_con_asf/results/exp_260810_221258_TaskDecControlRobust_v1_final/summary_conf0.3.json,
dec_con_asf,Robust best-subset model0 conf0.0,dec_con_asf,paper_or_compiled_json,,all,0.0,sed,,,62.63,22.02,87.18,72.83,88.84,88.06,70.26,60.97,/home/hongsheng/dec_con_asf/results/v1_best_checkpoint_full_comparison_260813.json,/home/hongsheng/dec_con_asf/results/exp_260812_232650_TaskDecControlRobust_v1_model0_full/summary_conf0.0.json,
dec_con_asf,Robust best-subset model0 conf0.3,dec_con_asf,paper_or_compiled_json,,all,0.3,sed,,,62.63218901253204,22.03903704773203,88.09529078343822,67.50133716157292,88.83900978912645,88.3550327583966,69.5769827587997,59.29846898923385,/home/hongsheng/dec_con_asf/results/v1_best_checkpoint_full_comparison_260813.json,/home/hongsheng/dec_con_asf/results/exp_260812_232650_TaskDecControlRobust_v1_model0_full/summary_conf0.3.json,
dec_con_asf,3D-LRF,dec_con_asf,paper_or_compiled_json,,all,paper-reported,sed,,,,,73.6,45.2,84.0,74.8,69.4,60.0,/home/hongsheng/dec_con_asf/results/v1_task_dec_published_comparison_260812.json,L4DR arXiv v6 Table 9 reproduces/collects 3D-LRF paper-reported K-Radar v1.0 values.,
dec_con_asf,L4DR,dec_con_asf,paper_or_compiled_json,,all,paper-reported,sed,,,,,77.5,53.5,79.5,78.0,72.125,65.75,/home/hongsheng/dec_con_asf/results/v1_task_dec_published_comparison_260812.json,L4DR arXiv v6 Table 1 reports IoU=0.5; Table 9 additionally reports IoU=0.3 with v1.0 labels.,
dec_con_asf,Official ASF v1 conf0.0,dec_con_asf,paper_or_compiled_json,,all,0.0,sed,,,62.85048640310437,18.84758961438235,86.97363480841175,72.94898680476535,88.5883041960715,87.33703837418055,69.59100670015265,59.71120493110942,/home/hongsheng/dec_con_asf/results/v1_task_dec_published_comparison_260812.json,/home/hongsheng/K-Radar-main/results/official_asf_v1_exp250303/summary_conf0.0.json,
dec_con_asf,Official ASF v1 conf0.3,dec_con_asf,paper_or_compiled_json,,all,0.3,sed,,,62.85129838117256,18.84758961438235,80.32516486241366,67.19240527543302,80.77711184770162,80.31346659416178,65.05117276254417,55.451153827992385,/home/hongsheng/dec_con_asf/results/v1_task_dec_published_comparison_260812.json,/home/hongsheng/K-Radar-main/results/official_asf_v1_exp250303/summary_conf0.3.json,
dec_con_asf,TaskDec Balanced v1 conf0.0,dec_con_asf,paper_or_compiled_json,,all,0.0,sed,,,63.39200313499607,19.647517350211327,87.33365492831572,73.39356092240784,88.72869351526946,87.76152607891187,70.04282598835205,60.26753478384368,/home/hongsheng/dec_con_asf/results/v1_task_dec_published_comparison_260812.json,/home/hongsheng/dec_con_asf/results/exp_260810_221300_TaskDecControlBalanced_v1_final/summary_conf0.0.json,
dec_con_asf,TaskDec Balanced v1 conf0.3,dec_con_asf,paper_or_compiled_json,,all,0.3,sed,,,63.39200313499607,19.647517350211327,80.48399601452854,67.44712259119997,80.92657798314836,80.59120185885928,65.41473648882392,55.89528060009019,/home/hongsheng/dec_con_asf/results/v1_task_dec_published_comparison_260812.json,/home/hongsheng/dec_con_asf/results/exp_260810_221300_TaskDecControlBalanced_v1_final/summary_conf0.3.json,
dec_con_asf,TaskDec Robust v1 conf0.0,dec_con_asf,paper_or_compiled_json,,all,0.0,sed,,,62.33962398170383,22.315618443567757,86.92891004919485,72.83167422845338,88.56975182254284,87.21060719584646,70.03269762021819,60.78596662262254,/home/hongsheng/dec_con_asf/results/v1_task_dec_published_comparison_260812.json,/home/hongsheng/dec_con_asf/results/exp_260810_221258_TaskDecControlRobust_v1_final/summary_conf0.0.json,
dec_con_asf,TaskDec Robust v1 conf0.3,dec_con_asf,paper_or_compiled_json,,all,0.3,sed,,,62.33962398170383,22.315618443567757,80.42524501100696,67.20669584968023,80.87225044046366,80.42498136197386,65.59740251473272,56.64909855174062,/home/hongsheng/dec_con_asf/results/v1_task_dec_published_comparison_260812.json,/home/hongsheng/dec_con_asf/results/exp_260810_221258_TaskDecControlRobust_v1_final/summary_conf0.3.json,
decu_asf,DeCU-ASF,exp_260725_230532_DeCU_A2FUSION_rlc_l1d256_l2p2t32d256g_l2g_scl_mha16,complete_results,full,all,0.3,sed,,,19.74857469936415,2.4284917424335735,60.625755032841376,36.88682443866289,68.63176750940538,67.70555245374726,42.67116097940911,35.67362287828124,/home/hongsheng/decu_asf/logs/exp_260725_230532_DeCU_A2FUSION_rlc_l1d256_l2p2t32d256g_l2g_scl_mha16/test_kitti/none/0.3/complete_results.txt,,
decu_asf,DeCU-ASF,exp_260721_133144_DeCU_ASF_LR_bs4_ep15,summary_conf_md,full_or_exported_summary,all,0.3,sed,,,37.78,9.82,66.11,45.88,72.47,69.28,50.223333333333336,41.660000000000004,/home/hongsheng/decu_asf/results/exp_260721_133144_DeCU_ASF_LR_bs4_ep15/summary_conf0.3.md,,
decu_asf,DeCU-ASF,exp_260721_133144_DeCU_ASF_LR_bs8_ep30,summary_conf_md,full_or_exported_summary,all,0.3,sed,,,37.57,8.23,61.82,44.15,67.97,64.92,47.443333333333335,39.1,/home/hongsheng/decu_asf/results/exp_260721_133144_DeCU_ASF_LR_bs8_ep30/summary_conf0.3.md,,
decu_asf,DeCU-ASF,exp_260725_230532_DeCU_A2FUSION_rlc_l1d256_l2p2t32d256g_l2g_scl_mha16,summary_conf_md,full_or_exported_summary,all,0.0,sed,,,21.2,2.32,65.43,38.82,78.16,74.56,46.748333333333335,38.56666666666667,/home/hongsheng/decu_asf/results/exp_260725_230532_DeCU_A2FUSION_rlc_l1d256_l2p2t32d256g_l2g_scl_mha16/summary_conf0.0.md,,
decu_asf,DeCU-ASF,exp_260725_230532_DeCU_A2FUSION_rlc_l1d256_l2p2t32d256g_l2g_scl_mha16,summary_conf_md,full_or_exported_summary,all,0.3,sed,,,19.75,2.43,60.63,36.89,68.63,67.71,42.67333333333334,35.67666666666667,/home/hongsheng/decu_asf/results/exp_260725_230532_DeCU_A2FUSION_rlc_l1d256_l2p2t32d256g_l2g_scl_mha16/summary_conf0.3.md,,
v2,RL_3df_gate / DeCU-ASF early,exp_260714_024354_RL_3df_gate,summary_conf_md,full_or_exported_summary,all,0.3,sed,,,11.39,0.65,49.87,15.03,69.73,57.0,33.945,24.226666666666663,/home/hongsheng/v2/results/exp_260714_024354_RL_3df_gate/summary_conf0.3.md,,
