variant,checkpoint,epoch,split,metric,value
concat,best,75,val,V2X/Vehicle_3D_easy_strict,87.32916115810329
concat,best,75,val,V2X/Vehicle_BEV_easy_strict,93.24954730190915
concat,best,75,val,V2X/Vehicle_3D_moderate_strict,81.5399981979501
concat,best,75,val,V2X/Vehicle_BEV_moderate_strict,90.76312680292631
concat,best,75,val,V2X/Vehicle_3D_hard_strict,80.36305792328686
concat,best,75,val,V2X/Vehicle_BEV_hard_strict,89.42905681215962
concat,best,75,val,V2X/Vehicle_3D_easy_loose,94.30273295651149
concat,best,75,val,V2X/Vehicle_BEV_easy_loose,95.68505681193024
concat,best,75,val,V2X/Vehicle_3D_moderate_loose,93.56394184435389
concat,best,75,val,V2X/Vehicle_BEV_moderate_loose,94.58982957640453
concat,best,75,val,V2X/Vehicle_3D_hard_loose,93.14940076158707
concat,best,75,val,V2X/Vehicle_BEV_hard_loose,93.59528701718261
concat,best,75,val,V2X/Pedestrian_3D_easy_strict,64.32131457773684
concat,best,75,val,V2X/Pedestrian_BEV_easy_strict,67.80940583401687
concat,best,75,val,V2X/Pedestrian_3D_moderate_strict,62.16792720073045
concat,best,75,val,V2X/Pedestrian_BEV_moderate_strict,66.37105052979835
concat,best,75,val,V2X/Pedestrian_3D_hard_strict,61.97347579177328
concat,best,75,val,V2X/Pedestrian_BEV_hard_strict,66.3112200890462
concat,best,75,val,V2X/Pedestrian_3D_easy_loose,81.17112123190023
concat,best,75,val,V2X/Pedestrian_BEV_easy_loose,81.5434867250499
concat,best,75,val,V2X/Pedestrian_3D_moderate_loose,78.77204149217722
concat,best,75,val,V2X/Pedestrian_BEV_moderate_loose,79.15862443809758
concat,best,75,val,V2X/Pedestrian_3D_hard_loose,78.60524155848064
concat,best,75,val,V2X/Pedestrian_BEV_hard_loose,78.9975088026969
concat,best,75,val,V2X/Cyclist_3D_easy_strict,81.93910714609454
concat,best,75,val,V2X/Cyclist_BEV_easy_strict,83.82058433944692
concat,best,75,val,V2X/Cyclist_3D_moderate_strict,79.36786505405887
concat,best,75,val,V2X/Cyclist_BEV_moderate_strict,82.32079710743777
concat,best,75,val,V2X/Cyclist_3D_hard_strict,79.28404251865284
concat,best,75,val,V2X/Cyclist_BEV_hard_strict,82.35448348625631
concat,best,75,val,V2X/Cyclist_3D_easy_loose,90.12770256906005
concat,best,75,val,V2X/Cyclist_BEV_easy_loose,90.24880345328349
concat,best,75,val,V2X/Cyclist_3D_moderate_loose,88.74527456335116
concat,best,75,val,V2X/Cyclist_BEV_moderate_loose,88.93477279438898
concat,best,75,val,V2X/Cyclist_3D_hard_loose,88.84342549038303
concat,best,75,val,V2X/Cyclist_BEV_hard_loose,88.98879163094729
concat,best,75,val,V2X/Overall_3D_easy,77.86319429397822
concat,best,75,val,V2X/Overall_BEV_easy,81.62651249179098
concat,best,75,val,V2X/Overall_3D_moderate,74.3585968175798
concat,best,75,val,V2X/Overall_BEV_moderate,79.81832481338749
concat,best,75,val,V2X/Overall_3D_hard,73.87352541123767
concat,best,75,val,V2X/Overall_BEV_hard,79.36492012915404
concat,best,75,val_deduplicated,V2X/Vehicle_3D_easy_strict,87.3168018059451
concat,best,75,val_deduplicated,V2X/Vehicle_BEV_easy_strict,93.23924120935096
concat,best,75,val_deduplicated,V2X/Vehicle_3D_moderate_strict,81.53401343836235
concat,best,75,val_deduplicated,V2X/Vehicle_BEV_moderate_strict,90.73328694662715
concat,best,75,val_deduplicated,V2X/Vehicle_3D_hard_strict,80.23806526434561
concat,best,75,val_deduplicated,V2X/Vehicle_BEV_hard_strict,89.01350678034326
concat,best,75,val_deduplicated,V2X/Vehicle_3D_easy_loose,94.19051908719149
concat,best,75,val_deduplicated,V2X/Vehicle_BEV_easy_loose,95.59829990885838
concat,best,75,val_deduplicated,V2X/Vehicle_3D_moderate_loose,93.54956434498438
concat,best,75,val_deduplicated,V2X/Vehicle_BEV_moderate_loose,94.53871469091938
concat,best,75,val_deduplicated,V2X/Vehicle_3D_hard_loose,93.12415288748358
concat,best,75,val_deduplicated,V2X/Vehicle_BEV_hard_loose,93.577216386369
concat,best,75,val_deduplicated,V2X/Pedestrian_3D_easy_strict,64.28999848983818
concat,best,75,val_deduplicated,V2X/Pedestrian_BEV_easy_strict,67.78973929330253
concat,best,75,val_deduplicated,V2X/Pedestrian_3D_moderate_strict,62.026176760886706
concat,best,75,val_deduplicated,V2X/Pedestrian_BEV_moderate_strict,66.26587499261231
concat,best,75,val_deduplicated,V2X/Pedestrian_3D_hard_strict,61.87713273079187
concat,best,75,val_deduplicated,V2X/Pedestrian_BEV_hard_strict,66.18127397592038
concat,best,75,val_deduplicated,V2X/Pedestrian_3D_easy_loose,81.21314928576464
concat,best,75,val_deduplicated,V2X/Pedestrian_BEV_easy_loose,81.5580060911546
concat,best,75,val_deduplicated,V2X/Pedestrian_3D_moderate_loose,78.72978015232775
concat,best,75,val_deduplicated,V2X/Pedestrian_BEV_moderate_loose,79.1285871120461
concat,best,75,val_deduplicated,V2X/Pedestrian_3D_hard_loose,78.55432428782368
concat,best,75,val_deduplicated,V2X/Pedestrian_BEV_hard_loose,78.9294827929257
concat,best,75,val_deduplicated,V2X/Cyclist_3D_easy_strict,81.95230635929553
concat,best,75,val_deduplicated,V2X/Cyclist_BEV_easy_strict,83.82400323531812
concat,best,75,val_deduplicated,V2X/Cyclist_3D_moderate_strict,79.35568738127022
concat,best,75,val_deduplicated,V2X/Cyclist_BEV_moderate_strict,82.30801673182964
concat,best,75,val_deduplicated,V2X/Cyclist_3D_hard_strict,79.25835623181827
concat,best,75,val_deduplicated,V2X/Cyclist_BEV_hard_strict,82.32808139070146
concat,best,75,val_deduplicated,V2X/Cyclist_3D_easy_loose,90.1339599493791
concat,best,75,val_deduplicated,V2X/Cyclist_BEV_easy_loose,90.25526489412374
concat,best,75,val_deduplicated,V2X/Cyclist_3D_moderate_loose,88.74182091393038
concat,best,75,val_deduplicated,V2X/Cyclist_BEV_moderate_loose,88.944109684811
concat,best,75,val_deduplicated,V2X/Cyclist_3D_hard_loose,88.76978669924169
concat,best,75,val_deduplicated,V2X/Cyclist_BEV_hard_loose,88.96552392323912
concat,best,75,val_deduplicated,V2X/Overall_3D_easy,77.85303555169294
concat,best,75,val_deduplicated,V2X/Overall_BEV_easy,81.61766124599053
concat,best,75,val_deduplicated,V2X/Overall_3D_moderate,74.30529252683976
concat,best,75,val_deduplicated,V2X/Overall_BEV_moderate,79.76905955702303
concat,best,75,val_deduplicated,V2X/Overall_3D_hard,73.79118474231858
concat,best,75,val_deduplicated,V2X/Overall_BEV_hard,79.17428738232171
concat,best,75,test,V2X/Vehicle_3D_easy_strict,86.70155156367599
concat,best,75,test,V2X/Vehicle_BEV_easy_strict,92.83022641885017
concat,best,75,test,V2X/Vehicle_3D_moderate_strict,81.5218049192923
concat,best,75,test,V2X/Vehicle_BEV_moderate_strict,90.29382137138234
concat,best,75,test,V2X/Vehicle_3D_hard_strict,80.87611365747955
concat,best,75,test,V2X/Vehicle_BEV_hard_strict,89.82587152020214
concat,best,75,test,V2X/Vehicle_3D_easy_loose,94.65663611690512
concat,best,75,test,V2X/Vehicle_BEV_easy_loose,95.6143751131853
concat,best,75,test,V2X/Vehicle_3D_moderate_loose,93.31109224375614
concat,best,75,test,V2X/Vehicle_BEV_moderate_loose,94.33621715635351
concat,best,75,test,V2X/Vehicle_3D_hard_loose,93.05705242174966
concat,best,75,test,V2X/Vehicle_BEV_hard_loose,94.05142146974308
concat,best,75,test,V2X/Pedestrian_3D_easy_strict,66.4497961134676
concat,best,75,test,V2X/Pedestrian_BEV_easy_strict,70.59458462726256
concat,best,75,test,V2X/Pedestrian_3D_moderate_strict,65.71783680064453
concat,best,75,test,V2X/Pedestrian_BEV_moderate_strict,69.9271153851408
concat,best,75,test,V2X/Pedestrian_3D_hard_strict,65.67747174053105
concat,best,75,test,V2X/Pedestrian_BEV_hard_strict,69.89415932741011
concat,best,75,test,V2X/Pedestrian_3D_easy_loose,82.99397396454094
concat,best,75,test,V2X/Pedestrian_BEV_easy_loose,83.23920302986248
concat,best,75,test,V2X/Pedestrian_3D_moderate_loose,81.46193376715316
concat,best,75,test,V2X/Pedestrian_BEV_moderate_loose,81.69789174770614
concat,best,75,test,V2X/Pedestrian_3D_hard_loose,81.44070266546386
concat,best,75,test,V2X/Pedestrian_BEV_hard_loose,81.68585676926429
concat,best,75,test,V2X/Cyclist_3D_easy_strict,83.04420494662223
concat,best,75,test,V2X/Cyclist_BEV_easy_strict,85.32952302698075
concat,best,75,test,V2X/Cyclist_3D_moderate_strict,79.94498672095132
concat,best,75,test,V2X/Cyclist_BEV_moderate_strict,83.52800013289418
concat,best,75,test,V2X/Cyclist_3D_hard_strict,79.85758439908149
concat,best,75,test,V2X/Cyclist_BEV_hard_strict,83.38737469552454
concat,best,75,test,V2X/Cyclist_3D_easy_loose,91.99391193218062
concat,best,75,test,V2X/Cyclist_BEV_easy_loose,92.15692042735182
concat,best,75,test,V2X/Cyclist_3D_moderate_loose,90.38334739786416
concat,best,75,test,V2X/Cyclist_BEV_moderate_loose,90.70321382331086
concat,best,75,test,V2X/Cyclist_3D_hard_loose,90.30708989432122
concat,best,75,test,V2X/Cyclist_BEV_hard_loose,90.62169121871698
concat,best,75,test,V2X/Overall_3D_easy,78.7318508745886
concat,best,75,test,V2X/Overall_BEV_easy,82.91811135769782
concat,best,75,test,V2X/Overall_3D_moderate,75.72820948029606
concat,best,75,test,V2X/Overall_BEV_moderate,81.24964562980578
concat,best,75,test,V2X/Overall_3D_hard,75.47038993236403
concat,best,75,test,V2X/Overall_BEV_hard,81.03580184771226
concat,best,75,test_deduplicated,V2X/Vehicle_3D_easy_strict,86.6870235064084
concat,best,75,test_deduplicated,V2X/Vehicle_BEV_easy_strict,92.83760990671426
concat,best,75,test_deduplicated,V2X/Vehicle_3D_moderate_strict,81.52462014670908
concat,best,75,test_deduplicated,V2X/Vehicle_BEV_moderate_strict,90.23077197270752
concat,best,75,test_deduplicated,V2X/Vehicle_3D_hard_strict,80.9141272405634
concat,best,75,test_deduplicated,V2X/Vehicle_BEV_hard_strict,89.71881554456515
concat,best,75,test_deduplicated,V2X/Vehicle_3D_easy_loose,94.96295387629436
concat,best,75,test_deduplicated,V2X/Vehicle_BEV_easy_loose,95.73740544427643
concat,best,75,test_deduplicated,V2X/Vehicle_3D_moderate_loose,93.30143355456684
concat,best,75,test_deduplicated,V2X/Vehicle_BEV_moderate_loose,94.33093796795951
concat,best,75,test_deduplicated,V2X/Vehicle_3D_hard_loose,93.04577079821999
concat,best,75,test_deduplicated,V2X/Vehicle_BEV_hard_loose,94.04100097681562
concat,best,75,test_deduplicated,V2X/Pedestrian_3D_easy_strict,66.46757476563022
concat,best,75,test_deduplicated,V2X/Pedestrian_BEV_easy_strict,70.68283044378842
concat,best,75,test_deduplicated,V2X/Pedestrian_3D_moderate_strict,65.8102255288857
concat,best,75,test_deduplicated,V2X/Pedestrian_BEV_moderate_strict,70.07061977717606
concat,best,75,test_deduplicated,V2X/Pedestrian_3D_hard_strict,65.80711669724464
concat,best,75,test_deduplicated,V2X/Pedestrian_BEV_hard_strict,70.03768857306738
concat,best,75,test_deduplicated,V2X/Pedestrian_3D_easy_loose,83.0669484846799
concat,best,75,test_deduplicated,V2X/Pedestrian_BEV_easy_loose,83.29324927166459
concat,best,75,test_deduplicated,V2X/Pedestrian_3D_moderate_loose,81.51407793245254
concat,best,75,test_deduplicated,V2X/Pedestrian_BEV_moderate_loose,81.76564436256093
concat,best,75,test_deduplicated,V2X/Pedestrian_3D_hard_loose,81.51993715172894
concat,best,75,test_deduplicated,V2X/Pedestrian_BEV_hard_loose,81.73685090535501
concat,best,75,test_deduplicated,V2X/Cyclist_3D_easy_strict,83.06818317257634
concat,best,75,test_deduplicated,V2X/Cyclist_BEV_easy_strict,85.3449418156184
concat,best,75,test_deduplicated,V2X/Cyclist_3D_moderate_strict,79.97990493454591
concat,best,75,test_deduplicated,V2X/Cyclist_BEV_moderate_strict,83.48647552002195
concat,best,75,test_deduplicated,V2X/Cyclist_3D_hard_strict,79.8884581922962
concat,best,75,test_deduplicated,V2X/Cyclist_BEV_hard_strict,83.40689360366913
concat,best,75,test_deduplicated,V2X/Cyclist_3D_easy_loose,92.04667801985109
concat,best,75,test_deduplicated,V2X/Cyclist_BEV_easy_loose,92.20458258299729
concat,best,75,test_deduplicated,V2X/Cyclist_3D_moderate_loose,90.43283266366757
concat,best,75,test_deduplicated,V2X/Cyclist_BEV_moderate_loose,90.75059757413977
concat,best,75,test_deduplicated,V2X/Cyclist_3D_hard_loose,90.35705063488267
concat,best,75,test_deduplicated,V2X/Cyclist_BEV_hard_loose,90.66438479451287
concat,best,75,test_deduplicated,V2X/Overall_3D_easy,78.74092714820499
concat,best,75,test_deduplicated,V2X/Overall_BEV_easy,82.95512738870703
concat,best,75,test_deduplicated,V2X/Overall_3D_moderate,75.77158353671356
concat,best,75,test_deduplicated,V2X/Overall_BEV_moderate,81.26262242330183
concat,best,75,test_deduplicated,V2X/Overall_3D_hard,75.5365673767014
concat,best,75,test_deduplicated,V2X/Overall_BEV_hard,81.05446590710055
concat,last,80,val,V2X/Vehicle_3D_easy_strict,87.31158664600814
concat,last,80,val,V2X/Vehicle_BEV_easy_strict,93.1050261852581
concat,last,80,val,V2X/Vehicle_3D_moderate_strict,81.39696001488886
concat,last,80,val,V2X/Vehicle_BEV_moderate_strict,90.72035807433313
concat,last,80,val,V2X/Vehicle_3D_hard_strict,80.41285732237716
concat,last,80,val,V2X/Vehicle_BEV_hard_strict,89.48948282507037
concat,last,80,val,V2X/Vehicle_3D_easy_loose,95.04976418075324
concat,last,80,val,V2X/Vehicle_BEV_easy_loose,95.63654604722315
concat,last,80,val,V2X/Vehicle_3D_moderate_loose,93.59379930555347
concat,last,80,val,V2X/Vehicle_BEV_moderate_loose,94.51852454624212
concat,last,80,val,V2X/Vehicle_3D_hard_loose,93.1316823124124
concat,last,80,val,V2X/Vehicle_BEV_hard_loose,93.59332283969884
concat,last,80,val,V2X/Pedestrian_3D_easy_strict,64.25903906843882
concat,last,80,val,V2X/Pedestrian_BEV_easy_strict,68.61079207187372
concat,last,80,val,V2X/Pedestrian_3D_moderate_strict,62.097962820017386
concat,last,80,val,V2X/Pedestrian_BEV_moderate_strict,66.81398276907251
concat,last,80,val,V2X/Pedestrian_3D_hard_strict,61.887284440620796
concat,last,80,val,V2X/Pedestrian_BEV_hard_strict,66.62873351855494
concat,last,80,val,V2X/Pedestrian_3D_easy_loose,81.55879907998983
concat,last,80,val,V2X/Pedestrian_BEV_easy_loose,81.86889304089459
concat,last,80,val,V2X/Pedestrian_3D_moderate_loose,78.97940677022434
concat,last,80,val,V2X/Pedestrian_BEV_moderate_loose,79.37583376243671
concat,last,80,val,V2X/Pedestrian_3D_hard_loose,78.8210470670776
concat,last,80,val,V2X/Pedestrian_BEV_hard_loose,79.23729135045234
concat,last,80,val,V2X/Cyclist_3D_easy_strict,82.00590603444134
concat,last,80,val,V2X/Cyclist_BEV_easy_strict,84.28909314024273
concat,last,80,val,V2X/Cyclist_3D_moderate_strict,79.36143760334754
concat,last,80,val,V2X/Cyclist_BEV_moderate_strict,82.9159620445058
concat,last,80,val,V2X/Cyclist_3D_hard_strict,79.33313054143679
concat,last,80,val,V2X/Cyclist_BEV_hard_strict,82.91790850857552
concat,last,80,val,V2X/Cyclist_3D_easy_loose,90.23034030973231
concat,last,80,val,V2X/Cyclist_BEV_easy_loose,90.4696620191061
concat,last,80,val,V2X/Cyclist_3D_moderate_loose,88.69400894466276
concat,last,80,val,V2X/Cyclist_BEV_moderate_loose,88.97597878136034
concat,last,80,val,V2X/Cyclist_3D_hard_loose,88.72360984665599
concat,last,80,val,V2X/Cyclist_BEV_hard_loose,89.01720681274534
concat,last,80,val,V2X/Overall_3D_easy,77.85884391629611
concat,last,80,val,V2X/Overall_BEV_easy,82.00163713245819
concat,last,80,val,V2X/Overall_3D_moderate,74.28545347941792
concat,last,80,val,V2X/Overall_BEV_moderate,80.15010096263715
concat,last,80,val,V2X/Overall_3D_hard,73.87775743481158
concat,last,80,val,V2X/Overall_BEV_hard,79.67870828406694
concat,last,80,val_deduplicated,V2X/Vehicle_3D_easy_strict,87.29478360149434
concat,last,80,val_deduplicated,V2X/Vehicle_BEV_easy_strict,93.09162131907293
concat,last,80,val_deduplicated,V2X/Vehicle_3D_moderate_strict,81.38381298467647
concat,last,80,val_deduplicated,V2X/Vehicle_BEV_moderate_strict,90.69564526685531
concat,last,80,val_deduplicated,V2X/Vehicle_3D_hard_strict,80.33034842373618
concat,last,80,val_deduplicated,V2X/Vehicle_BEV_hard_strict,89.33906492889164
concat,last,80,val_deduplicated,V2X/Vehicle_3D_easy_loose,94.9069319926642
concat,last,80,val_deduplicated,V2X/Vehicle_BEV_easy_loose,95.54614702662676
concat,last,80,val_deduplicated,V2X/Vehicle_3D_moderate_loose,93.57695109409845
concat,last,80,val_deduplicated,V2X/Vehicle_BEV_moderate_loose,94.47835321994677
concat,last,80,val_deduplicated,V2X/Vehicle_3D_hard_loose,93.09882204042785
concat,last,80,val_deduplicated,V2X/Vehicle_BEV_hard_loose,93.5707356430848
concat,last,80,val_deduplicated,V2X/Pedestrian_3D_easy_strict,64.23905648206451
concat,last,80,val_deduplicated,V2X/Pedestrian_BEV_easy_strict,68.5922325439681
concat,last,80,val_deduplicated,V2X/Pedestrian_3D_moderate_strict,61.97450349645681
concat,last,80,val_deduplicated,V2X/Pedestrian_BEV_moderate_strict,66.64389345160527
concat,last,80,val_deduplicated,V2X/Pedestrian_3D_hard_strict,61.75378523893752
concat,last,80,val_deduplicated,V2X/Pedestrian_BEV_hard_strict,66.52470449851377
concat,last,80,val_deduplicated,V2X/Pedestrian_3D_easy_loose,81.59000268635297
concat,last,80,val_deduplicated,V2X/Pedestrian_BEV_easy_loose,81.88697828887776
concat,last,80,val_deduplicated,V2X/Pedestrian_3D_moderate_loose,78.95420697193643
concat,last,80,val_deduplicated,V2X/Pedestrian_BEV_moderate_loose,79.33231766339414
concat,last,80,val_deduplicated,V2X/Pedestrian_3D_hard_loose,78.75100190653342
concat,last,80,val_deduplicated,V2X/Pedestrian_BEV_hard_loose,79.17567491318373
concat,last,80,val_deduplicated,V2X/Cyclist_3D_easy_strict,82.01023246281709
concat,last,80,val_deduplicated,V2X/Cyclist_BEV_easy_strict,84.29162450696963
concat,last,80,val_deduplicated,V2X/Cyclist_3D_moderate_strict,79.34054008895622
concat,last,80,val_deduplicated,V2X/Cyclist_BEV_moderate_strict,82.89780360798375
concat,last,80,val_deduplicated,V2X/Cyclist_3D_hard_strict,79.32791184692792
concat,last,80,val_deduplicated,V2X/Cyclist_BEV_hard_strict,82.86859350538762
concat,last,80,val_deduplicated,V2X/Cyclist_3D_easy_loose,90.23517493490345
concat,last,80,val_deduplicated,V2X/Cyclist_BEV_easy_loose,90.47495879098398
concat,last,80,val_deduplicated,V2X/Cyclist_3D_moderate_loose,88.69373503529383
concat,last,80,val_deduplicated,V2X/Cyclist_BEV_moderate_loose,88.99714454666118
concat,last,80,val_deduplicated,V2X/Cyclist_3D_hard_loose,88.7083949512369
concat,last,80,val_deduplicated,V2X/Cyclist_BEV_hard_loose,89.00712903610267
concat,last,80,val_deduplicated,V2X/Overall_3D_easy,77.84802418212531
concat,last,80,val_deduplicated,V2X/Overall_BEV_easy,81.99182612333688
concat,last,80,val_deduplicated,V2X/Overall_3D_moderate,74.23295219002983
concat,last,80,val_deduplicated,V2X/Overall_BEV_moderate,80.07911410881478
concat,last,80,val_deduplicated,V2X/Overall_3D_hard,73.80401516986721
concat,last,80,val_deduplicated,V2X/Overall_BEV_hard,79.57745431093102
concat,last,80,test,V2X/Vehicle_3D_easy_strict,86.57952603552623
concat,last,80,test,V2X/Vehicle_BEV_easy_strict,92.89128934985624
concat,last,80,test,V2X/Vehicle_3D_moderate_strict,81.60611610217315
concat,last,80,test,V2X/Vehicle_BEV_moderate_strict,90.28592779329452
concat,last,80,test,V2X/Vehicle_3D_hard_strict,80.85990157168624
concat,last,80,test,V2X/Vehicle_BEV_hard_strict,89.49944935452992
concat,last,80,test,V2X/Vehicle_3D_easy_loose,95.13289544355091
concat,last,80,test,V2X/Vehicle_BEV_easy_loose,95.79205275876726
concat,last,80,test,V2X/Vehicle_3D_moderate_loose,93.39288693727026
concat,last,80,test,V2X/Vehicle_BEV_moderate_loose,94.15966387886287
concat,last,80,test,V2X/Vehicle_3D_hard_loose,93.18262903662821
concat,last,80,test,V2X/Vehicle_BEV_hard_loose,93.92507142544501
concat,last,80,test,V2X/Pedestrian_3D_easy_strict,66.46034276869133
concat,last,80,test,V2X/Pedestrian_BEV_easy_strict,70.32900380267682
concat,last,80,test,V2X/Pedestrian_3D_moderate_strict,65.60834217182742
concat,last,80,test,V2X/Pedestrian_BEV_moderate_strict,70.01812082507227
concat,last,80,test,V2X/Pedestrian_3D_hard_strict,65.58021582097298
concat,last,80,test,V2X/Pedestrian_BEV_hard_strict,69.95806247076438
concat,last,80,test,V2X/Pedestrian_3D_easy_loose,82.84233200964302
concat,last,80,test,V2X/Pedestrian_BEV_easy_loose,83.20071631143533
concat,last,80,test,V2X/Pedestrian_3D_moderate_loose,81.4011233092704
concat,last,80,test,V2X/Pedestrian_BEV_moderate_loose,81.84013721786356
concat,last,80,test,V2X/Pedestrian_3D_hard_loose,81.3923634466572
concat,last,80,test,V2X/Pedestrian_BEV_hard_loose,81.81476319534184
concat,last,80,test,V2X/Cyclist_3D_easy_strict,83.27297360082704
concat,last,80,test,V2X/Cyclist_BEV_easy_strict,85.53658272979838
concat,last,80,test,V2X/Cyclist_3D_moderate_strict,79.96251640096477
concat,last,80,test,V2X/Cyclist_BEV_moderate_strict,83.8551359114744
concat,last,80,test,V2X/Cyclist_3D_hard_strict,79.88606960148618
concat,last,80,test,V2X/Cyclist_BEV_hard_strict,83.81011234241902
concat,last,80,test,V2X/Cyclist_3D_easy_loose,91.8431077732642
concat,last,80,test,V2X/Cyclist_BEV_easy_loose,92.09917139123476
concat,last,80,test,V2X/Cyclist_3D_moderate_loose,90.43816887457865
concat,last,80,test,V2X/Cyclist_BEV_moderate_loose,90.64117117268374
concat,last,80,test,V2X/Cyclist_3D_hard_loose,90.32766634898042
concat,last,80,test,V2X/Cyclist_BEV_hard_loose,90.55809050787522
concat,last,80,test,V2X/Overall_3D_easy,78.77094746834821
concat,last,80,test,V2X/Overall_BEV_easy,82.91895862744381
concat,last,80,test,V2X/Overall_3D_moderate,75.72565822498844
concat,last,80,test,V2X/Overall_BEV_moderate,81.3863948432804
concat,last,80,test,V2X/Overall_3D_hard,75.44206233138179
concat,last,80,test,V2X/Overall_BEV_hard,81.08920805590444
concat,last,80,test_deduplicated,V2X/Vehicle_3D_easy_strict,86.57430085314468
concat,last,80,test_deduplicated,V2X/Vehicle_BEV_easy_strict,92.91630380098613
concat,last,80,test_deduplicated,V2X/Vehicle_3D_moderate_strict,81.60963554005845
concat,last,80,test_deduplicated,V2X/Vehicle_BEV_moderate_strict,90.24484694564528
concat,last,80,test_deduplicated,V2X/Vehicle_3D_hard_strict,80.9252422242882
concat,last,80,test_deduplicated,V2X/Vehicle_BEV_hard_strict,89.39225388393923
concat,last,80,test_deduplicated,V2X/Vehicle_3D_easy_loose,95.22159991996855
concat,last,80,test_deduplicated,V2X/Vehicle_BEV_easy_loose,95.80131390348573
concat,last,80,test_deduplicated,V2X/Vehicle_3D_moderate_loose,93.38198090316556
concat,last,80,test_deduplicated,V2X/Vehicle_BEV_moderate_loose,94.17737219010732
concat,last,80,test_deduplicated,V2X/Vehicle_3D_hard_loose,93.15835789262621
concat,last,80,test_deduplicated,V2X/Vehicle_BEV_hard_loose,93.91429605983907
concat,last,80,test_deduplicated,V2X/Pedestrian_3D_easy_strict,66.4754620824995
concat,last,80,test_deduplicated,V2X/Pedestrian_BEV_easy_strict,70.34429731211259
concat,last,80,test_deduplicated,V2X/Pedestrian_3D_moderate_strict,65.70122811374472
concat,last,80,test_deduplicated,V2X/Pedestrian_BEV_moderate_strict,70.13097617366098
concat,last,80,test_deduplicated,V2X/Pedestrian_3D_hard_strict,65.67024233210064
concat,last,80,test_deduplicated,V2X/Pedestrian_BEV_hard_strict,70.10734751641901
concat,last,80,test_deduplicated,V2X/Pedestrian_3D_easy_loose,82.88678143478755
concat,last,80,test_deduplicated,V2X/Pedestrian_BEV_easy_loose,83.24716933279458
concat,last,80,test_deduplicated,V2X/Pedestrian_3D_moderate_loose,81.46061941519874
concat,last,80,test_deduplicated,V2X/Pedestrian_BEV_moderate_loose,81.91047947890135
concat,last,80,test_deduplicated,V2X/Pedestrian_3D_hard_loose,81.46210287562346
concat,last,80,test_deduplicated,V2X/Pedestrian_BEV_hard_loose,81.88205528528586
concat,last,80,test_deduplicated,V2X/Cyclist_3D_easy_strict,83.31561280957128
concat,last,80,test_deduplicated,V2X/Cyclist_BEV_easy_strict,85.56476017568656
concat,last,80,test_deduplicated,V2X/Cyclist_3D_moderate_strict,79.98754860006945
concat,last,80,test_deduplicated,V2X/Cyclist_BEV_moderate_strict,83.85317183603058
concat,last,80,test_deduplicated,V2X/Cyclist_3D_hard_strict,79.92116155108586
concat,last,80,test_deduplicated,V2X/Cyclist_BEV_hard_strict,83.81830266270345
concat,last,80,test_deduplicated,V2X/Cyclist_3D_easy_loose,91.8904398109323
concat,last,80,test_deduplicated,V2X/Cyclist_BEV_easy_loose,92.14980787426245
concat,last,80,test_deduplicated,V2X/Cyclist_3D_moderate_loose,90.45037550844683
concat,last,80,test_deduplicated,V2X/Cyclist_BEV_moderate_loose,90.68329134191029
concat,last,80,test_deduplicated,V2X/Cyclist_3D_hard_loose,90.36509488735061
concat,last,80,test_deduplicated,V2X/Cyclist_BEV_hard_loose,90.59801465909104
concat,last,80,test_deduplicated,V2X/Overall_3D_easy,78.7884585817385
concat,last,80,test_deduplicated,V2X/Overall_BEV_easy,82.94178709626176
concat,last,80,test_deduplicated,V2X/Overall_3D_moderate,75.76613741795752
concat,last,80,test_deduplicated,V2X/Overall_BEV_moderate,81.40966498511229
concat,last,80,test_deduplicated,V2X/Overall_3D_hard,75.50554870249157
concat,last,80,test_deduplicated,V2X/Overall_BEV_hard,81.10596802102056
patch,best,75,val,V2X/Vehicle_3D_easy_strict,87.52551200892256
patch,best,75,val,V2X/Vehicle_BEV_easy_strict,92.4278887049846
patch,best,75,val,V2X/Vehicle_3D_moderate_strict,80.36847976148226
patch,best,75,val,V2X/Vehicle_BEV_moderate_strict,89.9054838967414
patch,best,75,val,V2X/Vehicle_3D_hard_strict,78.3730461594127
patch,best,75,val,V2X/Vehicle_BEV_hard_strict,88.16157796179787
patch,best,75,val,V2X/Vehicle_3D_easy_loose,94.40439155766101
patch,best,75,val,V2X/Vehicle_BEV_easy_loose,95.53623430840477
patch,best,75,val,V2X/Vehicle_3D_moderate_loose,93.3234339055787
patch,best,75,val,V2X/Vehicle_BEV_moderate_loose,94.6751821321375
patch,best,75,val,V2X/Vehicle_3D_hard_loose,92.68646635174026
patch,best,75,val,V2X/Vehicle_BEV_hard_loose,93.5328658073981
patch,best,75,val,V2X/Pedestrian_3D_easy_strict,60.54482291316251
patch,best,75,val,V2X/Pedestrian_BEV_easy_strict,65.2106308043053
patch,best,75,val,V2X/Pedestrian_3D_moderate_strict,59.05073990042524
patch,best,75,val,V2X/Pedestrian_BEV_moderate_strict,63.85117979571664
patch,best,75,val,V2X/Pedestrian_3D_hard_strict,59.0058344323497
patch,best,75,val,V2X/Pedestrian_BEV_hard_strict,63.854605497191955
patch,best,75,val,V2X/Pedestrian_3D_easy_loose,79.40808866421742
patch,best,75,val,V2X/Pedestrian_BEV_easy_loose,79.86088174861594
patch,best,75,val,V2X/Pedestrian_3D_moderate_loose,77.43954795497076
patch,best,75,val,V2X/Pedestrian_BEV_moderate_loose,77.84229536700164
patch,best,75,val,V2X/Pedestrian_3D_hard_loose,77.35108104321503
patch,best,75,val,V2X/Pedestrian_BEV_hard_loose,77.76768361939443
patch,best,75,val,V2X/Cyclist_3D_easy_strict,82.83636510386503
patch,best,75,val,V2X/Cyclist_BEV_easy_strict,84.9775284848556
patch,best,75,val,V2X/Cyclist_3D_moderate_strict,78.98574399339967
patch,best,75,val,V2X/Cyclist_BEV_moderate_strict,81.99033931411715
patch,best,75,val,V2X/Cyclist_3D_hard_strict,78.86826170637985
patch,best,75,val,V2X/Cyclist_BEV_hard_strict,81.93082475999958
patch,best,75,val,V2X/Cyclist_3D_easy_loose,90.31022223721679
patch,best,75,val,V2X/Cyclist_BEV_easy_loose,90.38014863862087
patch,best,75,val,V2X/Cyclist_3D_moderate_loose,88.40301935948058
patch,best,75,val,V2X/Cyclist_BEV_moderate_loose,88.55752945033174
patch,best,75,val,V2X/Cyclist_3D_hard_loose,88.45003149711145
patch,best,75,val,V2X/Cyclist_BEV_hard_loose,88.59052360993878
patch,best,75,val,V2X/Overall_3D_easy,76.96890000865004
patch,best,75,val,V2X/Overall_BEV_easy,80.8720159980485
patch,best,75,val,V2X/Overall_3D_moderate,72.80165455176906
patch,best,75,val,V2X/Overall_BEV_moderate,78.58233433552506
patch,best,75,val,V2X/Overall_3D_hard,72.08238076604742
patch,best,75,val,V2X/Overall_BEV_hard,77.98233607299646
patch,best,75,val_deduplicated,V2X/Vehicle_3D_easy_strict,87.52340202167326
patch,best,75,val_deduplicated,V2X/Vehicle_BEV_easy_strict,92.41610374393278
patch,best,75,val_deduplicated,V2X/Vehicle_3D_moderate_strict,80.39228508842238
patch,best,75,val_deduplicated,V2X/Vehicle_BEV_moderate_strict,89.83254086775894
patch,best,75,val_deduplicated,V2X/Vehicle_3D_hard_strict,78.322056654921
patch,best,75,val_deduplicated,V2X/Vehicle_BEV_hard_strict,88.10565008562648
patch,best,75,val_deduplicated,V2X/Vehicle_3D_easy_loose,94.1309100344714
patch,best,75,val_deduplicated,V2X/Vehicle_BEV_easy_loose,95.50379104779202
patch,best,75,val_deduplicated,V2X/Vehicle_3D_moderate_loose,93.32189198430206
patch,best,75,val_deduplicated,V2X/Vehicle_BEV_moderate_loose,94.6426028711986
patch,best,75,val_deduplicated,V2X/Vehicle_3D_hard_loose,92.67107381047516
patch,best,75,val_deduplicated,V2X/Vehicle_BEV_hard_loose,93.5061335715317
patch,best,75,val_deduplicated,V2X/Pedestrian_3D_easy_strict,60.49399052633259
patch,best,75,val_deduplicated,V2X/Pedestrian_BEV_easy_strict,65.18196818997573
patch,best,75,val_deduplicated,V2X/Pedestrian_3D_moderate_strict,58.914522844687525
patch,best,75,val_deduplicated,V2X/Pedestrian_BEV_moderate_strict,63.74436722618919
patch,best,75,val_deduplicated,V2X/Pedestrian_3D_hard_strict,58.906316607112196
patch,best,75,val_deduplicated,V2X/Pedestrian_BEV_hard_strict,63.73178678677183
patch,best,75,val_deduplicated,V2X/Pedestrian_3D_easy_loose,79.42083875244288
patch,best,75,val_deduplicated,V2X/Pedestrian_BEV_easy_loose,79.87093952407069
patch,best,75,val_deduplicated,V2X/Pedestrian_3D_moderate_loose,77.4020078136657
patch,best,75,val_deduplicated,V2X/Pedestrian_BEV_moderate_loose,77.79385882177897
patch,best,75,val_deduplicated,V2X/Pedestrian_3D_hard_loose,77.30565081390066
patch,best,75,val_deduplicated,V2X/Pedestrian_BEV_hard_loose,77.7342841805006
patch,best,75,val_deduplicated,V2X/Cyclist_3D_easy_strict,82.84355809020325
patch,best,75,val_deduplicated,V2X/Cyclist_BEV_easy_strict,84.98873801984905
patch,best,75,val_deduplicated,V2X/Cyclist_3D_moderate_strict,78.97325732468887
patch,best,75,val_deduplicated,V2X/Cyclist_BEV_moderate_strict,81.99051549771595
patch,best,75,val_deduplicated,V2X/Cyclist_3D_hard_strict,78.85381922980483
patch,best,75,val_deduplicated,V2X/Cyclist_BEV_hard_strict,81.92870446032006
patch,best,75,val_deduplicated,V2X/Cyclist_3D_easy_loose,90.32189364954057
patch,best,75,val_deduplicated,V2X/Cyclist_BEV_easy_loose,90.39198217578547
patch,best,75,val_deduplicated,V2X/Cyclist_3D_moderate_loose,88.42743691710935
patch,best,75,val_deduplicated,V2X/Cyclist_BEV_moderate_loose,88.59670743681791
patch,best,75,val_deduplicated,V2X/Cyclist_3D_hard_loose,88.46027422323431
patch,best,75,val_deduplicated,V2X/Cyclist_BEV_hard_loose,88.60210611475338
patch,best,75,val_deduplicated,V2X/Overall_3D_easy,76.95365021273636
patch,best,75,val_deduplicated,V2X/Overall_BEV_easy,80.86226998458585
patch,best,75,val_deduplicated,V2X/Overall_3D_moderate,72.76002175259958
patch,best,75,val_deduplicated,V2X/Overall_BEV_moderate,78.52247453055469
patch,best,75,val_deduplicated,V2X/Overall_3D_hard,72.02739749727934
patch,best,75,val_deduplicated,V2X/Overall_BEV_hard,77.92204711090612
patch,best,75,test,V2X/Vehicle_3D_easy_strict,86.23442551980014
patch,best,75,test,V2X/Vehicle_BEV_easy_strict,92.82346302122473
patch,best,75,test,V2X/Vehicle_3D_moderate_strict,78.53947062486439
patch,best,75,test,V2X/Vehicle_BEV_moderate_strict,88.48441668853866
patch,best,75,test,V2X/Vehicle_3D_hard_strict,78.05584355529207
patch,best,75,test,V2X/Vehicle_BEV_hard_strict,88.0058856833815
patch,best,75,test,V2X/Vehicle_3D_easy_loose,95.0553872229152
patch,best,75,test,V2X/Vehicle_BEV_easy_loose,95.7444107735478
patch,best,75,test,V2X/Vehicle_3D_moderate_loose,93.2121200836035
patch,best,75,test,V2X/Vehicle_BEV_moderate_loose,94.18809957036662
patch,best,75,test,V2X/Vehicle_3D_hard_loose,92.9957000233502
patch,best,75,test,V2X/Vehicle_BEV_hard_loose,93.7039323251667
patch,best,75,test,V2X/Pedestrian_3D_easy_strict,59.55615189750594
patch,best,75,test,V2X/Pedestrian_BEV_easy_strict,63.7829498301836
patch,best,75,test,V2X/Pedestrian_3D_moderate_strict,58.840088104333546
patch,best,75,test,V2X/Pedestrian_BEV_moderate_strict,63.46875090871566
patch,best,75,test,V2X/Pedestrian_3D_hard_strict,58.83302904700134
patch,best,75,test,V2X/Pedestrian_BEV_hard_strict,63.52731548987693
patch,best,75,test,V2X/Pedestrian_3D_easy_loose,79.94745753289163
patch,best,75,test,V2X/Pedestrian_BEV_easy_loose,80.53935465486649
patch,best,75,test,V2X/Pedestrian_3D_moderate_loose,78.76506776980744
patch,best,75,test,V2X/Pedestrian_BEV_moderate_loose,79.34735240434058
patch,best,75,test,V2X/Pedestrian_3D_hard_loose,78.76179347732368
patch,best,75,test,V2X/Pedestrian_BEV_hard_loose,79.34502669863812
patch,best,75,test,V2X/Cyclist_3D_easy_strict,82.29308786770959
patch,best,75,test,V2X/Cyclist_BEV_easy_strict,85.00979309768846
patch,best,75,test,V2X/Cyclist_3D_moderate_strict,79.01077429281666
patch,best,75,test,V2X/Cyclist_BEV_moderate_strict,82.47793755794903
patch,best,75,test,V2X/Cyclist_3D_hard_strict,78.94126083621929
patch,best,75,test,V2X/Cyclist_BEV_hard_strict,82.4275300236027
patch,best,75,test,V2X/Cyclist_3D_easy_loose,91.12982975256406
patch,best,75,test,V2X/Cyclist_BEV_easy_loose,91.27770533869688
patch,best,75,test,V2X/Cyclist_3D_moderate_loose,89.2518191868169
patch,best,75,test,V2X/Cyclist_BEV_moderate_loose,89.33687258356603
patch,best,75,test,V2X/Cyclist_3D_hard_loose,89.14299523117275
patch,best,75,test,V2X/Cyclist_BEV_hard_loose,89.27181754086935
patch,best,75,test,V2X/Overall_3D_easy,76.02788842833856
patch,best,75,test,V2X/Overall_BEV_easy,80.53873531636559
patch,best,75,test,V2X/Overall_3D_moderate,72.1301110073382
patch,best,75,test,V2X/Overall_BEV_moderate,78.14370171840112
patch,best,75,test,V2X/Overall_3D_hard,71.94337781283757
patch,best,75,test,V2X/Overall_BEV_hard,77.98691039895373
patch,best,75,test_deduplicated,V2X/Vehicle_3D_easy_strict,86.23963907049394
patch,best,75,test_deduplicated,V2X/Vehicle_BEV_easy_strict,92.84981466206574
patch,best,75,test_deduplicated,V2X/Vehicle_3D_moderate_strict,78.57488574664727
patch,best,75,test_deduplicated,V2X/Vehicle_BEV_moderate_strict,88.6144741543632
patch,best,75,test_deduplicated,V2X/Vehicle_3D_hard_strict,78.17622267291424
patch,best,75,test_deduplicated,V2X/Vehicle_BEV_hard_strict,88.02601190100245
patch,best,75,test_deduplicated,V2X/Vehicle_3D_easy_loose,95.21364727252062
patch,best,75,test_deduplicated,V2X/Vehicle_BEV_easy_loose,95.84261852835778
patch,best,75,test_deduplicated,V2X/Vehicle_3D_moderate_loose,93.20401187757474
patch,best,75,test_deduplicated,V2X/Vehicle_BEV_moderate_loose,94.10829456504469
patch,best,75,test_deduplicated,V2X/Vehicle_3D_hard_loose,92.98932481730861
patch,best,75,test_deduplicated,V2X/Vehicle_BEV_hard_loose,93.67963992259394
patch,best,75,test_deduplicated,V2X/Pedestrian_3D_easy_strict,59.55595014320212
patch,best,75,test_deduplicated,V2X/Pedestrian_BEV_easy_strict,63.77112325735946
patch,best,75,test_deduplicated,V2X/Pedestrian_3D_moderate_strict,58.92541088099412
patch,best,75,test_deduplicated,V2X/Pedestrian_BEV_moderate_strict,63.50463528294951
patch,best,75,test_deduplicated,V2X/Pedestrian_3D_hard_strict,58.93888050866665
patch,best,75,test_deduplicated,V2X/Pedestrian_BEV_hard_strict,63.564206356096655
patch,best,75,test_deduplicated,V2X/Pedestrian_3D_easy_loose,79.96143033967836
patch,best,75,test_deduplicated,V2X/Pedestrian_BEV_easy_loose,80.56028558213937
patch,best,75,test_deduplicated,V2X/Pedestrian_3D_moderate_loose,78.84659721104346
patch,best,75,test_deduplicated,V2X/Pedestrian_BEV_moderate_loose,79.4292117678765
patch,best,75,test_deduplicated,V2X/Pedestrian_3D_hard_loose,78.83049246997469
patch,best,75,test_deduplicated,V2X/Pedestrian_BEV_hard_loose,79.43579293507764
patch,best,75,test_deduplicated,V2X/Cyclist_3D_easy_strict,82.30207212422117
patch,best,75,test_deduplicated,V2X/Cyclist_BEV_easy_strict,84.95212179490174
patch,best,75,test_deduplicated,V2X/Cyclist_3D_moderate_strict,79.01757792016681
patch,best,75,test_deduplicated,V2X/Cyclist_BEV_moderate_strict,82.49801470923464
patch,best,75,test_deduplicated,V2X/Cyclist_3D_hard_strict,78.9432893576205
patch,best,75,test_deduplicated,V2X/Cyclist_BEV_hard_strict,82.4443780942706
patch,best,75,test_deduplicated,V2X/Cyclist_3D_easy_loose,91.17209041307268
patch,best,75,test_deduplicated,V2X/Cyclist_BEV_easy_loose,91.31301867068665
patch,best,75,test_deduplicated,V2X/Cyclist_3D_moderate_loose,89.29236169756433
patch,best,75,test_deduplicated,V2X/Cyclist_BEV_moderate_loose,89.42191211650068
patch,best,75,test_deduplicated,V2X/Cyclist_3D_hard_loose,89.1983777960162
patch,best,75,test_deduplicated,V2X/Cyclist_BEV_hard_loose,89.35515702263255
patch,best,75,test_deduplicated,V2X/Overall_3D_easy,76.03255377930573
patch,best,75,test_deduplicated,V2X/Overall_BEV_easy,80.52435323810899
patch,best,75,test_deduplicated,V2X/Overall_3D_moderate,72.1726248492694
patch,best,75,test_deduplicated,V2X/Overall_BEV_moderate,78.20570804884912
patch,best,75,test_deduplicated,V2X/Overall_3D_hard,72.01946417973379
patch,best,75,test_deduplicated,V2X/Overall_BEV_hard,78.01153211712324
patch,last,80,val,V2X/Vehicle_3D_easy_strict,87.05617019509792
patch,last,80,val,V2X/Vehicle_BEV_easy_strict,91.40468800485743
patch,last,80,val,V2X/Vehicle_3D_moderate_strict,79.68654428772297
patch,last,80,val,V2X/Vehicle_BEV_moderate_strict,89.78946921098176
patch,last,80,val,V2X/Vehicle_3D_hard_strict,78.11795844752506
patch,last,80,val,V2X/Vehicle_BEV_hard_strict,88.17450296539727
patch,last,80,val,V2X/Vehicle_3D_easy_loose,94.11278023805497
patch,last,80,val,V2X/Vehicle_BEV_easy_loose,95.39807850536232
patch,last,80,val,V2X/Vehicle_3D_moderate_loose,93.29024136067797
patch,last,80,val,V2X/Vehicle_BEV_moderate_loose,94.71608015768332
patch,last,80,val,V2X/Vehicle_3D_hard_loose,92.55384839517646
patch,last,80,val,V2X/Vehicle_BEV_hard_loose,93.59012529254059
patch,last,80,val,V2X/Pedestrian_3D_easy_strict,60.056821953045734
patch,last,80,val,V2X/Pedestrian_BEV_easy_strict,65.08640490446413
patch,last,80,val,V2X/Pedestrian_3D_moderate_strict,58.52557167909064
patch,last,80,val,V2X/Pedestrian_BEV_moderate_strict,63.69136854729286
patch,last,80,val,V2X/Pedestrian_3D_hard_strict,58.40018718317067
patch,last,80,val,V2X/Pedestrian_BEV_hard_strict,63.68473706716687
patch,last,80,val,V2X/Pedestrian_3D_easy_loose,79.7011964292741
patch,last,80,val,V2X/Pedestrian_BEV_easy_loose,80.29276921732776
patch,last,80,val,V2X/Pedestrian_3D_moderate_loose,77.47298727805094
patch,last,80,val,V2X/Pedestrian_BEV_moderate_loose,78.13375531597214
patch,last,80,val,V2X/Pedestrian_3D_hard_loose,77.39833131117811
patch,last,80,val,V2X/Pedestrian_BEV_hard_loose,78.0826397916439
patch,last,80,val,V2X/Cyclist_3D_easy_strict,82.49451063971959
patch,last,80,val,V2X/Cyclist_BEV_easy_strict,84.87970018910904
patch,last,80,val,V2X/Cyclist_3D_moderate_strict,78.68659855322615
patch,last,80,val,V2X/Cyclist_BEV_moderate_strict,82.08781012302269
patch,last,80,val,V2X/Cyclist_3D_hard_strict,78.5520487184337
patch,last,80,val,V2X/Cyclist_BEV_hard_strict,81.98872255985317
patch,last,80,val,V2X/Cyclist_3D_easy_loose,90.14336961217998
patch,last,80,val,V2X/Cyclist_BEV_easy_loose,90.24578870351144
patch,last,80,val,V2X/Cyclist_3D_moderate_loose,88.27087453445507
patch,last,80,val,V2X/Cyclist_BEV_moderate_loose,88.42775850047533
patch,last,80,val,V2X/Cyclist_3D_hard_loose,88.30187963991722
patch,last,80,val,V2X/Cyclist_BEV_hard_loose,88.43822493236779
patch,last,80,val,V2X/Overall_3D_easy,76.5358342626211
patch,last,80,val,V2X/Overall_BEV_easy,80.4569310328102
patch,last,80,val,V2X/Overall_3D_moderate,72.29957150667991
patch,last,80,val,V2X/Overall_BEV_moderate,78.5228826270991
patch,last,80,val,V2X/Overall_3D_hard,71.69006478304314
patch,last,80,val,V2X/Overall_BEV_hard,77.94932086413911
patch,last,80,val_deduplicated,V2X/Vehicle_3D_easy_strict,87.03272011962831
patch,last,80,val_deduplicated,V2X/Vehicle_BEV_easy_strict,91.39049062328904
patch,last,80,val_deduplicated,V2X/Vehicle_3D_moderate_strict,79.74457630656156
patch,last,80,val_deduplicated,V2X/Vehicle_BEV_moderate_strict,89.77153188905305
patch,last,80,val_deduplicated,V2X/Vehicle_3D_hard_strict,78.11000712607454
patch,last,80,val_deduplicated,V2X/Vehicle_BEV_hard_strict,88.15237155248698
patch,last,80,val_deduplicated,V2X/Vehicle_3D_easy_loose,94.10196809698492
patch,last,80,val_deduplicated,V2X/Vehicle_BEV_easy_loose,95.35622866818831
patch,last,80,val_deduplicated,V2X/Vehicle_3D_moderate_loose,93.28836203846048
patch,last,80,val_deduplicated,V2X/Vehicle_BEV_moderate_loose,94.6678426625317
patch,last,80,val_deduplicated,V2X/Vehicle_3D_hard_loose,92.52839112485718
patch,last,80,val_deduplicated,V2X/Vehicle_BEV_hard_loose,93.56323650881471
patch,last,80,val_deduplicated,V2X/Pedestrian_3D_easy_strict,60.0392302973369
patch,last,80,val_deduplicated,V2X/Pedestrian_BEV_easy_strict,65.06194348085941
patch,last,80,val_deduplicated,V2X/Pedestrian_3D_moderate_strict,58.39781498534913
patch,last,80,val_deduplicated,V2X/Pedestrian_BEV_moderate_strict,63.6104502966895
patch,last,80,val_deduplicated,V2X/Pedestrian_3D_hard_strict,58.30045860630999
patch,last,80,val_deduplicated,V2X/Pedestrian_BEV_hard_strict,63.57494414902324
patch,last,80,val_deduplicated,V2X/Pedestrian_3D_easy_loose,79.7244585498331
patch,last,80,val_deduplicated,V2X/Pedestrian_BEV_easy_loose,80.3345660411068
patch,last,80,val_deduplicated,V2X/Pedestrian_3D_moderate_loose,77.43822476139412
patch,last,80,val_deduplicated,V2X/Pedestrian_BEV_moderate_loose,78.10555163779063
patch,last,80,val_deduplicated,V2X/Pedestrian_3D_hard_loose,77.34349665073253
patch,last,80,val_deduplicated,V2X/Pedestrian_BEV_hard_loose,78.03834619655021
patch,last,80,val_deduplicated,V2X/Cyclist_3D_easy_strict,82.49927626882402
patch,last,80,val_deduplicated,V2X/Cyclist_BEV_easy_strict,84.88915042829672
patch,last,80,val_deduplicated,V2X/Cyclist_3D_moderate_strict,78.65870918939561
patch,last,80,val_deduplicated,V2X/Cyclist_BEV_moderate_strict,82.07573831355883
patch,last,80,val_deduplicated,V2X/Cyclist_3D_hard_strict,78.50663709925352
patch,last,80,val_deduplicated,V2X/Cyclist_BEV_hard_strict,81.94484577865227
patch,last,80,val_deduplicated,V2X/Cyclist_3D_easy_loose,90.15460191552152
patch,last,80,val_deduplicated,V2X/Cyclist_BEV_easy_loose,90.25746412272761
patch,last,80,val_deduplicated,V2X/Cyclist_3D_moderate_loose,88.30371645329869
patch,last,80,val_deduplicated,V2X/Cyclist_BEV_moderate_loose,88.44908617910303
patch,last,80,val_deduplicated,V2X/Cyclist_3D_hard_loose,88.31159811994634
patch,last,80,val_deduplicated,V2X/Cyclist_BEV_hard_loose,88.44900356583028
patch,last,80,val_deduplicated,V2X/Overall_3D_easy,76.5237422285964
patch,last,80,val_deduplicated,V2X/Overall_BEV_easy,80.44719484414838
patch,last,80,val_deduplicated,V2X/Overall_3D_moderate,72.26703349376876
patch,last,80,val_deduplicated,V2X/Overall_BEV_moderate,78.48590683310046
patch,last,80,val_deduplicated,V2X/Overall_3D_hard,71.63903427721267
patch,last,80,val_deduplicated,V2X/Overall_BEV_hard,77.8907204933875
patch,last,80,test,V2X/Vehicle_3D_easy_strict,85.46232021199715
patch,last,80,test,V2X/Vehicle_BEV_easy_strict,92.37327266786754
patch,last,80,test,V2X/Vehicle_3D_moderate_strict,78.50675341645402
patch,last,80,test,V2X/Vehicle_BEV_moderate_strict,88.8155639288648
patch,last,80,test,V2X/Vehicle_3D_hard_strict,77.73639969987956
patch,last,80,test,V2X/Vehicle_BEV_hard_strict,87.99231492639512
patch,last,80,test,V2X/Vehicle_3D_easy_loose,94.84213451407567
patch,last,80,test,V2X/Vehicle_BEV_easy_loose,95.73908469853248
patch,last,80,test,V2X/Vehicle_3D_moderate_loose,93.30577245121393
patch,last,80,test,V2X/Vehicle_BEV_moderate_loose,94.18937405221479
patch,last,80,test,V2X/Vehicle_3D_hard_loose,92.9742862422945
patch,last,80,test,V2X/Vehicle_BEV_hard_loose,93.8122438333294
patch,last,80,test,V2X/Pedestrian_3D_easy_strict,59.66730857055327
patch,last,80,test,V2X/Pedestrian_BEV_easy_strict,63.59691470239065
patch,last,80,test,V2X/Pedestrian_3D_moderate_strict,59.01395056946398
patch,last,80,test,V2X/Pedestrian_BEV_moderate_strict,63.38285089455732
patch,last,80,test,V2X/Pedestrian_3D_hard_strict,59.07154545417692
patch,last,80,test,V2X/Pedestrian_BEV_hard_strict,63.41794264068417
patch,last,80,test,V2X/Pedestrian_3D_easy_loose,80.10469553556815
patch,last,80,test,V2X/Pedestrian_BEV_easy_loose,80.81493444762759
patch,last,80,test,V2X/Pedestrian_3D_moderate_loose,78.8785892856189
patch,last,80,test,V2X/Pedestrian_BEV_moderate_loose,79.52228095631261
patch,last,80,test,V2X/Pedestrian_3D_hard_loose,78.88338983170252
patch,last,80,test,V2X/Pedestrian_BEV_hard_loose,79.52139905380953
patch,last,80,test,V2X/Cyclist_3D_easy_strict,82.4265728801589
patch,last,80,test,V2X/Cyclist_BEV_easy_strict,84.88292884078975
patch,last,80,test,V2X/Cyclist_3D_moderate_strict,79.02978777847639
patch,last,80,test,V2X/Cyclist_BEV_moderate_strict,82.38410238095213
patch,last,80,test,V2X/Cyclist_3D_hard_strict,78.97218883149517
patch,last,80,test,V2X/Cyclist_BEV_hard_strict,82.39274359277827
patch,last,80,test,V2X/Cyclist_3D_easy_loose,91.02528303014802
patch,last,80,test,V2X/Cyclist_BEV_easy_loose,91.24049244668264
patch,last,80,test,V2X/Cyclist_3D_moderate_loose,88.99016115946165
patch,last,80,test,V2X/Cyclist_BEV_moderate_loose,89.191062329863
patch,last,80,test,V2X/Cyclist_3D_hard_loose,88.95561001289082
patch,last,80,test,V2X/Cyclist_BEV_hard_loose,89.11864592477184
patch,last,80,test,V2X/Overall_3D_easy,75.85206722090311
patch,last,80,test,V2X/Overall_BEV_easy,80.28437207034932
patch,last,80,test,V2X/Overall_3D_moderate,72.18349725479813
patch,last,80,test,V2X/Overall_BEV_moderate,78.19417240145809
patch,last,80,test,V2X/Overall_3D_hard,71.92671132851721
patch,last,80,test,V2X/Overall_BEV_hard,77.93433371995252
patch,last,80,test_deduplicated,V2X/Vehicle_3D_easy_strict,85.46220164496083
patch,last,80,test_deduplicated,V2X/Vehicle_BEV_easy_strict,92.45227168328724
patch,last,80,test_deduplicated,V2X/Vehicle_3D_moderate_strict,78.54496797949706
patch,last,80,test_deduplicated,V2X/Vehicle_BEV_moderate_strict,88.83860540739354
patch,last,80,test_deduplicated,V2X/Vehicle_3D_hard_strict,77.87033846812223
patch,last,80,test_deduplicated,V2X/Vehicle_BEV_hard_strict,88.00279451190146
patch,last,80,test_deduplicated,V2X/Vehicle_3D_easy_loose,94.97671990888932
patch,last,80,test_deduplicated,V2X/Vehicle_BEV_easy_loose,95.76274714195038
patch,last,80,test_deduplicated,V2X/Vehicle_3D_moderate_loose,93.30318145275042
patch,last,80,test_deduplicated,V2X/Vehicle_BEV_moderate_loose,94.17122478931412
patch,last,80,test_deduplicated,V2X/Vehicle_3D_hard_loose,92.96689801222475
patch,last,80,test_deduplicated,V2X/Vehicle_BEV_hard_loose,93.81002280250657
patch,last,80,test_deduplicated,V2X/Pedestrian_3D_easy_strict,59.6552321212245
patch,last,80,test_deduplicated,V2X/Pedestrian_BEV_easy_strict,63.58847231926037
patch,last,80,test_deduplicated,V2X/Pedestrian_3D_moderate_strict,59.09380497776755
patch,last,80,test_deduplicated,V2X/Pedestrian_BEV_moderate_strict,63.42018240957918
patch,last,80,test_deduplicated,V2X/Pedestrian_3D_hard_strict,59.15333156220449
patch,last,80,test_deduplicated,V2X/Pedestrian_BEV_hard_strict,63.46181446763902
patch,last,80,test_deduplicated,V2X/Pedestrian_3D_easy_loose,80.13335448009039
patch,last,80,test_deduplicated,V2X/Pedestrian_BEV_easy_loose,80.83471982697208
patch,last,80,test_deduplicated,V2X/Pedestrian_3D_moderate_loose,78.96691352280818
patch,last,80,test_deduplicated,V2X/Pedestrian_BEV_moderate_loose,79.61647805353701
patch,last,80,test_deduplicated,V2X/Pedestrian_3D_hard_loose,78.96267186193813
patch,last,80,test_deduplicated,V2X/Pedestrian_BEV_hard_loose,79.59564942238829
patch,last,80,test_deduplicated,V2X/Cyclist_3D_easy_strict,82.44442878390271
patch,last,80,test_deduplicated,V2X/Cyclist_BEV_easy_strict,84.86267486831689
patch,last,80,test_deduplicated,V2X/Cyclist_3D_moderate_strict,79.01643392721842
patch,last,80,test_deduplicated,V2X/Cyclist_BEV_moderate_strict,82.3975654158127
patch,last,80,test_deduplicated,V2X/Cyclist_3D_hard_strict,78.97082382277384
patch,last,80,test_deduplicated,V2X/Cyclist_BEV_hard_strict,82.40345289946734
patch,last,80,test_deduplicated,V2X/Cyclist_3D_easy_loose,91.04717651372269
patch,last,80,test_deduplicated,V2X/Cyclist_BEV_easy_loose,91.2629432721235
patch,last,80,test_deduplicated,V2X/Cyclist_3D_moderate_loose,89.02855923419777
patch,last,80,test_deduplicated,V2X/Cyclist_BEV_moderate_loose,89.26848595478575
patch,last,80,test_deduplicated,V2X/Cyclist_3D_hard_loose,88.98723150047714
patch,last,80,test_deduplicated,V2X/Cyclist_BEV_hard_loose,89.17472939656135
patch,last,80,test_deduplicated,V2X/Overall_3D_easy,75.85395418336269
patch,last,80,test_deduplicated,V2X/Overall_BEV_easy,80.3011396236215
patch,last,80,test_deduplicated,V2X/Overall_3D_moderate,72.21840229482768
patch,last,80,test_deduplicated,V2X/Overall_BEV_moderate,78.21878441092848
patch,last,80,test_deduplicated,V2X/Overall_3D_hard,71.99816461770018
patch,last,80,test_deduplicated,V2X/Overall_BEV_hard,77.95602062633594
taskdec,best,80,val,V2X/Vehicle_3D_easy_strict,87.3658087018048
taskdec,best,80,val,V2X/Vehicle_BEV_easy_strict,91.46077601687898
taskdec,best,80,val,V2X/Vehicle_3D_moderate_strict,79.85785018048345
taskdec,best,80,val,V2X/Vehicle_BEV_moderate_strict,88.26539099761833
taskdec,best,80,val,V2X/Vehicle_3D_hard_strict,78.35136321112974
taskdec,best,80,val,V2X/Vehicle_BEV_hard_strict,87.85270679270427
taskdec,best,80,val,V2X/Vehicle_3D_easy_loose,93.87854322552849
taskdec,best,80,val,V2X/Vehicle_BEV_easy_loose,95.06533110899356
taskdec,best,80,val,V2X/Vehicle_3D_moderate_loose,93.04102397951469
taskdec,best,80,val,V2X/Vehicle_BEV_moderate_loose,93.74310473050537
taskdec,best,80,val,V2X/Vehicle_3D_hard_loose,91.98163758927531
taskdec,best,80,val,V2X/Vehicle_BEV_hard_loose,93.39533992901036
taskdec,best,80,val,V2X/Pedestrian_3D_easy_strict,57.60981261353228
taskdec,best,80,val,V2X/Pedestrian_BEV_easy_strict,61.81805882353208
taskdec,best,80,val,V2X/Pedestrian_3D_moderate_strict,55.85548570181529
taskdec,best,80,val,V2X/Pedestrian_BEV_moderate_strict,61.1893108062157
taskdec,best,80,val,V2X/Pedestrian_3D_hard_strict,55.891770640347694
taskdec,best,80,val,V2X/Pedestrian_BEV_hard_strict,61.07064867370242
taskdec,best,80,val,V2X/Pedestrian_3D_easy_loose,80.50245636571915
taskdec,best,80,val,V2X/Pedestrian_BEV_easy_loose,81.03226033375824
taskdec,best,80,val,V2X/Pedestrian_3D_moderate_loose,78.29782886892194
taskdec,best,80,val,V2X/Pedestrian_BEV_moderate_loose,78.97018570342884
taskdec,best,80,val,V2X/Pedestrian_3D_hard_loose,78.17759916120413
taskdec,best,80,val,V2X/Pedestrian_BEV_hard_loose,78.88810734261679
taskdec,best,80,val,V2X/Cyclist_3D_easy_strict,80.80650664708091
taskdec,best,80,val,V2X/Cyclist_BEV_easy_strict,83.70670901422643
taskdec,best,80,val,V2X/Cyclist_3D_moderate_strict,78.03145488971671
taskdec,best,80,val,V2X/Cyclist_BEV_moderate_strict,81.48411308025784
taskdec,best,80,val,V2X/Cyclist_3D_hard_strict,77.87444571344065
taskdec,best,80,val,V2X/Cyclist_BEV_hard_strict,81.47934864132601
taskdec,best,80,val,V2X/Cyclist_3D_easy_loose,89.57072068233876
taskdec,best,80,val,V2X/Cyclist_BEV_easy_loose,89.85538826950736
taskdec,best,80,val,V2X/Cyclist_3D_moderate_loose,87.74115665394586
taskdec,best,80,val,V2X/Cyclist_BEV_moderate_loose,88.09460737406388
taskdec,best,80,val,V2X/Cyclist_3D_hard_loose,87.82806058800763
taskdec,best,80,val,V2X/Cyclist_BEV_hard_loose,88.15033083871265
taskdec,best,80,val,V2X/Overall_3D_easy,75.26070932080599
taskdec,best,80,val,V2X/Overall_BEV_easy,78.99518128487917
taskdec,best,80,val,V2X/Overall_3D_moderate,71.24826359067181
taskdec,best,80,val,V2X/Overall_BEV_moderate,76.97960496136396
taskdec,best,80,val,V2X/Overall_3D_hard,70.7058598549727
taskdec,best,80,val,V2X/Overall_BEV_hard,76.80090136924423
taskdec,best,80,val_deduplicated,V2X/Vehicle_3D_easy_strict,87.36752011970171
taskdec,best,80,val_deduplicated,V2X/Vehicle_BEV_easy_strict,91.4511158967627
taskdec,best,80,val_deduplicated,V2X/Vehicle_3D_moderate_strict,80.19231694745083
taskdec,best,80,val_deduplicated,V2X/Vehicle_BEV_moderate_strict,88.26004572964588
taskdec,best,80,val_deduplicated,V2X/Vehicle_3D_hard_strict,78.35740879325111
taskdec,best,80,val_deduplicated,V2X/Vehicle_BEV_hard_strict,87.83284514974375
taskdec,best,80,val_deduplicated,V2X/Vehicle_3D_easy_loose,93.87262217976671
taskdec,best,80,val_deduplicated,V2X/Vehicle_BEV_easy_loose,95.06341982546104
taskdec,best,80,val_deduplicated,V2X/Vehicle_3D_moderate_loose,93.02002402696795
taskdec,best,80,val_deduplicated,V2X/Vehicle_BEV_moderate_loose,93.73197126268164
taskdec,best,80,val_deduplicated,V2X/Vehicle_3D_hard_loose,91.92774658352812
taskdec,best,80,val_deduplicated,V2X/Vehicle_BEV_hard_loose,93.35967903292989
taskdec,best,80,val_deduplicated,V2X/Pedestrian_3D_easy_strict,57.55977319623236
taskdec,best,80,val_deduplicated,V2X/Pedestrian_BEV_easy_strict,61.786083911151636
taskdec,best,80,val_deduplicated,V2X/Pedestrian_3D_moderate_strict,55.71565384065998
taskdec,best,80,val_deduplicated,V2X/Pedestrian_BEV_moderate_strict,61.069664839464856
taskdec,best,80,val_deduplicated,V2X/Pedestrian_3D_hard_strict,55.774127684467445
taskdec,best,80,val_deduplicated,V2X/Pedestrian_BEV_hard_strict,60.97076537836455
taskdec,best,80,val_deduplicated,V2X/Pedestrian_3D_easy_loose,80.51728989344006
taskdec,best,80,val_deduplicated,V2X/Pedestrian_BEV_easy_loose,81.0472513979889
taskdec,best,80,val_deduplicated,V2X/Pedestrian_3D_moderate_loose,78.24261253433458
taskdec,best,80,val_deduplicated,V2X/Pedestrian_BEV_moderate_loose,78.9072792059159
taskdec,best,80,val_deduplicated,V2X/Pedestrian_3D_hard_loose,78.14854332729809
taskdec,best,80,val_deduplicated,V2X/Pedestrian_BEV_hard_loose,78.8276388508625
taskdec,best,80,val_deduplicated,V2X/Cyclist_3D_easy_strict,80.80156238623127
taskdec,best,80,val_deduplicated,V2X/Cyclist_BEV_easy_strict,83.7155796275348
taskdec,best,80,val_deduplicated,V2X/Cyclist_3D_moderate_strict,78.03089635856371
taskdec,best,80,val_deduplicated,V2X/Cyclist_BEV_moderate_strict,81.45609029945416
taskdec,best,80,val_deduplicated,V2X/Cyclist_3D_hard_strict,77.87462506372489
taskdec,best,80,val_deduplicated,V2X/Cyclist_BEV_hard_strict,81.46621452361859
taskdec,best,80,val_deduplicated,V2X/Cyclist_3D_easy_loose,89.57997770939718
taskdec,best,80,val_deduplicated,V2X/Cyclist_BEV_easy_loose,89.86537477450736
taskdec,best,80,val_deduplicated,V2X/Cyclist_3D_moderate_loose,87.76100400389943
taskdec,best,80,val_deduplicated,V2X/Cyclist_BEV_moderate_loose,88.1066633108453
taskdec,best,80,val_deduplicated,V2X/Cyclist_3D_hard_loose,87.8338175120885
taskdec,best,80,val_deduplicated,V2X/Cyclist_BEV_hard_loose,88.15603071784764
taskdec,best,80,val_deduplicated,V2X/Overall_3D_easy,75.24295190072178
taskdec,best,80,val_deduplicated,V2X/Overall_BEV_easy,78.98425981181639
taskdec,best,80,val_deduplicated,V2X/Overall_3D_moderate,71.31295571555818
taskdec,best,80,val_deduplicated,V2X/Overall_BEV_moderate,76.92860028952164
taskdec,best,80,val_deduplicated,V2X/Overall_3D_hard,70.66872051381448
taskdec,best,80,val_deduplicated,V2X/Overall_BEV_hard,76.75660835057563
taskdec,best,80,test,V2X/Vehicle_3D_easy_strict,86.13137253400538
taskdec,best,80,test,V2X/Vehicle_BEV_easy_strict,92.87843525749588
taskdec,best,80,test,V2X/Vehicle_3D_moderate_strict,78.79193892853806
taskdec,best,80,test,V2X/Vehicle_BEV_moderate_strict,89.97941664172455
taskdec,best,80,test,V2X/Vehicle_3D_hard_strict,78.39775448227594
taskdec,best,80,test,V2X/Vehicle_BEV_hard_strict,88.16235197489023
taskdec,best,80,test,V2X/Vehicle_3D_easy_loose,95.25170928988089
taskdec,best,80,test,V2X/Vehicle_BEV_easy_loose,95.86541369989483
taskdec,best,80,test,V2X/Vehicle_3D_moderate_loose,93.38788108367675
taskdec,best,80,test,V2X/Vehicle_BEV_moderate_loose,94.19328901662621
taskdec,best,80,test,V2X/Vehicle_3D_hard_loose,93.08457923564471
taskdec,best,80,test,V2X/Vehicle_BEV_hard_loose,93.88445792614478
taskdec,best,80,test,V2X/Pedestrian_3D_easy_strict,59.10130130262413
taskdec,best,80,test,V2X/Pedestrian_BEV_easy_strict,63.464844811558876
taskdec,best,80,test,V2X/Pedestrian_3D_moderate_strict,58.6107293066754
taskdec,best,80,test,V2X/Pedestrian_BEV_moderate_strict,63.78461813590911
taskdec,best,80,test,V2X/Pedestrian_3D_hard_strict,58.649924028791176
taskdec,best,80,test,V2X/Pedestrian_BEV_hard_strict,63.82673023152056
taskdec,best,80,test,V2X/Pedestrian_3D_easy_loose,81.32452371893292
taskdec,best,80,test,V2X/Pedestrian_BEV_easy_loose,81.97106004483756
taskdec,best,80,test,V2X/Pedestrian_3D_moderate_loose,80.00811004905755
taskdec,best,80,test,V2X/Pedestrian_BEV_moderate_loose,80.46151521158097
taskdec,best,80,test,V2X/Pedestrian_3D_hard_loose,80.03429121488588
taskdec,best,80,test,V2X/Pedestrian_BEV_hard_loose,80.49485223927549
taskdec,best,80,test,V2X/Cyclist_3D_easy_strict,82.6320941074338
taskdec,best,80,test,V2X/Cyclist_BEV_easy_strict,84.93850116995215
taskdec,best,80,test,V2X/Cyclist_3D_moderate_strict,79.10312659249598
taskdec,best,80,test,V2X/Cyclist_BEV_moderate_strict,82.50389419682503
taskdec,best,80,test,V2X/Cyclist_3D_hard_strict,78.98141261998627
taskdec,best,80,test,V2X/Cyclist_BEV_hard_strict,82.49662589440614
taskdec,best,80,test,V2X/Cyclist_3D_easy_loose,91.26950639417059
taskdec,best,80,test,V2X/Cyclist_BEV_easy_loose,91.77006613545386
taskdec,best,80,test,V2X/Cyclist_3D_moderate_loose,89.21478527905033
taskdec,best,80,test,V2X/Cyclist_BEV_moderate_loose,89.70684680162279
taskdec,best,80,test,V2X/Cyclist_3D_hard_loose,89.1876991636538
taskdec,best,80,test,V2X/Cyclist_BEV_hard_loose,89.67202544378054
taskdec,best,80,test,V2X/Overall_3D_easy,75.95492264802111
taskdec,best,80,test,V2X/Overall_BEV_easy,80.42726041300229
taskdec,best,80,test,V2X/Overall_3D_moderate,72.16859827590315
taskdec,best,80,test,V2X/Overall_BEV_moderate,78.75597632481957
taskdec,best,80,test,V2X/Overall_3D_hard,72.00969704368447
taskdec,best,80,test,V2X/Overall_BEV_hard,78.16190270027231
taskdec,best,80,test_deduplicated,V2X/Vehicle_3D_easy_strict,86.1170327975531
taskdec,best,80,test_deduplicated,V2X/Vehicle_BEV_easy_strict,92.87540786943596
taskdec,best,80,test_deduplicated,V2X/Vehicle_3D_moderate_strict,78.81932594948056
taskdec,best,80,test_deduplicated,V2X/Vehicle_BEV_moderate_strict,89.97260772330404
taskdec,best,80,test_deduplicated,V2X/Vehicle_3D_hard_strict,78.46761885960758
taskdec,best,80,test_deduplicated,V2X/Vehicle_BEV_hard_strict,88.1501062824807
taskdec,best,80,test_deduplicated,V2X/Vehicle_3D_easy_loose,95.27870321117952
taskdec,best,80,test_deduplicated,V2X/Vehicle_BEV_easy_loose,95.86021949993489
taskdec,best,80,test_deduplicated,V2X/Vehicle_3D_moderate_loose,93.38829402394101
taskdec,best,80,test_deduplicated,V2X/Vehicle_BEV_moderate_loose,94.15906161139829
taskdec,best,80,test_deduplicated,V2X/Vehicle_3D_hard_loose,93.06371690114436
taskdec,best,80,test_deduplicated,V2X/Vehicle_BEV_hard_loose,93.83995391219571
taskdec,best,80,test_deduplicated,V2X/Pedestrian_3D_easy_strict,59.120370411672475
taskdec,best,80,test_deduplicated,V2X/Pedestrian_BEV_easy_strict,63.48062989893256
taskdec,best,80,test_deduplicated,V2X/Pedestrian_3D_moderate_strict,58.7501175309064
taskdec,best,80,test_deduplicated,V2X/Pedestrian_BEV_moderate_strict,63.81000347339663
taskdec,best,80,test_deduplicated,V2X/Pedestrian_3D_hard_strict,58.81267736459013
taskdec,best,80,test_deduplicated,V2X/Pedestrian_BEV_hard_strict,63.861841945892515
taskdec,best,80,test_deduplicated,V2X/Pedestrian_3D_easy_loose,81.31499823837567
taskdec,best,80,test_deduplicated,V2X/Pedestrian_BEV_easy_loose,81.96846356405472
taskdec,best,80,test_deduplicated,V2X/Pedestrian_3D_moderate_loose,80.07481338961757
taskdec,best,80,test_deduplicated,V2X/Pedestrian_BEV_moderate_loose,80.54679349497835
taskdec,best,80,test_deduplicated,V2X/Pedestrian_3D_hard_loose,80.1039442017955
taskdec,best,80,test_deduplicated,V2X/Pedestrian_BEV_hard_loose,80.57393168927138
taskdec,best,80,test_deduplicated,V2X/Cyclist_3D_easy_strict,82.6055327238041
taskdec,best,80,test_deduplicated,V2X/Cyclist_BEV_easy_strict,84.90403150001436
taskdec,best,80,test_deduplicated,V2X/Cyclist_3D_moderate_strict,79.09245493168837
taskdec,best,80,test_deduplicated,V2X/Cyclist_BEV_moderate_strict,82.5123691160014
taskdec,best,80,test_deduplicated,V2X/Cyclist_3D_hard_strict,79.01367845988655
taskdec,best,80,test_deduplicated,V2X/Cyclist_BEV_hard_strict,82.48988112483845
taskdec,best,80,test_deduplicated,V2X/Cyclist_3D_easy_loose,91.27982652485417
taskdec,best,80,test_deduplicated,V2X/Cyclist_BEV_easy_loose,91.75599998354373
taskdec,best,80,test_deduplicated,V2X/Cyclist_3D_moderate_loose,89.24125725524014
taskdec,best,80,test_deduplicated,V2X/Cyclist_BEV_moderate_loose,89.70756039879039
taskdec,best,80,test_deduplicated,V2X/Cyclist_3D_hard_loose,89.21429612943002
taskdec,best,80,test_deduplicated,V2X/Cyclist_BEV_hard_loose,89.66510357911261
taskdec,best,80,test_deduplicated,V2X/Overall_3D_easy,75.94764531100988
taskdec,best,80,test_deduplicated,V2X/Overall_BEV_easy,80.42002308946097
taskdec,best,80,test_deduplicated,V2X/Overall_3D_moderate,72.2206328040251
taskdec,best,80,test_deduplicated,V2X/Overall_BEV_moderate,78.76499343756736
taskdec,best,80,test_deduplicated,V2X/Overall_3D_hard,72.09799156136143
taskdec,best,80,test_deduplicated,V2X/Overall_BEV_hard,78.16727645107056
taskdec,last,80,val,V2X/Vehicle_3D_easy_strict,87.3658087018048
taskdec,last,80,val,V2X/Vehicle_BEV_easy_strict,91.46077601687898
taskdec,last,80,val,V2X/Vehicle_3D_moderate_strict,79.85785018048345
taskdec,last,80,val,V2X/Vehicle_BEV_moderate_strict,88.26539099761833
taskdec,last,80,val,V2X/Vehicle_3D_hard_strict,78.35136321112974
taskdec,last,80,val,V2X/Vehicle_BEV_hard_strict,87.85270679270427
taskdec,last,80,val,V2X/Vehicle_3D_easy_loose,93.87854322552849
taskdec,last,80,val,V2X/Vehicle_BEV_easy_loose,95.06533110899356
taskdec,last,80,val,V2X/Vehicle_3D_moderate_loose,93.04102397951469
taskdec,last,80,val,V2X/Vehicle_BEV_moderate_loose,93.74310473050537
taskdec,last,80,val,V2X/Vehicle_3D_hard_loose,91.98163758927531
taskdec,last,80,val,V2X/Vehicle_BEV_hard_loose,93.39533992901036
taskdec,last,80,val,V2X/Pedestrian_3D_easy_strict,57.60981261353228
taskdec,last,80,val,V2X/Pedestrian_BEV_easy_strict,61.81805882353208
taskdec,last,80,val,V2X/Pedestrian_3D_moderate_strict,55.85548570181529
taskdec,last,80,val,V2X/Pedestrian_BEV_moderate_strict,61.1893108062157
taskdec,last,80,val,V2X/Pedestrian_3D_hard_strict,55.891770640347694
taskdec,last,80,val,V2X/Pedestrian_BEV_hard_strict,61.07064867370242
taskdec,last,80,val,V2X/Pedestrian_3D_easy_loose,80.50245636571915
taskdec,last,80,val,V2X/Pedestrian_BEV_easy_loose,81.03226033375824
taskdec,last,80,val,V2X/Pedestrian_3D_moderate_loose,78.29782886892194
taskdec,last,80,val,V2X/Pedestrian_BEV_moderate_loose,78.97018570342884
taskdec,last,80,val,V2X/Pedestrian_3D_hard_loose,78.17759916120413
taskdec,last,80,val,V2X/Pedestrian_BEV_hard_loose,78.88810734261679
taskdec,last,80,val,V2X/Cyclist_3D_easy_strict,80.80650664708091
taskdec,last,80,val,V2X/Cyclist_BEV_easy_strict,83.70670901422643
taskdec,last,80,val,V2X/Cyclist_3D_moderate_strict,78.03145488971671
taskdec,last,80,val,V2X/Cyclist_BEV_moderate_strict,81.48411308025784
taskdec,last,80,val,V2X/Cyclist_3D_hard_strict,77.87444571344065
taskdec,last,80,val,V2X/Cyclist_BEV_hard_strict,81.47934864132601
taskdec,last,80,val,V2X/Cyclist_3D_easy_loose,89.57072068233876
taskdec,last,80,val,V2X/Cyclist_BEV_easy_loose,89.85538826950736
taskdec,last,80,val,V2X/Cyclist_3D_moderate_loose,87.74115665394586
taskdec,last,80,val,V2X/Cyclist_BEV_moderate_loose,88.09460737406388
taskdec,last,80,val,V2X/Cyclist_3D_hard_loose,87.82806058800763
taskdec,last,80,val,V2X/Cyclist_BEV_hard_loose,88.15033083871265
taskdec,last,80,val,V2X/Overall_3D_easy,75.26070932080599
taskdec,last,80,val,V2X/Overall_BEV_easy,78.99518128487917
taskdec,last,80,val,V2X/Overall_3D_moderate,71.24826359067181
taskdec,last,80,val,V2X/Overall_BEV_moderate,76.97960496136396
taskdec,last,80,val,V2X/Overall_3D_hard,70.7058598549727
taskdec,last,80,val,V2X/Overall_BEV_hard,76.80090136924423
taskdec,last,80,val_deduplicated,V2X/Vehicle_3D_easy_strict,87.36752011970171
taskdec,last,80,val_deduplicated,V2X/Vehicle_BEV_easy_strict,91.4511158967627
taskdec,last,80,val_deduplicated,V2X/Vehicle_3D_moderate_strict,80.19231694745083
taskdec,last,80,val_deduplicated,V2X/Vehicle_BEV_moderate_strict,88.26004572964588
taskdec,last,80,val_deduplicated,V2X/Vehicle_3D_hard_strict,78.35740879325111
taskdec,last,80,val_deduplicated,V2X/Vehicle_BEV_hard_strict,87.83284514974375
taskdec,last,80,val_deduplicated,V2X/Vehicle_3D_easy_loose,93.87262217976671
taskdec,last,80,val_deduplicated,V2X/Vehicle_BEV_easy_loose,95.06341982546104
taskdec,last,80,val_deduplicated,V2X/Vehicle_3D_moderate_loose,93.02002402696795
taskdec,last,80,val_deduplicated,V2X/Vehicle_BEV_moderate_loose,93.73197126268164
taskdec,last,80,val_deduplicated,V2X/Vehicle_3D_hard_loose,91.92774658352812
taskdec,last,80,val_deduplicated,V2X/Vehicle_BEV_hard_loose,93.35967903292989
taskdec,last,80,val_deduplicated,V2X/Pedestrian_3D_easy_strict,57.55977319623236
taskdec,last,80,val_deduplicated,V2X/Pedestrian_BEV_easy_strict,61.786083911151636
taskdec,last,80,val_deduplicated,V2X/Pedestrian_3D_moderate_strict,55.71565384065998
taskdec,last,80,val_deduplicated,V2X/Pedestrian_BEV_moderate_strict,61.069664839464856
taskdec,last,80,val_deduplicated,V2X/Pedestrian_3D_hard_strict,55.774127684467445
taskdec,last,80,val_deduplicated,V2X/Pedestrian_BEV_hard_strict,60.97076537836455
taskdec,last,80,val_deduplicated,V2X/Pedestrian_3D_easy_loose,80.51728989344006
taskdec,last,80,val_deduplicated,V2X/Pedestrian_BEV_easy_loose,81.0472513979889
taskdec,last,80,val_deduplicated,V2X/Pedestrian_3D_moderate_loose,78.24261253433458
taskdec,last,80,val_deduplicated,V2X/Pedestrian_BEV_moderate_loose,78.9072792059159
taskdec,last,80,val_deduplicated,V2X/Pedestrian_3D_hard_loose,78.14854332729809
taskdec,last,80,val_deduplicated,V2X/Pedestrian_BEV_hard_loose,78.8276388508625
taskdec,last,80,val_deduplicated,V2X/Cyclist_3D_easy_strict,80.80156238623127
taskdec,last,80,val_deduplicated,V2X/Cyclist_BEV_easy_strict,83.7155796275348
taskdec,last,80,val_deduplicated,V2X/Cyclist_3D_moderate_strict,78.03089635856371
taskdec,last,80,val_deduplicated,V2X/Cyclist_BEV_moderate_strict,81.45609029945416
taskdec,last,80,val_deduplicated,V2X/Cyclist_3D_hard_strict,77.87462506372489
taskdec,last,80,val_deduplicated,V2X/Cyclist_BEV_hard_strict,81.46621452361859
taskdec,last,80,val_deduplicated,V2X/Cyclist_3D_easy_loose,89.57997770939718
taskdec,last,80,val_deduplicated,V2X/Cyclist_BEV_easy_loose,89.86537477450736
taskdec,last,80,val_deduplicated,V2X/Cyclist_3D_moderate_loose,87.76100400389943
taskdec,last,80,val_deduplicated,V2X/Cyclist_BEV_moderate_loose,88.1066633108453
taskdec,last,80,val_deduplicated,V2X/Cyclist_3D_hard_loose,87.8338175120885
taskdec,last,80,val_deduplicated,V2X/Cyclist_BEV_hard_loose,88.15603071784764
taskdec,last,80,val_deduplicated,V2X/Overall_3D_easy,75.24295190072178
taskdec,last,80,val_deduplicated,V2X/Overall_BEV_easy,78.98425981181639
taskdec,last,80,val_deduplicated,V2X/Overall_3D_moderate,71.31295571555818
taskdec,last,80,val_deduplicated,V2X/Overall_BEV_moderate,76.92860028952164
taskdec,last,80,val_deduplicated,V2X/Overall_3D_hard,70.66872051381448
taskdec,last,80,val_deduplicated,V2X/Overall_BEV_hard,76.75660835057563
taskdec,last,80,test,V2X/Vehicle_3D_easy_strict,86.13137253400538
taskdec,last,80,test,V2X/Vehicle_BEV_easy_strict,92.87843525749588
taskdec,last,80,test,V2X/Vehicle_3D_moderate_strict,78.79193892853806
taskdec,last,80,test,V2X/Vehicle_BEV_moderate_strict,89.97941664172455
taskdec,last,80,test,V2X/Vehicle_3D_hard_strict,78.39775448227594
taskdec,last,80,test,V2X/Vehicle_BEV_hard_strict,88.16235197489023
taskdec,last,80,test,V2X/Vehicle_3D_easy_loose,95.25170928988089
taskdec,last,80,test,V2X/Vehicle_BEV_easy_loose,95.86541369989483
taskdec,last,80,test,V2X/Vehicle_3D_moderate_loose,93.38788108367675
taskdec,last,80,test,V2X/Vehicle_BEV_moderate_loose,94.19328901662621
taskdec,last,80,test,V2X/Vehicle_3D_hard_loose,93.08457923564471
taskdec,last,80,test,V2X/Vehicle_BEV_hard_loose,93.88445792614478
taskdec,last,80,test,V2X/Pedestrian_3D_easy_strict,59.10130130262413
taskdec,last,80,test,V2X/Pedestrian_BEV_easy_strict,63.464844811558876
taskdec,last,80,test,V2X/Pedestrian_3D_moderate_strict,58.6107293066754
taskdec,last,80,test,V2X/Pedestrian_BEV_moderate_strict,63.78461813590911
taskdec,last,80,test,V2X/Pedestrian_3D_hard_strict,58.649924028791176
taskdec,last,80,test,V2X/Pedestrian_BEV_hard_strict,63.82673023152056
taskdec,last,80,test,V2X/Pedestrian_3D_easy_loose,81.32452371893292
taskdec,last,80,test,V2X/Pedestrian_BEV_easy_loose,81.97106004483756
taskdec,last,80,test,V2X/Pedestrian_3D_moderate_loose,80.00811004905755
taskdec,last,80,test,V2X/Pedestrian_BEV_moderate_loose,80.46151521158097
taskdec,last,80,test,V2X/Pedestrian_3D_hard_loose,80.03429121488588
taskdec,last,80,test,V2X/Pedestrian_BEV_hard_loose,80.49485223927549
taskdec,last,80,test,V2X/Cyclist_3D_easy_strict,82.6320941074338
taskdec,last,80,test,V2X/Cyclist_BEV_easy_strict,84.93850116995215
taskdec,last,80,test,V2X/Cyclist_3D_moderate_strict,79.10312659249598
taskdec,last,80,test,V2X/Cyclist_BEV_moderate_strict,82.50389419682503
taskdec,last,80,test,V2X/Cyclist_3D_hard_strict,78.98141261998627
taskdec,last,80,test,V2X/Cyclist_BEV_hard_strict,82.49662589440614
taskdec,last,80,test,V2X/Cyclist_3D_easy_loose,91.26950639417059
taskdec,last,80,test,V2X/Cyclist_BEV_easy_loose,91.77006613545386
taskdec,last,80,test,V2X/Cyclist_3D_moderate_loose,89.21478527905033
taskdec,last,80,test,V2X/Cyclist_BEV_moderate_loose,89.70684680162279
taskdec,last,80,test,V2X/Cyclist_3D_hard_loose,89.1876991636538
taskdec,last,80,test,V2X/Cyclist_BEV_hard_loose,89.67202544378054
taskdec,last,80,test,V2X/Overall_3D_easy,75.95492264802111
taskdec,last,80,test,V2X/Overall_BEV_easy,80.42726041300229
taskdec,last,80,test,V2X/Overall_3D_moderate,72.16859827590315
taskdec,last,80,test,V2X/Overall_BEV_moderate,78.75597632481957
taskdec,last,80,test,V2X/Overall_3D_hard,72.00969704368447
taskdec,last,80,test,V2X/Overall_BEV_hard,78.16190270027231
taskdec,last,80,test_deduplicated,V2X/Vehicle_3D_easy_strict,86.1170327975531
taskdec,last,80,test_deduplicated,V2X/Vehicle_BEV_easy_strict,92.87540786943596
taskdec,last,80,test_deduplicated,V2X/Vehicle_3D_moderate_strict,78.81932594948056
taskdec,last,80,test_deduplicated,V2X/Vehicle_BEV_moderate_strict,89.97260772330404
taskdec,last,80,test_deduplicated,V2X/Vehicle_3D_hard_strict,78.46761885960758
taskdec,last,80,test_deduplicated,V2X/Vehicle_BEV_hard_strict,88.1501062824807
taskdec,last,80,test_deduplicated,V2X/Vehicle_3D_easy_loose,95.27870321117952
taskdec,last,80,test_deduplicated,V2X/Vehicle_BEV_easy_loose,95.86021949993489
taskdec,last,80,test_deduplicated,V2X/Vehicle_3D_moderate_loose,93.38829402394101
taskdec,last,80,test_deduplicated,V2X/Vehicle_BEV_moderate_loose,94.15906161139829
taskdec,last,80,test_deduplicated,V2X/Vehicle_3D_hard_loose,93.06371690114436
taskdec,last,80,test_deduplicated,V2X/Vehicle_BEV_hard_loose,93.83995391219571
taskdec,last,80,test_deduplicated,V2X/Pedestrian_3D_easy_strict,59.120370411672475
taskdec,last,80,test_deduplicated,V2X/Pedestrian_BEV_easy_strict,63.48062989893256
taskdec,last,80,test_deduplicated,V2X/Pedestrian_3D_moderate_strict,58.7501175309064
taskdec,last,80,test_deduplicated,V2X/Pedestrian_BEV_moderate_strict,63.81000347339663
taskdec,last,80,test_deduplicated,V2X/Pedestrian_3D_hard_strict,58.81267736459013
taskdec,last,80,test_deduplicated,V2X/Pedestrian_BEV_hard_strict,63.861841945892515
taskdec,last,80,test_deduplicated,V2X/Pedestrian_3D_easy_loose,81.31499823837567
taskdec,last,80,test_deduplicated,V2X/Pedestrian_BEV_easy_loose,81.96846356405472
taskdec,last,80,test_deduplicated,V2X/Pedestrian_3D_moderate_loose,80.07481338961757
taskdec,last,80,test_deduplicated,V2X/Pedestrian_BEV_moderate_loose,80.54679349497835
taskdec,last,80,test_deduplicated,V2X/Pedestrian_3D_hard_loose,80.1039442017955
taskdec,last,80,test_deduplicated,V2X/Pedestrian_BEV_hard_loose,80.57393168927138
taskdec,last,80,test_deduplicated,V2X/Cyclist_3D_easy_strict,82.6055327238041
taskdec,last,80,test_deduplicated,V2X/Cyclist_BEV_easy_strict,84.90403150001436
taskdec,last,80,test_deduplicated,V2X/Cyclist_3D_moderate_strict,79.09245493168837
taskdec,last,80,test_deduplicated,V2X/Cyclist_BEV_moderate_strict,82.5123691160014
taskdec,last,80,test_deduplicated,V2X/Cyclist_3D_hard_strict,79.01367845988655
taskdec,last,80,test_deduplicated,V2X/Cyclist_BEV_hard_strict,82.48988112483845
taskdec,last,80,test_deduplicated,V2X/Cyclist_3D_easy_loose,91.27982652485417
taskdec,last,80,test_deduplicated,V2X/Cyclist_BEV_easy_loose,91.75599998354373
taskdec,last,80,test_deduplicated,V2X/Cyclist_3D_moderate_loose,89.24125725524014
taskdec,last,80,test_deduplicated,V2X/Cyclist_BEV_moderate_loose,89.70756039879039
taskdec,last,80,test_deduplicated,V2X/Cyclist_3D_hard_loose,89.21429612943002
taskdec,last,80,test_deduplicated,V2X/Cyclist_BEV_hard_loose,89.66510357911261
taskdec,last,80,test_deduplicated,V2X/Overall_3D_easy,75.94764531100988
taskdec,last,80,test_deduplicated,V2X/Overall_BEV_easy,80.42002308946097
taskdec,last,80,test_deduplicated,V2X/Overall_3D_moderate,72.2206328040251
taskdec,last,80,test_deduplicated,V2X/Overall_BEV_moderate,78.76499343756736
taskdec,last,80,test_deduplicated,V2X/Overall_3D_hard,72.09799156136143
taskdec,last,80,test_deduplicated,V2X/Overall_BEV_hard,78.16727645107056
