condition,cls,metric,iou,gt_objects,has_gt,l4dr_local_aligned,asf_official_archive,strong_rescored,strong_minus_l4dr,strong_minus_asf,local_gt_exact_match_l4dr_strong,asf_frame_gt_reverified
all,sed,3D,0.3,29613,True,76.7941465297632,74.97794695657676,74.58434943531094,-2.209797094452256,-0.3935975212658178,True,False
all,sed,3D,0.5,29613,True,54.68228528949126,52.09162529168767,52.141909787425355,-2.5403755020659062,0.05028449573768512,True,False
all,sed,3D,0.7,29613,True,11.230749999089644,11.854227787775777,12.308283567481094,1.0775335683914502,0.4540557797053175,True,False
all,sed,BEV,0.3,29613,True,79.89624660275196,77.84756800138433,77.3207697820272,-2.5754768207247594,-0.5267982193571328,True,False
all,sed,BEV,0.5,29613,True,73.60883045917609,71.70175872066424,71.26560294241487,-2.3432275167612175,-0.4361557782493719,True,False
all,sed,BEV,0.7,29613,True,49.1646970885633,43.2084463511566,44.25690177529195,-4.90779531327135,1.0484554241353479,True,False
all,bus,3D,0.3,5843,True,62.17308516422231,58.12835520133631,59.24418568817133,-2.9288994760509794,1.1158304868350157,True,False
all,bus,3D,0.5,5843,True,41.77797063443804,31.055836725253055,33.9660847108478,-7.811885923590239,2.910247985594747,True,False
all,bus,3D,0.7,5843,True,10.491341426590552,7.93057570170773,9.915535165457054,-0.5758062611334971,1.9849594637493242,True,False
all,bus,BEV,0.3,5843,True,67.12447279552708,67.85341563441995,65.13721727861488,-1.9872555169121995,-2.716198355805062,True,False
all,bus,BEV,0.5,5843,True,56.8599119916367,53.20653519852178,50.59252058686502,-6.267391404771679,-2.6140146116567564,True,False
all,bus,BEV,0.7,5843,True,29.647555081182364,20.853579642957946,23.12802117047419,-6.519533910708173,2.2744415275162453,True,False
normal,sed,3D,0.3,15988,True,75.5165789943824,74.13846385475061,73.51458739880525,-2.0019915955771523,-0.6238764559453642,True,False
normal,sed,3D,0.5,15988,True,50.21303711447865,49.62937192191424,49.39058686764639,-0.8224502468322612,-0.23878505426785068,True,False
normal,sed,3D,0.7,15988,True,6.92540744845747,7.41858471823177,5.553728758859114,-1.3716786895983564,-1.8648559593726564,True,False
normal,sed,BEV,0.3,15988,True,76.37767033029422,76.93696403582551,76.1296850263338,-0.2479853039604194,-0.8072790094917082,True,False
normal,sed,BEV,0.5,15988,True,72.04424662921436,70.65476501087757,70.00539861483695,-2.0388480143774075,-0.6493663960406195,True,False
normal,sed,BEV,0.7,15988,True,42.880015470847546,36.37259408289393,35.587099240835364,-7.292916230012182,-0.7854948420585686,True,False
normal,bus,3D,0.3,2763,True,56.26926214449585,53.28396691757169,51.630890403287545,-4.638371741208303,-1.6530765142841446,True,False
normal,bus,3D,0.5,2763,True,36.5955128647862,23.932995588579942,23.936136862373502,-12.6593760024127,0.0031412737935596624,True,False
normal,bus,3D,0.7,2763,True,7.739849608488392,5.728362594412192,2.48277242083018,-5.257077187658211,-3.2455901735820123,True,False
normal,bus,BEV,0.3,2763,True,59.346022705438294,57.35129446247801,55.525716531272586,-3.820306174165708,-1.825577931205423,True,False
normal,bus,BEV,0.5,2763,True,46.88430364315844,36.91333613194176,35.13510343847124,-11.749200204687199,-1.778232693470521,True,False
normal,bus,BEV,0.7,2763,True,21.23638615844648,11.30274464241066,10.402571686487033,-10.833814471959446,-0.9001729559236278,True,False
overcast,sed,3D,0.3,1107,True,83.57146866059291,82.35468228208515,84.30388440437787,0.732415743784955,1.9492021222927178,True,False
overcast,sed,3D,0.5,1107,True,56.5263421347087,53.37664815403531,59.62361869139369,3.0972765566849887,6.246970537358379,True,False
overcast,sed,3D,0.7,1107,True,11.126021227324513,6.298901277641798,8.724316215166606,-2.4017050121579064,2.425414937524808,True,False
overcast,sed,BEV,0.3,1107,True,90.73479458438379,89.36570822189952,91.38712327057618,0.6523286861923907,2.0214150486766584,True,False
overcast,sed,BEV,0.5,1107,True,87.30930337489833,81.98155331823098,82.30568257362836,-5.0036208012699745,0.3241292553973807,True,False
overcast,sed,BEV,0.7,1107,True,51.100286750487044,46.16740589274425,45.46403529227293,-5.636251458214112,-0.7033706004713167,True,False
overcast,bus,3D,0.3,151,True,87.42964352720442,75.32582793213054,73.82130508299801,-13.60833844420641,-1.5045228491325275,True,False
overcast,bus,3D,0.5,151,True,76.06427935482016,47.04012126011879,49.654868957211995,-26.409410397608163,2.6147476970932075,True,False
overcast,bus,3D,0.7,151,True,14.490832588796367,8.177121394765297,5.251002001037798,-9.239830587758568,-2.9261193937274994,True,False
overcast,bus,BEV,0.3,151,True,87.42964352720442,81.67069508532919,74.02102192981732,-13.408621597387096,-7.649673155511863,True,False
overcast,bus,BEV,0.5,151,True,81.75538037262379,54.739976399475886,62.30515540061342,-19.450224972010368,7.565179001137537,True,False
overcast,bus,BEV,0.7,151,True,44.37066899255135,21.953597635504902,18.715816703621588,-25.654852288929764,-3.2377809318833144,True,False
fog,sed,3D,0.3,1947,True,93.60388815841152,92.25503949710469,94.45576829875584,0.8518801403443206,2.2007288016511524,True,False
fog,sed,3D,0.5,1947,True,83.81108300487693,80.54989713755023,80.30148404335333,-3.509598961523608,-0.2484130941969056,True,False
fog,sed,3D,0.7,1947,True,38.296274700885064,38.988782336889166,43.51804264010096,5.221767939215894,4.529260303211792,True,False
fog,sed,BEV,0.3,1947,True,94.80997279060979,94.91345109202213,94.83924440755152,0.02927161694172753,-0.07420668447061018,True,False
fog,sed,BEV,0.5,1947,True,94.37606266928843,94.78265074487796,94.66788330776384,0.2918206384754143,-0.11476743711411075,True,False
fog,sed,BEV,0.7,1947,True,80.7790593076275,79.65763412163979,82.17234585430381,1.3932865466763076,2.5147117326640256,True,False
fog,bus,3D,0.3,0,False,0.0,0.0,0.0,0.0,0.0,True,False
fog,bus,3D,0.5,0,False,0.0,0.0,0.0,0.0,0.0,True,False
fog,bus,3D,0.7,0,False,0.0,0.0,0.0,0.0,0.0,True,False
fog,bus,BEV,0.3,0,False,0.0,0.0,0.0,0.0,0.0,True,False
fog,bus,BEV,0.5,0,False,0.0,0.0,0.0,0.0,0.0,True,False
fog,bus,BEV,0.7,0,False,0.0,0.0,0.0,0.0,0.0,True,False
rain,sed,3D,0.3,5978,True,78.25492313085188,66.3666834828411,68.10965295372804,-10.145270177123834,1.7429694708869476,True,False
rain,sed,3D,0.5,5978,True,53.03420031376067,46.85401943672793,48.298848693647464,-4.735351620113207,1.4448292569195331,True,False
rain,sed,3D,0.7,5978,True,14.408561358465466,17.18058831482299,17.493888348856977,3.0853269903915113,0.3133000340339862,True,False
rain,sed,BEV,0.3,5978,True,81.47223131831129,69.15170618976515,68.84273100082373,-12.629500317487555,-0.3089751889414174,True,False
rain,sed,BEV,0.5,5978,True,76.39988857046843,62.269378265348685,64.0555777774779,-12.344310792990541,1.7861995121292082,True,False
rain,sed,BEV,0.7,5978,True,53.38265392716976,43.52263057534297,44.90001944102435,-8.482634486145415,1.3773888656813753,True,False
rain,bus,3D,0.3,120,True,2.964426040265613,7.893203954541796,10.083134717177533,7.11870867691192,2.189930762635737,True,False
rain,bus,3D,0.5,120,True,0.6766917293233082,2.4840301974448318,5.051640209024325,4.3749484797010165,2.567610011579493,True,False
rain,bus,3D,0.7,120,True,0.06097560975609756,0.0,0.9004300467715103,0.8394544370154127,0.9004300467715103,True,False
rain,bus,BEV,0.3,120,True,4.241869036145855,7.893203954541796,10.083134717177533,5.841265681031678,2.189930762635737,True,False
rain,bus,BEV,0.5,120,True,0.6949224941663226,7.893203954541796,8.356283824685358,7.661361330519036,0.4630798701435621,True,False
rain,bus,BEV,0.7,120,True,0.4369121006751669,0.7998099461514095,3.6512507372584393,3.2143386365832725,2.85144079110703,True,False
sleet,sed,3D,0.3,1622,True,67.1694266405103,70.42968503556456,72.51657044466288,5.34714380415258,2.086885409098315,True,False
sleet,sed,3D,0.5,1622,True,47.42177300816858,44.04536377990363,49.12897807261431,1.7072050644457306,5.083614292710678,True,False
sleet,sed,3D,0.7,1622,True,10.027844520500288,8.332399706694844,7.320596264524121,-2.7072482559761673,-1.0118034421707227,True,False
sleet,sed,BEV,0.3,1622,True,70.54217705577393,74.00247266003682,75.60991797975673,5.067740923982797,1.6074453197199148,True,False
sleet,sed,BEV,0.5,1622,True,59.56544683471308,64.29971942503285,63.84629266975349,4.2808458350404095,-0.4534267552793594,True,False
sleet,sed,BEV,0.7,1622,True,40.00465536788298,40.477166488231234,42.012900576850434,2.008245208967452,1.5357340886192006,True,False
sleet,bus,3D,0.3,1132,True,74.74922014367492,59.549548818902096,57.4718623927167,-17.277357750958217,-2.0776864261853945,True,False
sleet,bus,3D,0.5,1132,True,62.915050947980276,38.831956170888624,38.47873609677131,-24.43631485120897,-0.35322007411731704,True,False
sleet,bus,3D,0.7,1132,True,11.222414400001478,8.738664961928992,9.336519378624955,-1.8858950213765233,0.597854416695963,True,False
sleet,bus,BEV,0.3,1132,True,76.95430928553299,60.54280667676293,58.07812181919184,-18.876187466341143,-2.4646848575710862,True,False
sleet,bus,BEV,0.5,1132,True,70.21761581434156,50.64507343794078,48.31430227803312,-21.90331353630844,-2.3307711599076626,True,False
sleet,bus,BEV,0.7,1132,True,34.84362435943518,22.174883595120217,22.6760757063882,-12.167548653046982,0.5011921112679829,True,False
lightsnow,sed,3D,0.3,1360,True,87.70972634016832,88.23847406405349,89.55544896711352,1.8457226269452036,1.3169749030600286,True,False
lightsnow,sed,3D,0.5,1360,True,62.32145811621768,59.251436881905306,60.7450227634318,-1.5764353527858788,1.4935858815264922,True,False
lightsnow,sed,3D,0.7,1360,True,21.138535764888257,10.848713360826416,10.666389876541478,-10.472145888346779,-0.18232348428493772,True,False
lightsnow,sed,BEV,0.3,1360,True,90.38351203421313,90.85357079684266,90.13030216540857,-0.25320986880456076,-0.7232686314340953,True,False
lightsnow,sed,BEV,0.5,1360,True,87.95223290766204,87.9794133975015,87.46913846232847,-0.48309444533356327,-0.5102749351730296,True,False
lightsnow,sed,BEV,0.7,1360,True,66.66113293554335,67.89478918337454,67.43740771819881,0.776274782655463,-0.45738146517572886,True,False
lightsnow,bus,3D,0.3,540,True,80.47092661099529,88.25935219842833,89.56350131502805,9.092574704032756,1.3041491165997172,True,False
lightsnow,bus,3D,0.5,540,True,53.297252342940716,70.81127016589451,75.09186027851328,21.794607935572564,4.280590112618768,True,False
lightsnow,bus,3D,0.7,540,True,36.40180055252114,39.85807168093349,48.47579336661988,12.073992814098744,8.61772168568639,True,False
lightsnow,bus,BEV,0.3,540,True,88.47576229207289,94.46301987468712,94.64121254882689,6.165450256753999,0.17819267413976547,True,False
lightsnow,bus,BEV,0.5,540,True,68.17358560430498,91.02288067610948,89.13724914739298,20.963663543088003,-1.8856315287165017,True,False
lightsnow,bus,BEV,0.7,540,True,56.3281104281011,69.53403189422211,74.19409925632915,17.865988828228055,4.660067362107043,True,False
heavysnow,sed,3D,0.3,1611,True,58.487863244162,63.60797021105265,63.573542852068464,5.085679607906464,-0.03442735898418903,True,False
heavysnow,sed,3D,0.5,1611,True,53.33468441306086,49.52424782762442,50.48532396870704,-2.8493604443538203,0.9610761410826214,True,False
heavysnow,sed,3D,0.7,1611,True,16.71069849504577,16.6205910527445,18.18523248704392,1.4745339919981504,1.5646414342994177,True,False
heavysnow,sed,BEV,0.3,1611,True,61.054058430420156,63.89596450476439,65.87382823123504,4.819769800814882,1.9778637264706447,True,False
heavysnow,sed,BEV,0.5,1611,True,56.543186491816954,61.279116602695694,61.33387520169754,4.790688709880584,0.05475859900184332,True,False
heavysnow,sed,BEV,0.7,1611,True,45.05851013954842,42.616778269169906,43.24680476470426,-1.8117053748441592,0.6300264955343522,True,False
heavysnow,bus,3D,0.3,1137,True,63.763961728938746,68.20418622088357,72.34123850166718,8.577276772728432,4.137052280783607,True,False
heavysnow,bus,3D,0.5,1137,True,41.10701771835895,32.550531908424915,39.36839489426447,-1.7386228240944774,6.817862985839554,True,False
heavysnow,bus,3D,0.7,1137,True,15.893298968296982,7.825995971587418,13.94172379466292,-1.9515751736340619,6.115727823075502,True,False
heavysnow,bus,BEV,0.3,1137,True,74.81388708814588,87.51376457522746,89.50402222660298,14.690135138457109,1.9902576513755292,True,False
heavysnow,bus,BEV,0.5,1137,True,74.62164049959344,79.69984775555656,78.96456092133096,4.342920421737517,-0.7352868342256045,True,False
heavysnow,bus,BEV,0.7,1137,True,49.18640063281548,29.589559826906587,36.92555024985116,-12.260850382964314,7.335990422944576,True,False
day,sed,3D,0.3,19961,True,76.5767437999036,77.14190080374229,76.74069078545422,0.16394698555062348,-0.4012100182880687,True,False
day,sed,3D,0.5,19961,True,55.92202002517775,54.75598286987021,54.70953478879631,-1.2124852363814398,-0.04644808107389764,True,False
day,sed,3D,0.7,19961,True,10.628648012932333,12.594213477752811,12.468997048791609,1.8403490358592762,-0.12521642896120255,True,False
day,sed,BEV,0.3,19961,True,79.37261623968328,79.83859234146277,79.31169149599458,-0.06092474368870171,-0.5269008454681909,True,False
day,sed,BEV,0.5,19961,True,73.82603877654316,74.1060258863607,73.64132644713531,-0.18471232940784432,-0.4646994392253845,True,False
day,sed,BEV,0.7,19961,True,49.24993587713042,45.140982188209506,44.588677837914155,-4.661258039216264,-0.5523043502953513,True,False
day,bus,3D,0.3,3603,True,59.33504449739604,56.9292882026023,53.673969965481994,-5.661074531914046,-3.2553182371203064,True,False
day,bus,3D,0.5,3603,True,39.848635146963964,27.719277309777674,26.79560335804865,-13.053031788915316,-0.9236739517290253,True,False
day,bus,3D,0.7,3603,True,8.985154256968915,6.711469281739466,4.621357705285217,-4.3637965516836985,-2.090111576454249,True,False
day,bus,BEV,0.3,3603,True,60.42172390527735,60.21894965556813,56.9836883566341,-3.4380355486432492,-3.2352612989340344,True,False
day,bus,BEV,0.5,3603,True,50.832762371960285,44.76612474412965,41.82002169309907,-9.012740678861213,-2.946103051030576,True,False
day,bus,BEV,0.7,3603,True,26.98115055925645,16.6243848839265,15.57784626999118,-11.403304289265268,-1.0465386139353186,True,False
night,sed,3D,0.3,9652,True,77.27044380207344,70.67299438396955,70.27500089860274,-6.995442903470703,-0.39799348536681123,True,False
night,sed,3D,0.5,9652,True,49.8235924178916,46.58593243169625,46.91352410055849,-2.9100683173331063,0.3275916688622402,True,False
night,sed,3D,0.7,9652,True,13.296827075923032,11.23791429710876,12.17135722782504,-1.1254698480979926,0.9334429307162786,True,False
night,sed,BEV,0.3,9652,True,80.96420961297494,73.91598674452821,73.41996462215255,-7.544244990822392,-0.49602212237566334,True,False
night,sed,BEV,0.5,9652,True,73.35579085691555,66.84370892725146,66.46646617474936,-6.88932468216619,-0.3772427525020987,True,False
night,sed,BEV,0.7,9652,True,49.1043772589919,40.7247944433854,42.25791060345405,-6.846466655537853,1.5331161600686514,True,False
night,bus,3D,0.3,2240,True,67.49583786676513,60.36562791309061,63.82832800611643,-3.6675098606486998,3.4627000930258163,True,False
night,bus,3D,0.5,2240,True,43.709691762220665,36.95414581651178,42.68707979456071,-1.0226119676599552,5.732933978048926,True,False
night,bus,3D,0.7,2240,True,13.366655970211704,11.795749564263,18.197058700645066,4.830402730433361,6.401309136382066,True,False
night,bus,BEV,0.3,2240,True,77.0813387873386,75.85685730060533,78.02941892414427,0.9480801368056717,2.1725616235389396,True,False
night,bus,BEV,0.5,2240,True,64.13279487686596,62.501625521904444,62.27428188776638,-1.8585129890995802,-0.2273436341380659,True,False
night,bus,BEV,0.7,2240,True,35.743545601803575,25.94431296741182,33.63925670895666,-2.104288892846917,7.69494374154484,True,False
urban,sed,3D,0.3,12032,True,75.38831235356375,78.21530346687796,77.95155609097652,2.563243737412776,-0.26374737590143127,True,False
urban,sed,3D,0.5,12032,True,56.26426102733008,57.069269146190074,57.331730212966,1.0674691856359217,0.26246106677592707,True,False
urban,sed,3D,0.7,12032,True,13.754381287300932,14.436119359295468,14.85174631301916,1.0973650257182275,0.41562695372369163,True,False
urban,sed,BEV,0.3,12032,True,78.62051397347163,81.14274190212569,80.78187123797323,2.1613572645016035,-0.3608706641524577,True,False
urban,sed,BEV,0.5,12032,True,71.87408918824018,74.76960621471763,74.48011538310396,2.6060261948637873,-0.2894908316136622,True,False
urban,sed,BEV,0.7,12032,True,52.897619474836134,50.836694047562126,50.39233290705776,-2.505286567778377,-0.4443611405043697,True,False
urban,bus,3D,0.3,748,True,67.70902560794276,86.24622015391492,85.183778926199,17.474753318256234,-1.0624412277159223,True,False
urban,bus,3D,0.5,748,True,41.9611939374828,45.14661479140337,47.79981724533537,5.838623307852572,2.6532024539319963,True,False
urban,bus,3D,0.7,748,True,21.945514500012155,13.19080014789471,20.0178872625223,-1.9276272374898547,6.8270871146275915,True,False
urban,bus,BEV,0.3,748,True,67.8306438128925,88.53903758982509,85.52094664106704,17.690302828174538,-3.0180909487580436,True,False
urban,bus,BEV,0.5,748,True,67.21646148451175,82.30261788411943,78.70894051091598,11.492479026404226,-3.593677373203448,True,False
urban,bus,BEV,0.7,748,True,52.526588208086736,38.80794482057661,43.25812873040943,-9.268459477677304,4.450183909832823,True,False
highway,sed,3D,0.3,8175,True,82.22115562991851,81.45046674612678,83.05806594123516,0.8369103113166432,1.607599195108378,True,False
highway,sed,3D,0.5,8175,True,54.228101845716694,55.73026706875257,56.08302700810596,1.8549251623892644,0.35275993935339045,True,False
highway,sed,3D,0.7,8175,True,7.51743454043791,6.244769341412074,5.366135673590466,-2.151298866847444,-0.8786336678216085,True,False
highway,sed,BEV,0.3,8175,True,85.14505393950269,84.34393180859784,85.72716444405253,0.5821105045498456,1.3832326354546893,True,False
highway,sed,BEV,0.5,8175,True,78.70326599706947,78.05297775458348,79.58352323138045,0.8802572343109887,1.5305454767969735,True,False
highway,sed,BEV,0.7,8175,True,46.103756230402496,41.99861999751438,41.78732881732318,-4.316427413079317,-0.2112911801912034,True,False
highway,bus,3D,0.3,3774,True,62.01945771783394,56.79300374524857,57.45208274374658,-4.5673749740873575,0.6590789984980105,True,False
highway,bus,3D,0.5,3774,True,40.9973401412801,29.334711576873406,33.13213376954994,-7.86520637173016,3.7974221926765317,True,False
highway,bus,3D,0.7,3774,True,10.213326483088915,8.114078627460296,9.706240884579746,-0.5070855985091693,1.5921622571194494,True,False
highway,bus,BEV,0.3,3774,True,67.68942750382796,68.39847864916388,68.07565685696194,0.38622935313398443,-0.3228217922019354,True,False
highway,bus,BEV,0.5,3774,True,55.45298372842726,51.451891907410385,50.83286424169474,-4.62011948673252,-0.6190276657156417,True,False
highway,bus,BEV,0.7,3774,True,27.720948034670545,18.690332636240395,21.60614770798724,-6.114800326683305,2.915815071746845,True,False
countryside,sed,3D,0.3,363,True,79.04358827935017,65.56484751745663,60.01597669605143,-19.027611583298743,-5.548870821405195,True,False
countryside,sed,3D,0.5,363,True,42.956158943152396,43.50148816290062,34.23701683143703,-8.719142111715364,-9.26447133146359,True,False
countryside,sed,3D,0.7,363,True,7.554221902447994,6.530115388438913,8.126580202056259,0.5723582996082648,1.5964648136173452,True,False
countryside,sed,BEV,0.3,363,True,80.42597377161869,69.847527648194,65.32674491177677,-15.099228859841915,-4.520782736417232,True,False
countryside,sed,BEV,0.5,363,True,71.76368076072858,60.368185366711856,55.9302485379546,-15.833432222773979,-4.437936828757259,True,False
countryside,sed,BEV,0.7,363,True,40.05800081968188,27.25403185255677,23.279986194122856,-16.778014625559024,-3.9740456584339157,True,False
countryside,bus,3D,0.3,173,True,41.7718039376667,32.68170426065163,24.83445764156118,-16.937346296105517,-7.847246619090448,True,False
countryside,bus,3D,0.5,173,True,25.345737993462407,15.098722415795587,12.315423023283047,-13.03031497017936,-2.7832993925125393,True,False
countryside,bus,3D,0.7,173,True,3.1136481577581736,1.9744483159117305,1.5864868372921757,-1.527161320465998,-0.3879614786195549,True,False
countryside,bus,BEV,0.3,173,True,45.33047479145438,36.0397184999518,27.346297537122016,-17.984177254332362,-8.693420962829787,True,False
countryside,bus,BEV,0.5,173,True,25.748051294945938,20.90592334494773,19.598617837423937,-6.149433457522001,-1.3073055075237932,True,False
countryside,bus,BEV,0.7,173,True,20.624901944219843,10.73170731707317,7.624046222379041,-13.000855721840802,-3.1076610946941283,True,False
alleyway,sed,3D,0.3,3844,True,61.58891000638219,39.07215294721143,38.10762820311203,-23.481281803270164,-0.9645247440993998,True,False
alleyway,sed,3D,0.5,3844,True,38.52127238039093,20.96564531014054,21.068004816468736,-17.453267563922196,0.10235950632819524,True,False
alleyway,sed,3D,0.7,3844,True,8.667705024309276,4.01230981209457,2.7090036760373577,-5.958701348271918,-1.3033061360572127,True,False
alleyway,sed,BEV,0.3,3844,True,66.94976453519433,42.31873165539752,41.15283803680305,-25.796926498391286,-1.165893618594474,True,False
alleyway,sed,BEV,0.5,3844,True,61.19722368044669,35.67898364381531,35.26825340008451,-25.92897028036218,-0.4107302437307965,True,False
alleyway,sed,BEV,0.7,3844,True,35.45061670361921,17.434291234731138,16.003937445640403,-19.446679257978808,-1.4303537890907343,True,False
alleyway,bus,3D,0.3,164,True,19.149359114368533,20.6062415028347,22.975626765901723,3.8262676515331897,2.3693852630670236,True,False
alleyway,bus,3D,0.5,164,True,5.616054454787618,4.523238120081736,3.230899741104333,-2.3851547136832854,-1.2923383789774028,True,False
alleyway,bus,3D,0.7,164,True,2.682926829268293,0.0,0.14139271827500885,-2.541534110993284,0.14139271827500885,True,False
alleyway,bus,BEV,0.3,164,True,19.149359114368533,22.689073352107012,25.48163960602573,6.3322804916571975,2.792566253918718,True,False
alleyway,bus,BEV,0.5,164,True,11.024548226465487,14.081002148461067,11.702928632474844,0.6783804060093566,-2.378073515986223,True,False
alleyway,bus,BEV,0.7,164,True,3.684402122890043,0.9161713465874155,1.6765136595465333,-2.0078884633435097,0.7603423129591178,True,False
parkinglots,sed,3D,0.3,653,True,66.96665964807215,66.40871747347634,75.30394383216739,8.337284184095239,8.895226358691048,True,False
parkinglots,sed,3D,0.5,653,True,52.842473217807594,44.80865464908141,51.038719351754345,-1.803753866053249,6.230064702672934,True,False
parkinglots,sed,3D,0.7,653,True,23.830821483711702,26.793951241902597,27.428661719511965,3.5978402358002626,0.6347104776093673,True,False
parkinglots,sed,BEV,0.3,653,True,68.5091181195601,68.66446012317637,75.53350726183027,7.0243891422701665,6.869047138653897,True,False
parkinglots,sed,BEV,0.5,653,True,60.794475792541256,55.84886359174085,60.98240087068544,0.18792507814418258,5.133537278944587,True,False
parkinglots,sed,BEV,0.7,653,True,33.083479398380305,33.3808202999792,36.34971073197592,3.266231333595613,2.9688904319967193,True,False
parkinglots,bus,3D,0.3,361,True,63.10197511287381,64.18320887248913,66.7891103992397,3.687135286365894,2.6059015267505714,True,False
parkinglots,bus,3D,0.5,361,True,52.214094058281106,38.036254785614894,40.03288602075996,-12.181208037521145,1.9966312351450668,True,False
parkinglots,bus,3D,0.7,361,True,3.7830405474703044,9.73464209921206,9.365319522322837,5.5822789748525325,-0.369322576889223,True,False
parkinglots,bus,BEV,0.3,361,True,65.23895684877701,66.88404536536319,67.05096464086905,1.8120077920920465,0.16691927550586172,True,False
parkinglots,bus,BEV,0.5,361,True,57.71043198871026,53.54145289851559,51.34177197904543,-6.368660009664829,-2.199680919470154,True,False
parkinglots,bus,BEV,0.7,361,True,25.643215356537695,20.058069360882467,19.817677454932678,-5.825537901605017,-0.24039190594978876,True,False
shoulder,sed,3D,0.3,861,True,93.71494668495805,97.31850614334388,97.32176294379819,3.6068162588401407,0.0032568004543094276,True,False
shoulder,sed,3D,0.5,861,True,91.12750377034001,94.58454349247377,94.57080791966906,3.4433041493290517,-0.013735572804705498,True,False
shoulder,sed,3D,0.7,861,True,63.50177504382055,65.77405586677395,77.38051348362906,13.878738439808508,11.60645761685511,True,False
shoulder,sed,BEV,0.3,861,True,99.67824751243526,99.8751358346124,99.83038797897997,0.15214046654470792,-0.044747855632422784,True,False
shoulder,sed,BEV,0.5,861,True,96.78664747566779,97.45584458702352,97.42481899043605,0.6381715147682598,-0.03102559658746884,True,False
shoulder,sed,BEV,0.7,861,True,82.76558625233206,91.51245419840147,90.76199212452104,7.996405872188987,-0.7504620738804277,True,False
shoulder,bus,3D,0.3,0,False,0.0,0.0,0.0,0.0,0.0,True,False
shoulder,bus,3D,0.5,0,False,0.0,0.0,0.0,0.0,0.0,True,False
shoulder,bus,3D,0.7,0,False,0.0,0.0,0.0,0.0,0.0,True,False
shoulder,bus,BEV,0.3,0,False,0.0,0.0,0.0,0.0,0.0,True,False
shoulder,bus,BEV,0.5,0,False,0.0,0.0,0.0,0.0,0.0,True,False
shoulder,bus,BEV,0.7,0,False,0.0,0.0,0.0,0.0,0.0,True,False
mountain,sed,3D,0.3,1086,True,91.07551514563444,89.73177252636825,89.47650124812243,-1.599013897512009,-0.2552712782458144,True,False
mountain,sed,3D,0.5,1086,True,76.24364694602644,67.50128091242576,66.29358514248841,-9.950061803538034,-1.2076957699373452,True,False
mountain,sed,3D,0.7,1086,True,18.662953750216992,13.183441358301417,10.114399327195702,-8.54855442302129,-3.069042031105715,True,False
mountain,sed,BEV,0.3,1086,True,91.86219031084822,92.32416645520637,92.1312689546302,0.269078643781981,-0.19289750057616573,True,False
mountain,sed,BEV,0.5,1086,True,91.67014057049624,91.98190998465427,91.63194436937057,-0.03819620112567179,-0.3499656152836934,True,False
mountain,sed,BEV,0.7,1086,True,78.97577391262189,70.3354366985676,74.36676553071966,-4.609008381902228,4.031328832152056,True,False
mountain,bus,3D,0.3,598,True,91.18015921344639,62.770121077896015,59.19952551026516,-31.980633703181226,-3.5705955676308534,True,False
mountain,bus,3D,0.5,598,True,78.11794335874893,58.63868998244516,51.79729009014468,-26.320653268604254,-6.84139989230048,True,False
mountain,bus,3D,0.7,598,True,19.23462564717242,17.87936282457588,15.122482154437296,-4.112143492735125,-2.7568806701385853,True,False
mountain,bus,BEV,0.3,598,True,91.18015921344639,62.81632755638571,59.19952551026516,-31.980633703181226,-3.6168020461205472,True,False
mountain,bus,BEV,0.5,598,True,88.168931924151,62.34393124720492,56.0950666799367,-32.073865244214296,-6.248864567268221,True,False
mountain,bus,BEV,0.7,598,True,45.42711365917359,40.825571448391415,38.34811226094517,-7.079001398228421,-2.477459187446243,True,False
university,sed,3D,0.3,2599,True,75.13360355748763,72.46310754511738,69.713438137072,-5.420165420415628,-2.749669408045378,True,False
university,sed,3D,0.5,2599,True,48.5801028498369,43.654345636383454,44.96284351787703,-3.6172593319598647,1.3084978814935795,True,False
university,sed,3D,0.7,2599,True,7.011223435091758,5.918686971946433,4.998552200726408,-2.0126712343653503,-0.9201347712200247,True,False
university,sed,BEV,0.3,2599,True,75.57457879698973,75.05350307985908,72.21129353206112,-3.3632852649286065,-2.842209547797964,True,False
university,sed,BEV,0.5,2599,True,72.48708563849779,68.77298567749861,66.0374101367436,-6.449675501754186,-2.7355755407550078,True,False
university,sed,BEV,0.7,2599,True,45.318791188768365,32.52734026072008,30.40756965753455,-14.911221531233814,-2.119770603185529,True,False
university,bus,3D,0.3,25,True,0.0,0.0,0.0,0.0,0.0,True,False
university,bus,3D,0.5,25,True,0.0,0.0,0.0,0.0,0.0,True,False
university,bus,3D,0.7,25,True,0.0,0.0,0.0,0.0,0.0,True,False
university,bus,BEV,0.3,25,True,0.0,0.0,0.0,0.0,0.0,True,False
university,bus,BEV,0.5,25,True,0.0,0.0,0.0,0.0,0.0,True,False
university,bus,BEV,0.7,25,True,0.0,0.0,0.0,0.0,0.0,True,False
