model,cls,group,gt,tp_3D,recall_3D,tp_BEV,recall_BEV,tp_mean_xy_m,tp_mean_z_m,tp_mean_size_l1_m,tp_mean_yaw_axis_deg
objdec_clr,all,all,11854,10399,0.8772566222372195,10889,0.9185928800404927,0.09106414604465513,0.04992734482210065,0.1674029940778859,5.882283593035669
objdec_lr,all,all,11854,10475,0.8836679601822169,10935,0.9224734266914122,0.09083758631396621,0.0493255322069143,0.1698582268757012,6.309980149431778
asf,all,all,11854,10413,0.8784376581744558,10868,0.9168213261346381,0.09086031233999171,0.04767678184791631,0.16647443831007017,6.03314954849407
l4dr,all,all,11854,10398,0.8771722625274169,10868,0.9168213261346381,0.09054473486683422,0.04867246956954104,0.16889643815302532,6.446975231424219
objdec_clr,all,range:0-30,4734,4491,0.9486692015209125,4558,0.9628221377270807,0.07816825266975178,0.03654865334252158,0.15293700043779787,5.375498512102019
objdec_lr,all,range:0-30,4734,4507,0.9520490071820871,4573,0.9659907055344318,0.0793855404065947,0.03666941970520652,0.15436324182941613,5.702115183022425
asf,all,range:0-30,4734,4515,0.9537389100126743,4580,0.9674693705111956,0.07787563225699451,0.03506009818497191,0.14989761772213847,5.559221284128374
l4dr,all,range:0-30,4734,4485,0.9474017743979721,4545,0.9600760456273765,0.07881163719020381,0.03492676663537455,0.154813223705111,5.923071034400229
objdec_clr,all,range:30-60,5461,4678,0.8566196667277055,4926,0.9020325947628639,0.09735897583976072,0.05603839368322508,0.17203116379343786,6.220499785224226
objdec_lr,all,range:30-60,5461,4709,0.8622962827321003,4944,0.905328694378319,0.09557589384884213,0.055386120041709314,0.17384291617929568,6.832684859506563
asf,all,range:30-60,5461,4691,0.8590001831166453,4924,0.9016663614722579,0.09720039792550758,0.05285589978618234,0.17143867800952883,6.47153201938267
l4dr,all,range:30-60,5461,4675,0.8560703167917963,4916,0.9002014283098334,0.0959669681918872,0.05344985492886069,0.172210560316708,6.890472854360467
objdec_clr,all,range:60+,1659,1230,0.7414104882459313,1405,0.8468957203134418,0.11420905934968524,0.07553402519807582,0.20261941644234385,6.446345748657572
objdec_lr,all,range:60+,1659,1259,0.7588908981314044,1418,0.8547317661241712,0.11411135972365057,0.07196396821259127,0.21042375163581278,6.530973734709609
asf,all,range:60+,1659,1207,0.727546714888487,1364,0.8221820373719108,0.11479112351901194,0.07474313188088069,0.2091895141380329,6.1021917545194855
l4dr,all,range:60+,1659,1238,0.7462326702833032,1407,0.8481012658227848,0.11257543138142596,0.08042949792569404,0.2074018466212638,6.6702053900879035
objdec_clr,all,lidar:0-5,170,11,0.06470588235294118,18,0.10588235294117647,0.1717456906864589,0.09706600687720558,0.20843362266367133,4.839385446567919
objdec_lr,all,lidar:0-5,170,19,0.11176470588235295,29,0.17058823529411765,0.19726930323399997,0.06893418650878103,0.23783780399121737,3.7800032050002885
asf,all,lidar:0-5,170,24,0.1411764705882353,38,0.2235294117647059,0.15604958644447228,0.07311676194270451,0.21173605074485144,5.02516557276349
l4dr,all,lidar:0-5,170,1,0.0058823529411764705,1,0.0058823529411764705,0.09800467640161514,0.14286553859710693,0.028448283672332764,27.962693830427487
objdec_clr,all,lidar:6-20,565,339,0.6,392,0.6938053097345133,0.09762225109482167,0.09221359559919982,0.14209143109729508,14.682763281953614
objdec_lr,all,lidar:6-20,565,328,0.5805309734513274,388,0.6867256637168142,0.09216673761640289,0.08076208271086216,0.14336461174051937,15.782828692268184
asf,all,lidar:6-20,565,321,0.5681415929203539,380,0.672566371681416,0.0967113248223433,0.08505581556079543,0.145228688497781,14.87542872571671
l4dr,all,lidar:6-20,565,335,0.5929203539823009,383,0.6778761061946903,0.09507303887199778,0.09211970487637307,0.13885378641868706,14.696176634345335
objdec_clr,all,lidar:21-100,5228,4403,0.8421958684009181,4714,0.9016832440703902,0.09481486237672727,0.06078000997863465,0.160562052656081,7.9392463940490225
objdec_lr,all,lidar:21-100,5228,4449,0.8509946442234124,4734,0.9055087987758225,0.0931170512894895,0.060214127503732374,0.1615241833498409,8.720670821808158
asf,all,lidar:21-100,5228,4375,0.836840091813313,4671,0.8934583014537107,0.093192851979658,0.05787743787169457,0.1575384051663535,8.352185392690341
l4dr,all,lidar:21-100,5228,4408,0.8431522570772763,4730,0.904743687834736,0.0936892263586747,0.05999206770008629,0.15952139332917553,8.94475495408447
objdec_clr,all,lidar:101+,5891,5646,0.958411135630623,5765,0.9786114411814633,0.08758821642843481,0.038833145569486055,0.17417769262839664,3.7518021995192234
objdec_lr,all,lidar:101+,5891,5679,0.9640129010354779,5784,0.9818367000509252,0.08861897319109546,0.038913996113839125,0.1776899672253574,3.882759237033705
asf,all,lidar:101+,5891,5693,0.9663894075708708,5779,0.9809879477168563,0.08846305632227128,0.03762283850554164,0.17434880191363078,3.756676367600055
l4dr,all,lidar:101+,5891,5654,0.9597691393651333,5754,0.9767441860465116,0.08782358872617319,0.03725651529712157,0.17801032815461956,4.0070722943771795
objdec_clr,all,radar:0,4722,3831,0.8113087674714105,4121,0.8727234222786955,0.09589743571966974,0.06264433360417186,0.16760702743538985,8.01428644718907
objdec_lr,all,radar:0,4722,3861,0.8176620076238882,4137,0.8761118170266836,0.09514634077008707,0.06148360170012958,0.17002685534401404,8.710510817608101
asf,all,radar:0,4722,3805,0.8058026260059297,4081,0.8642524354087251,0.09584460372182341,0.06025992762223963,0.16662804301088963,8.097690031869103
l4dr,all,radar:0,4722,3826,0.8102498941126641,4112,0.8708174502329521,0.0954093234564854,0.062104342065720394,0.16759734956369435,8.761845719696673
objdec_clr,all,radar:1-5,2137,1837,0.8596162845109967,1952,0.9134300421151147,0.0963493187963267,0.05452961046765794,0.16017637691811887,6.793767366453986
objdec_lr,all,radar:1-5,2137,1851,0.8661675245671502,1962,0.9181094992980814,0.09456946414892588,0.05358591771557291,0.16498464102812035,7.629834733721572
asf,all,radar:1-5,2137,1848,0.8647636874122602,1946,0.9106223678053346,0.09601198206151719,0.050591589286278334,0.16297716778013613,7.309974478154453
l4dr,all,radar:1-5,2137,1824,0.8535329901731399,1935,0.9054749649040711,0.0931677200958866,0.05208784288710408,0.16229818645341879,7.797016204731792
objdec_clr,all,radar:6-20,1986,1828,0.9204431017119838,1880,0.94662638469285,0.09113166488643891,0.04357625431986424,0.17017083781357667,5.33154508508773
objdec_lr,all,radar:6-20,1986,1838,0.9254783484390735,1880,0.94662638469285,0.09264467316208422,0.04363915828077915,0.171062778255885,5.382469708794601
asf,all,radar:6-20,1986,1832,0.9224572004028198,1885,0.9491440080563948,0.09230394340826882,0.041501079424687025,0.16885847011052366,5.567192730519822
l4dr,all,radar:6-20,1986,1827,0.9199395770392749,1876,0.9446122860020141,0.08949172531701136,0.043451822686534664,0.17059813210660144,5.672385108853216
objdec_clr,all,radar:21+,3009,2903,0.9647723496178132,2936,0.9757394483217016,0.0812988620168968,0.034232080413931366,0.16996380206309145,2.838760123003873
objdec_lr,all,radar:21+,3009,2925,0.9720837487537388,2956,0.9823861748089067,0.08165289145774948,0.03415400242448872,0.17196283113243233,2.8888739766256024
asf,all,radar:21+,3009,2928,0.9730807577268196,2956,0.9823861748089067,0.08022839756187274,0.033349067716073,0.16699047102669223,2.835910436907466
l4dr,all,radar:21+,3009,2921,0.9707544034562978,2945,0.9787304752409438,0.08319369325291069,0.032211715291429265,0.17365389422617805,3.056357953263932
objdec_clr,Vehicle,all,4866,4266,0.8766954377311961,4547,0.9344430743937525,0.10125041230139836,0.04331393633692744,0.19834811565633453,1.5519073650855695
objdec_lr,Vehicle,all,4866,4326,0.8890258939580764,4588,0.9428688861487875,0.1027394129863027,0.042606537148073984,0.2040593732136353,1.616533372498751
asf,Vehicle,all,4866,4321,0.8879983559391698,4569,0.938964241676942,0.10256324549839486,0.04105145992502981,0.19862925570421103,1.6107147269185769
l4dr,Vehicle,all,4866,4294,0.8824496506370736,4575,0.94019728729963,0.10149660166105191,0.04278544943695554,0.20491127730193226,1.612272846023127
objdec_clr,Vehicle,range:0-30,2082,2018,0.9692603266090298,2045,0.9822286263208453,0.08176147809198608,0.02896644703017472,0.16713784323456976,1.2262214932279694
objdec_lr,Vehicle,range:0-30,2082,2030,0.9750240153698367,2056,0.9875120076849183,0.08392582289757565,0.029783555428529607,0.17125507499196846,1.241057781033278
asf,Vehicle,range:0-30,2082,2033,0.9764649375600384,2054,0.9865513928914506,0.08140358490203092,0.02848087497508136,0.16227774226014624,1.2567620873843892
l4dr,Vehicle,range:0-30,2082,2028,0.9740634005763689,2047,0.9831892411143132,0.08152942044879273,0.02857315871741483,0.17312194603904935,1.2412070339949515
objdec_clr,Vehicle,range:30-60,1953,1679,0.8597030209933436,1813,0.9283154121863799,0.11414200002843422,0.05102355906461377,0.2147100220271844,1.772866242586426
objdec_lr,Vehicle,range:30-60,1953,1707,0.8740399385560675,1831,0.937532002048131,0.11386069469085683,0.0488171341802268,0.21661430642698407,1.8534107814569591
asf,Vehicle,range:30-60,1953,1710,0.8755760368663594,1825,0.9344598054275474,0.11699046722718116,0.04728653694432207,0.21695168596959252,1.8002137177771365
l4dr,Vehicle,range:30-60,1953,1703,0.8719918074756784,1831,0.937532002048131,0.11499785297988852,0.048213712608576244,0.21772819074965616,1.802062904734733
objdec_clr,Vehicle,range:60+,831,569,0.6847172081829122,689,0.8291215403128761,0.13232895964920285,0.07144886930923261,0.26075705933026144,2.054972627097343
objdec_lr,Vehicle,range:60+,831,589,0.7087845968712395,701,0.8435619735258725,0.13534987140810575,0.06880206135315077,0.28073416845098215,2.224115229176593
asf,Vehicle,range:60+,831,578,0.6955475330926595,690,0.8303249097472925,0.13430553068210302,0.06681965629225371,0.2722819738322063,2.295044211010039
l4dr,Vehicle,range:60+,831,563,0.677496991576414,697,0.838748495788207,0.13258152617700728,0.07756021568554967,0.2806511710846191,2.374811028629301
objdec_clr,Vehicle,lidar:0-5,88,5,0.056818181818181816,12,0.13636363636363635,0.22329621762037277,0.06154012680053711,0.18999886512756348,3.6821038006093163
objdec_lr,Vehicle,lidar:0-5,88,9,0.10227272727272728,18,0.20454545454545456,0.22253835863537258,0.050962871975368924,0.24708173010084364,4.375879182768099
asf,Vehicle,lidar:0-5,88,10,0.11363636363636363,21,0.23863636363636365,0.15064345505088567,0.05107611417770386,0.20827691555023192,1.8631874506649684
l4dr,Vehicle,lidar:0-5,88,0,0.0,0,0.0,,,,
objdec_clr,Vehicle,lidar:6-20,47,19,0.40425531914893614,30,0.6382978723404256,0.12359451875090599,0.07458617185291491,0.2005323422582526,2.5634985708609355
objdec_lr,Vehicle,lidar:6-20,47,11,0.23404255319148937,27,0.574468085106383,0.1533761749213392,0.06008092381737449,0.24547503211281516,3.4615293569557606
asf,Vehicle,lidar:6-20,47,11,0.23404255319148937,26,0.5531914893617021,0.14725686304948546,0.08628738468343561,0.19967851855538107,2.5321500286427643
l4dr,Vehicle,lidar:6-20,47,16,0.3404255319148936,26,0.5531914893617021,0.141864423872903,0.08891598507761955,0.19994179159402847,2.8641607119926213
objdec_clr,Vehicle,lidar:21-100,1217,896,0.7362366474938373,1063,0.8734593262119967,0.12323792260966522,0.06554835053559925,0.21563767229339906,2.219678622385939
objdec_lr,Vehicle,lidar:21-100,1217,933,0.7666392769104355,1084,0.8907148726376335,0.1244021938327153,0.06105593704525681,0.2221166331157296,2.280903932286261
asf,Vehicle,lidar:21-100,1217,908,0.7460969597370584,1062,0.8726376335250616,0.12419374855973712,0.05690023559043061,0.21529623826694907,2.290386316915417
l4dr,Vehicle,lidar:21-100,1217,899,0.7387017255546425,1093,0.8981101068200493,0.12637003190769866,0.06554222416891006,0.2259117158024144,2.325011750568469
objdec_clr,Vehicle,lidar:101+,3514,3346,0.952191235059761,3442,0.9795105293113261,0.09505328848629296,0.0371551382050889,0.19371834972698534,1.3641625170196758
objdec_lr,Vehicle,lidar:101+,3514,3373,0.9598747865680136,3459,0.9843483210017074,0.09626251721938008,0.037423994790860955,0.19881472543761103,1.4193834168500115
asf,Vehicle,lidar:101+,3514,3392,0.9652817302219693,3460,0.9846328969834945,0.0964863207730748,0.03663267159394103,0.19413584808133683,1.425041873359154
l4dr,Vehicle,lidar:101+,3514,3379,0.9615822424587365,3456,0.983494593056346,0.09468775320081958,0.03651246066682303,0.1993475358279438,1.416717213871078
objdec_clr,Vehicle,radar:0,1286,975,0.7581648522550545,1112,0.864696734059098,0.122000781980176,0.06020676801602046,0.22409465997647016,2.0097846628630327
objdec_lr,Vehicle,radar:0,1286,989,0.7690513219284604,1123,0.8732503888024883,0.1260856790157342,0.05742355029280434,0.23246164775111677,2.160335044911242
asf,Vehicle,radar:0,1286,981,0.7628304821150855,1118,0.8693623639191291,0.1273870414657429,0.056698096629372675,0.2273734947713994,2.1125706985985224
l4dr,Vehicle,radar:0,1286,976,0.7589424572317263,1132,0.880248833592535,0.1243899465971779,0.062170922473744776,0.2351520557384022,2.1978368247832067
objdec_clr,Vehicle,radar:1-5,705,567,0.8042553191489362,645,0.9148936170212766,0.11790240026240087,0.05095452820550407,0.19759779190891003,1.796656905778714
objdec_lr,Vehicle,radar:1-5,705,592,0.8397163120567376,658,0.9333333333333333,0.11499523362451598,0.049160408925869176,0.2085431578594285,1.8246722697543059
asf,Vehicle,radar:1-5,705,593,0.8411347517730496,647,0.9177304964539007,0.11785048409365118,0.04722639520041657,0.20574595232637094,1.8451199229918827
l4dr,Vehicle,radar:1-5,705,574,0.8141843971631205,647,0.9177304964539007,0.11209543560102633,0.04856457631347071,0.20823366467545673,1.7983602382394395
objdec_clr,Vehicle,radar:6-20,848,768,0.9056603773584906,806,0.9504716981132075,0.10396585959279037,0.04355902243211555,0.20536153592790166,1.6145717348970017
objdec_lr,Vehicle,radar:6-20,848,778,0.9174528301886793,811,0.9563679245283019,0.10748445887296942,0.042549924201937754,0.20747347448049902,1.6437118739087775
asf,Vehicle,radar:6-20,848,777,0.9162735849056604,809,0.9540094339622641,0.10726150664041824,0.04113984609231295,0.2058908344082237,1.6466227475381723
l4dr,Vehicle,radar:6-20,848,778,0.9174528301886793,810,0.9551886792452831,0.10297842060424062,0.04435982110797593,0.20587675736924982,1.6045939916795144
objdec_clr,Vehicle,radar:21+,2027,1956,0.9649728663048841,1984,0.978786383818451,0.0850138319688392,0.03258236547920602,0.18297809831691422,1.2281192306677684
objdec_lr,Vehicle,radar:21+,2027,1967,0.970399605328071,1996,0.9847064627528367,0.08543562619384884,0.033206499923620965,0.1870789864248713,1.2697194653872907
asf,Vehicle,radar:21+,2027,1970,0.9718796250616675,1995,0.9842131228416379,0.08374698903224889,0.03136630090104823,0.17930918145300773,1.2760834977252145
l4dr,Vehicle,radar:21+,2027,1966,0.9699062654168722,1986,0.9797730636408486,0.08645057395148675,0.030851420102733833,0.18854647893022788,1.2702838034378416
objdec_clr,Pedestrian,all,3624,3100,0.8554083885209713,3234,0.8923841059602649,0.06767089124945473,0.05602705098568432,0.133155287177332,12.607635545728314
objdec_lr,Pedestrian,all,3624,3135,0.8650662251655629,3251,0.897075055187638,0.06810526946857363,0.056363681091836385,0.13480309999920725,13.837285599321564
asf,Pedestrian,all,3624,3091,0.852924944812362,3224,0.8896247240618101,0.06769530777691402,0.053171426234980765,0.13093967541488233,13.155277623788734
l4dr,Pedestrian,all,3624,3124,0.8620309050772627,3227,0.8904525386313465,0.06845130997491707,0.05502805481968917,0.13338408522813483,14.27799615446064
objdec_clr,Pedestrian,range:0-30,1486,1360,0.9152086137281292,1396,0.9394347240915208,0.06408971642719254,0.04547391598496367,0.12403743536595035,12.278886546599223
objdec_lr,Pedestrian,range:0-30,1486,1365,0.9185733512786003,1394,0.9380888290713324,0.06512987052496427,0.04615138381610423,0.12435685802292037,13.356808535015075
asf,Pedestrian,range:0-30,1486,1365,0.9185733512786003,1400,0.9421265141318977,0.06378780652874665,0.04241239519673826,0.12177871563932398,12.82281943289144
l4dr,Pedestrian,range:0-30,1486,1362,0.9165545087483177,1392,0.9367429340511441,0.06578632634784069,0.04338215848242265,0.12574924751787983,13.9412530226195
objdec_clr,Pedestrian,range:30-60,1792,1464,0.8169642857142857,1535,0.8565848214285714,0.07047930118922702,0.06224125983254587,0.14097056918538334,12.30942390777199
objdec_lr,Pedestrian,range:30-60,1792,1477,0.82421875,1547,0.86328125,0.06955009927166363,0.06247414611204299,0.14409392785606306,13.975648579075072
asf,Pedestrian,range:30-60,1792,1465,0.8175223214285714,1536,0.8571428571428571,0.07010252759776017,0.058339046437687433,0.1381158922922896,13.223207911969554
l4dr,Pedestrian,range:30-60,1792,1469,0.8197544642857143,1533,0.85546875,0.06926476070942665,0.05961752418679717,0.14043368811993634,14.322306014490556
objdec_clr,Pedestrian,range:60+,346,276,0.7976878612716763,303,0.8757225433526011,0.07042047678007056,0.0750656808739987,0.13662885820520096,15.809376403639968
objdec_lr,Pedestrian,range:60+,346,293,0.846820809248555,310,0.8959537572254336,0.07468344673431723,0.07313715872504198,0.1366343885761886,15.378203932708686
asf,Pedestrian,range:60+,346,261,0.7543352601156069,288,0.8323699421965318,0.07461930075089422,0.0804339311017844,0.13857014425869646,14.512701219152348
l4dr,Pedestrian,range:60+,346,293,0.846820809248555,302,0.8728323699421965,0.07676103206052613,0.08615358489161873,0.13353009994933224,15.621180322323031
objdec_clr,Pedestrian,lidar:0-5,36,2,0.05555555555555555,2,0.05555555555555555,0.062205974012613297,0.13011184334754944,0.16999036073684692,11.501161793609544
objdec_lr,Pedestrian,lidar:0-5,36,3,0.08333333333333333,4,0.1111111111111111,0.09521661574641864,0.14219961563746134,0.15184533596038818,3.617797675680153
asf,Pedestrian,lidar:0-5,36,5,0.1388888888888889,7,0.19444444444444445,0.08951351940631866,0.10344380140304565,0.14618793725967408,11.436530127023445
l4dr,Pedestrian,lidar:0-5,36,1,0.027777777777777776,1,0.027777777777777776,0.09800467640161514,0.14286553859710693,0.028448283672332764,27.962693830427487
objdec_clr,Pedestrian,lidar:6-20,314,209,0.6656050955414012,234,0.7452229299363057,0.07401909423617727,0.08948251105951921,0.1318118441047851,19.616102761062667
objdec_lr,Pedestrian,lidar:6-20,314,210,0.6687898089171974,235,0.7484076433121019,0.0788499826698431,0.07885525772968928,0.1363561735266731,20.558116730039135
asf,Pedestrian,lidar:6-20,314,203,0.6464968152866242,232,0.7388535031847133,0.07762691809158093,0.08279884654312886,0.13377638917251172,19.245072764182503
l4dr,Pedestrian,lidar:6-20,314,206,0.6560509554140127,225,0.7165605095541401,0.08073008421455845,0.09277066747540409,0.13053338215189073,19.46087879290061
objdec_clr,Pedestrian,lidar:21-100,2229,1893,0.8492597577388964,1984,0.8900852400179453,0.0693641936022624,0.059247668482249084,0.1360390782198828,12.617764489657043
objdec_lr,Pedestrian,lidar:21-100,2229,1919,0.860924181247196,1998,0.8963660834454913,0.06875271871223718,0.060429527858634244,0.13807275781040082,14.218582314256093
asf,Pedestrian,lidar:21-100,2229,1883,0.8447734410049349,1975,0.88604755495738,0.06922624072661417,0.05636240749467071,0.13277834266091812,13.52288008765263
l4dr,Pedestrian,lidar:21-100,2229,1921,0.8618214445939884,1992,0.8936742934051144,0.06905750796925578,0.05836517936639771,0.13395167886435147,14.721025600320266
objdec_clr,Pedestrian,lidar:101+,1045,996,0.9531100478468899,1014,0.970334928229665,0.06313146761128581,0.04273690072348319,0.12788228819288883,11.11995402830088
objdec_lr,Pedestrian,lidar:101+,1045,1003,0.9598086124401913,1014,0.970334928229665,0.06453579897037777,0.04361881684151628,0.12817125006069097,11.731179448135991
asf,Pedestrian,lidar:101+,1045,1000,0.9569377990430622,1010,0.9665071770334929,0.06268735308060422,0.040897080324590204,0.12682537078857423,11.235447508316906
l4dr,Pedestrian,lidar:101+,1045,996,0.9531100478468899,1009,0.9655502392344497,0.06471286900411641,0.04069729985474762,0.1329843194250122,12.3378173525621
objdec_clr,Pedestrian,radar:0,1906,1549,0.8126967471143757,1646,0.863588667366212,0.06858239318038234,0.06424246980701052,0.14167704143164003,13.557421446245435
objdec_lr,Pedestrian,radar:0,1906,1584,0.8310598111227702,1666,0.8740818467995802,0.0688744257480574,0.06385662831892872,0.14317043136918184,14.949691596644321
asf,Pedestrian,radar:0,1906,1543,0.8095487932843651,1636,0.8583420776495279,0.06890494253185209,0.0616040789025485,0.14014582228753295,13.737853708859397
l4dr,Pedestrian,radar:0,1906,1577,0.8273871983210913,1641,0.8609653725078699,0.06948529232438647,0.06395638717448288,0.13984636600514946,15.186275769937618
objdec_clr,Pedestrian,radar:1-5,731,632,0.8645690834473324,656,0.8974008207934336,0.07071364773260548,0.058101920929702025,0.12883413003026684,13.13921937919351
objdec_lr,Pedestrian,radar:1-5,731,624,0.853625170998632,654,0.8946648426812586,0.06996809403827707,0.056698871322740346,0.1331317794915193,15.785472074159134
asf,Pedestrian,radar:1-5,731,626,0.8563611491108071,653,0.893296853625171,0.0691786612954568,0.05167796338994663,0.12599839841405425,14.882737610840898
l4dr,Pedestrian,radar:1-5,731,625,0.8549931600547196,651,0.8905608755129959,0.06932825503014028,0.05553928644657135,0.1286272469997406,15.935131419687293
objdec_clr,Pedestrian,radar:6-20,556,509,0.9154676258992805,517,0.9298561151079137,0.06641503277715947,0.04202358746692567,0.11860594984824625,11.856077904435608
objdec_lr,Pedestrian,radar:6-20,556,509,0.9154676258992805,512,0.920863309352518,0.06758345489404832,0.046222759955992634,0.12028891884507739,11.84810463185213
asf,Pedestrian,radar:6-20,556,506,0.9100719424460432,517,0.9298561151079137,0.0673067692829215,0.0402985797392521,0.11461828625484889,12.772739908987088
l4dr,Pedestrian,radar:6-20,556,508,0.9136690647482014,517,0.9298561151079137,0.0669891897760383,0.04097768500095277,0.12071599617717772,12.766905942198672
objdec_clr,Pedestrian,radar:21+,431,410,0.951276102088167,415,0.962877030162413,0.061095997039796554,0.03917524945445177,0.12568305956154335,9.132912367111148
objdec_lr,Pedestrian,radar:21+,431,418,0.9698375870069605,419,0.9721577726218097,0.0630451200433013,0.03981760871467408,0.12326427060736424,9.135787160048952
asf,Pedestrian,radar:21+,431,416,0.9651972157772621,418,0.9698375870069605,0.06144904515307504,0.03979879402770446,0.12408096794612132,8.860227701988116
l4dr,Pedestrian,radar:21+,431,414,0.9605568445475638,418,0.9698375870069605,0.06498289508700082,0.037487204524054046,0.13149373823605873,10.170670872951522
objdec_clr,Cyclist,all,3364,3033,0.9016052318668252,3108,0.9239001189060642,0.10064689514253004,0.052994839543709454,0.158882058614007,5.099162569325784
objdec_lr,Cyclist,all,3364,3014,0.8959571938168847,3096,0.920332936979786,0.09739979969345462,0.051648616437276786,0.15723170521010923,5.216996795618837
asf,Cyclist,all,3364,3001,0.8920927467300832,3075,0.914090368608799,0.09786952757725033,0.05155684523624565,0.15677666628372666,5.065086563919559
l4dr,Cyclist,all,3364,2980,0.8858501783590963,3066,0.9114149821640903,0.09792478297018264,0.050492609209762326,0.15422961641878088,5.20405666744654
objdec_clr,Cyclist,range:0-30,1166,1113,0.9545454545454546,1117,0.9579759862778731,0.0888561955159438,0.039390104505679466,0.16250223649694162,4.463219354125049
objdec_lr,Cyclist,range:0-30,1166,1112,0.9536878216123499,1123,0.9631217838765008,0.08859616624448523,0.03760055591948598,0.16035990781492468,4.449678223101561
asf,Cyclist,range:0-30,1166,1117,0.9579759862778731,1126,0.9656946826758147,0.0886702198950422,0.03804995974687561,0.16172707891933813,4.5136421202241115
l4dr,Cyclist,range:0-30,1166,1095,0.9391080617495712,1106,0.9485420240137221,0.08997949921657845,0.03617687911203463,0.15705527546198944,4.620839367612331
objdec_clr,Cyclist,range:30-60,1716,1535,0.8945221445221445,1578,0.9195804195804196,0.10463789836458061,0.05560771699400212,0.15497247163169936,5.2780840214971505
objdec_lr,Cyclist,range:30-60,1716,1525,0.8886946386946387,1566,0.9125874125874126,0.10031552896567728,0.05587414913001608,0.1547796326387124,5.488070720115082
asf,Cyclist,range:30-60,1716,1516,0.8834498834498834,1563,0.9108391608391608,0.1010640928623731,0.05383927750064547,0.15230321459531154,5.216089481853438
l4dr,Cyclist,range:30-60,1716,1503,0.8758741258741258,1552,0.9044289044289044,0.10050186240197924,0.05335460824325572,0.15169406040303324,5.39226875055576
objdec_clr,Cyclist,range:60+,482,385,0.7987551867219918,413,0.8568464730290456,0.11882055420368039,0.08190731541676954,0.16400402753384083,6.224254437989077
objdec_lr,Cyclist,range:60+,482,377,0.7821576763485477,407,0.8443983402489627,0.11157261999879793,0.07599213351779655,0.15792361336614472,6.383762094776496
asf,Cyclist,range:60+,482,368,0.7634854771784232,386,0.8008298755186722,0.11263220613371865,0.08315201854819189,0.16017922564693118,6.116833900930579
l4dr,Cyclist,range:60+,482,382,0.7925311203319502,408,0.8464730290456431,0.11056021575606306,0.08026784457539389,0.15610617149562736,6.135313689449945
objdec_clr,Cyclist,lidar:0-5,46,4,0.08695652173913043,4,0.08695652173913043,0.16207739035598934,0.12495043873786926,0.2506987005472183,2.9550993304953597
objdec_lr,Cyclist,lidar:0-5,46,7,0.15217391304347827,7,0.15217391304347827,0.2085173837840557,0.060640692710876465,0.2628066710063389,3.083393603293163
asf,Cyclist,lidar:0-5,46,9,0.1956521739130435,10,0.21739130434782608,0.19902088079187605,0.08075801531473796,0.25199515289730495,4.976605400506316
l4dr,Cyclist,lidar:0-5,46,0,0.0,0,0.0,,,,
objdec_clr,Cyclist,lidar:6-20,204,111,0.5441176470588235,128,0.6274509803921569,0.13761852765329988,0.10037321469805262,0.1514432902808662,7.468331555619998
objdec_lr,Cyclist,lidar:6-20,204,107,0.5245098039215687,126,0.6176470588235294,0.112009865919424,0.0866305499433357,0.146622157542505,7.677443689992836
asf,Cyclist,lidar:6-20,204,107,0.5245098039215687,122,0.5980392156862745,0.12772191964333582,0.089211118834041,0.1613583018846601,7.85429158421444
l4dr,Cyclist,lidar:6-20,204,113,0.553921568627451,132,0.6470588235294118,0.11459504329162624,0.09138661833990992,0.14537232797757715,7.685412121913981
objdec_clr,Cyclist,lidar:21-100,1782,1614,0.9057239057239057,1667,0.9354657687991021,0.10888614739615082,0.05993012727331716,0.15874931127608488,5.6271633509413075
objdec_lr,Cyclist,lidar:21-100,1782,1597,0.8961840628507295,1652,0.9270482603815937,0.10411649789119112,0.059463494076494434,0.1543047281078943,5.876469415368795
asf,Cyclist,lidar:21-100,1782,1584,0.8888888888888888,1634,0.9169472502805837,0.10391274774655808,0.06023861329550996,0.15386358524362245,5.6802759546787485
l4dr,Cyclist,lidar:21-100,1782,1588,0.8911335578002245,1645,0.9231200897867564,0.1049848729817863,0.05881805121617143,0.15286806938930483,5.704788473317419
objdec_clr,Cyclist,lidar:101+,1332,1304,0.978978978978979,1309,0.9827327327327328,0.0871133626832561,0.040157127554065614,0.15939792588444576,4.250546951188671
objdec_lr,Cyclist,lidar:101+,1332,1303,0.9782282282282282,1311,0.9842342342342343,0.08737089163773848,0.03914948289246167,0.1611231704995162,4.2181400273207394
asf,Cyclist,lidar:101+,1332,1301,0.9767267267267268,1309,0.9827327327327328,0.08735682282845227,0.03768771501983889,0.15928790300832538,4.087293634124485
l4dr,Cyclist,lidar:101+,1332,1279,0.9602102102102102,1289,0.9677177177177178,0.08768618847858788,0.0365427851770146,0.1567026502551093,4.363122129465478
objdec_clr,Cyclist,radar:0,1530,1307,0.8542483660130719,1363,0.8908496732026144,0.1087973885041859,0.06256867443833446,0.15619930485869146,5.92405930578094
objdec_lr,Cyclist,radar:0,1530,1288,0.8418300653594771,1348,0.8810457516339869,0.10369890899209794,0.061682760611361596,0.1551142512178569,6.067080293698026
asf,Cyclist,radar:0,1530,1281,0.8372549019607843,1327,0.8673202614379085,0.10413872221467331,0.06136853869053463,0.15200726112102178,5.88740862073906
l4dr,Cyclist,radar:0,1530,1273,0.8320261437908497,1339,0.8751633986928105,0.10530493139835823,0.05975897080511534,0.1501817233620529,5.835802115773324
objdec_clr,Cyclist,radar:1-5,701,638,0.9101283880171184,651,0.9286733238231099,0.10258936099226362,0.054168123681810586,0.15796690628072685,4.948996142553519
objdec_lr,Cyclist,radar:1-5,701,635,0.905848787446505,650,0.927246790299572,0.09970206165994246,0.05465271795593848,0.15567683572844257,5.027533124643751
asf,Cyclist,radar:1-5,701,629,0.8972895863052782,646,0.9215406562054208,0.10212871830078324,0.052682988179791335,0.15945859923840328,4.925410138169862
l4dr,Cyclist,radar:1-5,701,625,0.891583452211127,637,0.9087018544935807,0.09962397124171257,0.05187216734886169,0.1537819827079773,5.168066629402868
objdec_clr,Cyclist,radar:6-20,582,551,0.9467353951890034,557,0.9570446735395189,0.09607559267073167,0.045034587383270264,0.16875536017755416,4.485171814485932
objdec_lr,Cyclist,radar:6-20,582,551,0.9467353951890034,557,0.9570446735395189,0.09484214469631576,0.04279046655782987,0.16655528783365517,4.688722739112002
asf,Cyclist,radar:6-20,582,549,0.9432989690721649,559,0.9604810996563574,0.09417378580543757,0.043120647985861384,0.16643840812811653,4.474799296043146
l4dr,Cyclist,radar:6-20,582,541,0.929553264604811,549,0.9432989690721649,0.09122673293503342,0.04446927032497145,0.16670414799903546,4.860416358061436
objdec_clr,Cyclist,radar:21+,551,537,0.9745916515426497,537,0.9745916515426497,0.08319214584298945,0.036466983776518754,0.156368161379958,3.899860989531691
objdec_lr,Cyclist,radar:21+,551,540,0.9800362976406534,541,0.9818511796733213,0.08227772335651228,0.033221317220617226,0.15459712898289715,3.951220667245597
asf,Cyclist,radar:21+,551,542,0.9836660617059891,543,0.985480943738657,0.0818530938818336,0.035605459745519714,0.15515005357590989,3.8815618906260707
l4dr,Cyclist,radar:21+,551,541,0.9818511796733213,541,0.9818511796733213,0.08529395755473353,0.033117977396177056,0.15179711613328972,4.102746548102065
